antibiotic,resistant_phenotype,evidence,genome_id,genome_name,laboratory_typing_method,testing_standard,taxon_id,measurement,measurement_unit,species
chloramphenicol,Susceptible,Laboratory Method,1351.1163,Enterococcus faecalis strain 16EA1,cation-adjusted Mueller-Hinton broth,CLSI,1351,,,Enterococcus faecalis
ciprofloxacin,Susceptible,Laboratory Method,1351.1163,Enterococcus faecalis strain 16EA1,cation-adjusted Mueller-Hinton broth,CLSI,1351,,,Enterococcus faecalis
daptomycin,Susceptible,Laboratory Method,1351.1163,Enterococcus faecalis strain 16EA1,cation-adjusted Mueller-Hinton broth,CLSI,1351,,,Enterococcus faecalis
erythromycin,Susceptible,Laboratory Method,1351.1163,Enterococcus faecalis strain 16EA1,cation-adjusted Mueller-Hinton broth,CLSI,1351,,,Enterococcus faecalis
gentamicin,Resistant,Laboratory Method,1351.1163,Enterococcus faecalis strain 16EA1,cation-adjusted Mueller-Hinton broth,CLSI,1351,,,Enterococcus faecalis
kanamycin,Resistant,Laboratory Method,1351.1163,Enterococcus faecalis strain 16EA1,cation-adjusted Mueller-Hinton broth,CLSI,1351,,,Enterococcus faecalis
lincomycin,Resistant,Laboratory Method,1351.1163,Enterococcus faecalis strain 16EA1,cation-adjusted Mueller-Hinton broth,CLSI,1351,,,Enterococcus faecalis
linezolid,Susceptible,Laboratory Method,1351.1163,Enterococcus faecalis strain 16EA1,cation-adjusted Mueller-Hinton broth,CLSI,1351,,,Enterococcus faecalis
penicillin,Susceptible,Laboratory Method,1351.1163,Enterococcus faecalis strain 16EA1,cation-adjusted Mueller-Hinton broth,CLSI,1351,,,Enterococcus faecalis
sulfamethazine,Susceptible,Laboratory Method,1351.1163,Enterococcus faecalis strain 16EA1,cation-adjusted Mueller-Hinton broth,CLSI,1351,,,Enterococcus faecalis
tetracycline,Susceptible,Laboratory Method,1351.1163,Enterococcus faecalis strain 16EA1,cation-adjusted Mueller-Hinton broth,CLSI,1351,,,Enterococcus faecalis
tgecycline,Susceptible,Laboratory Method,1351.1163,Enterococcus faecalis strain 16EA1,cation-adjusted Mueller-Hinton broth,CLSI,1351,,,Enterococcus faecalis
tylosin,Susceptible,Laboratory Method,1351.1163,Enterococcus faecalis strain 16EA1,cation-adjusted Mueller-Hinton broth,CLSI,1351,,,Enterococcus faecalis
vancomycin,Susceptible,Laboratory Method,1351.1163,Enterococcus faecalis strain 16EA1,cation-adjusted Mueller-Hinton broth,CLSI,1351,,,Enterococcus faecalis
virginiamycin,Resistant,Laboratory Method,1351.1163,Enterococcus faecalis strain 16EA1,cation-adjusted Mueller-Hinton broth,CLSI,1351,,,Enterococcus faecalis
chloramphenicol,Susceptible,Laboratory Method,1351.1164,Enterococcus faecalis strain 14EA1,cation-adjusted Mueller-Hinton broth,CLSI,1351,,,Enterococcus faecalis
ciprofloxacin,Susceptible,Laboratory Method,1351.1164,Enterococcus faecalis strain 14EA1,cation-adjusted Mueller-Hinton broth,CLSI,1351,,,Enterococcus faecalis
daptomycin,Susceptible,Laboratory Method,1351.1164,Enterococcus faecalis strain 14EA1,cation-adjusted Mueller-Hinton broth,CLSI,1351,,,Enterococcus faecalis
erythromycin,Susceptible,Laboratory Method,1351.1164,Enterococcus faecalis strain 14EA1,cation-adjusted Mueller-Hinton broth,CLSI,1351,,,Enterococcus faecalis
gentamicin,Susceptible,Laboratory Method,1351.1164,Enterococcus faecalis strain 14EA1,cation-adjusted Mueller-Hinton broth,CLSI,1351,,,Enterococcus faecalis
kanamycin,Susceptible,Laboratory Method,1351.1164,Enterococcus faecalis strain 14EA1,cation-adjusted Mueller-Hinton broth,CLSI,1351,,,Enterococcus faecalis
lincomycin,Resistant,Laboratory Method,1351.1164,Enterococcus faecalis strain 14EA1,cation-adjusted Mueller-Hinton broth,CLSI,1351,,,Enterococcus faecalis
linezolid,Susceptible,Laboratory Method,1351.1164,Enterococcus faecalis strain 14EA1,cation-adjusted Mueller-Hinton broth,CLSI,1351,,,Enterococcus faecalis
penicillin,Susceptible,Laboratory Method,1351.1164,Enterococcus faecalis strain 14EA1,cation-adjusted Mueller-Hinton broth,CLSI,1351,,,Enterococcus faecalis
sulfamethazine,Susceptible,Laboratory Method,1351.1164,Enterococcus faecalis strain 14EA1,cation-adjusted Mueller-Hinton broth,CLSI,1351,,,Enterococcus faecalis
tgecycline,Susceptible,Laboratory Method,1351.1164,Enterococcus faecalis strain 14EA1,cation-adjusted Mueller-Hinton broth,CLSI,1351,,,Enterococcus faecalis
tylosin,Susceptible,Laboratory Method,1351.1164,Enterococcus faecalis strain 14EA1,cation-adjusted Mueller-Hinton broth,CLSI,1351,,,Enterococcus faecalis
vancomycin,Susceptible,Laboratory Method,1351.1164,Enterococcus faecalis strain 14EA1,cation-adjusted Mueller-Hinton broth,CLSI,1351,,,Enterococcus faecalis
virginiamycin,Resistant,Laboratory Method,1351.1164,Enterococcus faecalis strain 14EA1,cation-adjusted Mueller-Hinton broth,CLSI,1351,,,Enterococcus faecalis
chloramphenicol,Susceptible,Laboratory Method,1351.1165,Enterococcus faecalis strain 182EA1,cation-adjusted Mueller-Hinton broth,CLSI,1351,,,Enterococcus faecalis
ciprofloxacin,Susceptible,Laboratory Method,1351.1165,Enterococcus faecalis strain 182EA1,cation-adjusted Mueller-Hinton broth,CLSI,1351,,,Enterococcus faecalis
daptomycin,Susceptible,Laboratory Method,1351.1165,Enterococcus faecalis strain 182EA1,cation-adjusted Mueller-Hinton broth,CLSI,1351,,,Enterococcus faecalis
erythromycin,Resistant,Laboratory Method,1351.1165,Enterococcus faecalis strain 182EA1,cation-adjusted Mueller-Hinton broth,CLSI,1351,,,Enterococcus faecalis
gentamicin,Resistant,Laboratory Method,1351.1165,Enterococcus faecalis strain 182EA1,cation-adjusted Mueller-Hinton broth,CLSI,1351,,,Enterococcus faecalis
kanamycin,Resistant,Laboratory Method,1351.1165,Enterococcus faecalis strain 182EA1,cation-adjusted Mueller-Hinton broth,CLSI,1351,,,Enterococcus faecalis
lincomycin,Resistant,Laboratory Method,1351.1165,Enterococcus faecalis strain 182EA1,cation-adjusted Mueller-Hinton broth,CLSI,1351,,,Enterococcus faecalis
linezolid,Susceptible,Laboratory Method,1351.1165,Enterococcus faecalis strain 182EA1,cation-adjusted Mueller-Hinton broth,CLSI,1351,,,Enterococcus faecalis
penicillin,Susceptible,Laboratory Method,1351.1165,Enterococcus faecalis strain 182EA1,cation-adjusted Mueller-Hinton broth,CLSI,1351,,,Enterococcus faecalis
sulfamethazine,Resistant,Laboratory Method,1351.1165,Enterococcus faecalis strain 182EA1,cation-adjusted Mueller-Hinton broth,CLSI,1351,,,Enterococcus faecalis
tetracycline,Resistant,Laboratory Method,1351.1165,Enterococcus faecalis strain 182EA1,cation-adjusted Mueller-Hinton broth,CLSI,1351,,,Enterococcus faecalis
tgecycline,Susceptible,Laboratory Method,1351.1165,Enterococcus faecalis strain 182EA1,cation-adjusted Mueller-Hinton broth,CLSI,1351,,,Enterococcus faecalis
tylosin,Resistant,Laboratory Method,1351.1165,Enterococcus faecalis strain 182EA1,cation-adjusted Mueller-Hinton broth,CLSI,1351,,,Enterococcus faecalis
vancomycin,Susceptible,Laboratory Method,1351.1165,Enterococcus faecalis strain 182EA1,cation-adjusted Mueller-Hinton broth,CLSI,1351,,,Enterococcus faecalis
virginiamycin,Resistant,Laboratory Method,1351.1165,Enterococcus faecalis strain 182EA1,cation-adjusted Mueller-Hinton broth,CLSI,1351,,,Enterococcus faecalis
chloramphenicol,Susceptible,Laboratory Method,1351.1166,Enterococcus faecalis strain 210AEA1,cation-adjusted Mueller-Hinton broth,CLSI,1351,,,Enterococcus faecalis
ciprofloxacin,Susceptible,Laboratory Method,1351.1166,Enterococcus faecalis strain 210AEA1,cation-adjusted Mueller-Hinton broth,CLSI,1351,,,Enterococcus faecalis
daptomycin,Susceptible,Laboratory Method,1351.1166,Enterococcus faecalis strain 210AEA1,cation-adjusted Mueller-Hinton broth,CLSI,1351,,,Enterococcus faecalis
erythromycin,Resistant,Laboratory Method,1351.1166,Enterococcus faecalis strain 210AEA1,cation-adjusted Mueller-Hinton broth,CLSI,1351,,,Enterococcus faecalis
gentamicin,Resistant,Laboratory Method,1351.1166,Enterococcus faecalis strain 210AEA1,cation-adjusted Mueller-Hinton broth,CLSI,1351,,,Enterococcus faecalis
kanamycin,Resistant,Laboratory Method,1351.1166,Enterococcus faecalis strain 210AEA1,cation-adjusted Mueller-Hinton broth,CLSI,1351,,,Enterococcus faecalis
lincomycin,Resistant,Laboratory Method,1351.1166,Enterococcus faecalis strain 210AEA1,cation-adjusted Mueller-Hinton broth,CLSI,1351,,,Enterococcus faecalis
linezolid,Susceptible,Laboratory Method,1351.1166,Enterococcus faecalis strain 210AEA1,cation-adjusted Mueller-Hinton broth,CLSI,1351,,,Enterococcus faecalis
penicillin,Susceptible,Laboratory Method,1351.1166,Enterococcus faecalis strain 210AEA1,cation-adjusted Mueller-Hinton broth,CLSI,1351,,,Enterococcus faecalis
sulfamethazine,Susceptible,Laboratory Method,1351.1166,Enterococcus faecalis strain 210AEA1,cation-adjusted Mueller-Hinton broth,CLSI,1351,,,Enterococcus faecalis
tetracycline,Resistant,Laboratory Method,1351.1166,Enterococcus faecalis strain 210AEA1,cation-adjusted Mueller-Hinton broth,CLSI,1351,,,Enterococcus faecalis
tgecycline,Susceptible,Laboratory Method,1351.1166,Enterococcus faecalis strain 210AEA1,cation-adjusted Mueller-Hinton broth,CLSI,1351,,,Enterococcus faecalis
tylosin,Resistant,Laboratory Method,1351.1166,Enterococcus faecalis strain 210AEA1,cation-adjusted Mueller-Hinton broth,CLSI,1351,,,Enterococcus faecalis
vancomycin,Susceptible,Laboratory Method,1351.1166,Enterococcus faecalis strain 210AEA1,cation-adjusted Mueller-Hinton broth,CLSI,1351,,,Enterococcus faecalis
virginiamycin,Resistant,Laboratory Method,1351.1166,Enterococcus faecalis strain 210AEA1,cation-adjusted Mueller-Hinton broth,CLSI,1351,,,Enterococcus faecalis
chloramphenicol,Susceptible,Laboratory Method,1351.1167,Enterococcus faecalis strain 209EA1,cation-adjusted Mueller-Hinton broth,CLSI,1351,,,Enterococcus faecalis
ciprofloxacin,Susceptible,Laboratory Method,1351.1167,Enterococcus faecalis strain 209EA1,cation-adjusted Mueller-Hinton broth,CLSI,1351,,,Enterococcus faecalis
daptomycin,Susceptible,Laboratory Method,1351.1167,Enterococcus faecalis strain 209EA1,cation-adjusted Mueller-Hinton broth,CLSI,1351,,,Enterococcus faecalis
erythromycin,Susceptible,Laboratory Method,1351.1167,Enterococcus faecalis strain 209EA1,cation-adjusted Mueller-Hinton broth,CLSI,1351,,,Enterococcus faecalis
gentamicin,Susceptible,Laboratory Method,1351.1167,Enterococcus faecalis strain 209EA1,cation-adjusted Mueller-Hinton broth,CLSI,1351,,,Enterococcus faecalis
kanamycin,Susceptible,Laboratory Method,1351.1167,Enterococcus faecalis strain 209EA1,cation-adjusted Mueller-Hinton broth,CLSI,1351,,,Enterococcus faecalis
lincomycin,Resistant,Laboratory Method,1351.1167,Enterococcus faecalis strain 209EA1,cation-adjusted Mueller-Hinton broth,CLSI,1351,,,Enterococcus faecalis
linezolid,Susceptible,Laboratory Method,1351.1167,Enterococcus faecalis strain 209EA1,cation-adjusted Mueller-Hinton broth,CLSI,1351,,,Enterococcus faecalis
penicillin,Susceptible,Laboratory Method,1351.1167,Enterococcus faecalis strain 209EA1,cation-adjusted Mueller-Hinton broth,CLSI,1351,,,Enterococcus faecalis
sulfamethazine,Resistant,Laboratory Method,1351.1167,Enterococcus faecalis strain 209EA1,cation-adjusted Mueller-Hinton broth,CLSI,1351,,,Enterococcus faecalis
tetracycline,Susceptible,Laboratory Method,1351.1167,Enterococcus faecalis strain 209EA1,cation-adjusted Mueller-Hinton broth,CLSI,1351,,,Enterococcus faecalis
tgecycline,Susceptible,Laboratory Method,1351.1167,Enterococcus faecalis strain 209EA1,cation-adjusted Mueller-Hinton broth,CLSI,1351,,,Enterococcus faecalis
tylosin,Susceptible,Laboratory Method,1351.1167,Enterococcus faecalis strain 209EA1,cation-adjusted Mueller-Hinton broth,CLSI,1351,,,Enterococcus faecalis
vancomycin,Susceptible,Laboratory Method,1351.1167,Enterococcus faecalis strain 209EA1,cation-adjusted Mueller-Hinton broth,CLSI,1351,,,Enterococcus faecalis
virginiamycin,Resistant,Laboratory Method,1351.1167,Enterococcus faecalis strain 209EA1,cation-adjusted Mueller-Hinton broth,CLSI,1351,,,Enterococcus faecalis
chloramphenicol,Susceptible,Laboratory Method,1351.1168,Enterococcus faecalis strain 234EA1,cation-adjusted Mueller-Hinton broth,CLSI,1351,,,Enterococcus faecalis
ciprofloxacin,Susceptible,Laboratory Method,1351.1168,Enterococcus faecalis strain 234EA1,cation-adjusted Mueller-Hinton broth,CLSI,1351,,,Enterococcus faecalis
daptomycin,Susceptible,Laboratory Method,1351.1168,Enterococcus faecalis strain 234EA1,cation-adjusted Mueller-Hinton broth,CLSI,1351,,,Enterococcus faecalis
erythromycin,Resistant,Laboratory Method,1351.1168,Enterococcus faecalis strain 234EA1,cation-adjusted Mueller-Hinton broth,CLSI,1351,,,Enterococcus faecalis
gentamicin,Resistant,Laboratory Method,1351.1168,Enterococcus faecalis strain 234EA1,cation-adjusted Mueller-Hinton broth,CLSI,1351,,,Enterococcus faecalis
kanamycin,Resistant,Laboratory Method,1351.1168,Enterococcus faecalis strain 234EA1,cation-adjusted Mueller-Hinton broth,CLSI,1351,,,Enterococcus faecalis
lincomycin,Resistant,Laboratory Method,1351.1168,Enterococcus faecalis strain 234EA1,cation-adjusted Mueller-Hinton broth,CLSI,1351,,,Enterococcus faecalis
linezolid,Susceptible,Laboratory Method,1351.1168,Enterococcus faecalis strain 234EA1,cation-adjusted Mueller-Hinton broth,CLSI,1351,,,Enterococcus faecalis
penicillin,Susceptible,Laboratory Method,1351.1168,Enterococcus faecalis strain 234EA1,cation-adjusted Mueller-Hinton broth,CLSI,1351,,,Enterococcus faecalis
sulfamethazine,Resistant,Laboratory Method,1351.1168,Enterococcus faecalis strain 234EA1,cation-adjusted Mueller-Hinton broth,CLSI,1351,,,Enterococcus faecalis
tetracycline,Resistant,Laboratory Method,1351.1168,Enterococcus faecalis strain 234EA1,cation-adjusted Mueller-Hinton broth,CLSI,1351,,,Enterococcus faecalis
tgecycline,Susceptible,Laboratory Method,1351.1168,Enterococcus faecalis strain 234EA1,cation-adjusted Mueller-Hinton broth,CLSI,1351,,,Enterococcus faecalis
tylosin,Resistant,Laboratory Method,1351.1168,Enterococcus faecalis strain 234EA1,cation-adjusted Mueller-Hinton broth,CLSI,1351,,,Enterococcus faecalis
vancomycin,Susceptible,Laboratory Method,1351.1168,Enterococcus faecalis strain 234EA1,cation-adjusted Mueller-Hinton broth,CLSI,1351,,,Enterococcus faecalis
virginiamycin,Resistant,Laboratory Method,1351.1168,Enterococcus faecalis strain 234EA1,cation-adjusted Mueller-Hinton broth,CLSI,1351,,,Enterococcus faecalis
chloramphenicol,Susceptible,Laboratory Method,1351.1169,Enterococcus faecalis strain 213EA1,cation-adjusted Mueller-Hinton broth,CLSI,1351,,,Enterococcus faecalis
ciprofloxacin,Susceptible,Laboratory Method,1351.1169,Enterococcus faecalis strain 213EA1,cation-adjusted Mueller-Hinton broth,CLSI,1351,,,Enterococcus faecalis
daptomycin,Susceptible,Laboratory Method,1351.1169,Enterococcus faecalis strain 213EA1,cation-adjusted Mueller-Hinton broth,CLSI,1351,,,Enterococcus faecalis
erythromycin,Susceptible,Laboratory Method,1351.1169,Enterococcus faecalis strain 213EA1,cation-adjusted Mueller-Hinton broth,CLSI,1351,,,Enterococcus faecalis
gentamicin,Susceptible,Laboratory Method,1351.1169,Enterococcus faecalis strain 213EA1,cation-adjusted Mueller-Hinton broth,CLSI,1351,,,Enterococcus faecalis
kanamycin,Susceptible,Laboratory Method,1351.1169,Enterococcus faecalis strain 213EA1,cation-adjusted Mueller-Hinton broth,CLSI,1351,,,Enterococcus faecalis
lincomycin,Resistant,Laboratory Method,1351.1169,Enterococcus faecalis strain 213EA1,cation-adjusted Mueller-Hinton broth,CLSI,1351,,,Enterococcus faecalis
linezolid,Susceptible,Laboratory Method,1351.1169,Enterococcus faecalis strain 213EA1,cation-adjusted Mueller-Hinton broth,CLSI,1351,,,Enterococcus faecalis
penicillin,Susceptible,Laboratory Method,1351.1169,Enterococcus faecalis strain 213EA1,cation-adjusted Mueller-Hinton broth,CLSI,1351,,,Enterococcus faecalis
sulfamethazine,Resistant,Laboratory Method,1351.1169,Enterococcus faecalis strain 213EA1,cation-adjusted Mueller-Hinton broth,CLSI,1351,,,Enterococcus faecalis
tetracycline,Resistant,Laboratory Method,1351.1169,Enterococcus faecalis strain 213EA1,cation-adjusted Mueller-Hinton broth,CLSI,1351,,,Enterococcus faecalis
tgecycline,Susceptible,Laboratory Method,1351.1169,Enterococcus faecalis strain 213EA1,cation-adjusted Mueller-Hinton broth,CLSI,1351,,,Enterococcus faecalis
tylosin,Susceptible,Laboratory Method,1351.1169,Enterococcus faecalis strain 213EA1,cation-adjusted Mueller-Hinton broth,CLSI,1351,,,Enterococcus faecalis
vancomycin,Susceptible,Laboratory Method,1351.1169,Enterococcus faecalis strain 213EA1,cation-adjusted Mueller-Hinton broth,CLSI,1351,,,Enterococcus faecalis
virginiamycin,Resistant,Laboratory Method,1351.1169,Enterococcus faecalis strain 213EA1,cation-adjusted Mueller-Hinton broth,CLSI,1351,,,Enterococcus faecalis
chloramphenicol,Susceptible,Laboratory Method,1351.1170,Enterococcus faecalis strain 250AEA1,cation-adjusted Mueller-Hinton broth,CLSI,1351,,,Enterococcus faecalis
ciprofloxacin,Susceptible,Laboratory Method,1351.1170,Enterococcus faecalis strain 250AEA1,cation-adjusted Mueller-Hinton broth,CLSI,1351,,,Enterococcus faecalis
daptomycin,Susceptible,Laboratory Method,1351.1170,Enterococcus faecalis strain 250AEA1,cation-adjusted Mueller-Hinton broth,CLSI,1351,,,Enterococcus faecalis
gentamicin,Susceptible,Laboratory Method,1351.1170,Enterococcus faecalis strain 250AEA1,cation-adjusted Mueller-Hinton broth,CLSI,1351,,,Enterococcus faecalis
kanamycin,Susceptible,Laboratory Method,1351.1170,Enterococcus faecalis strain 250AEA1,cation-adjusted Mueller-Hinton broth,CLSI,1351,,,Enterococcus faecalis
lincomycin,Resistant,Laboratory Method,1351.1170,Enterococcus faecalis strain 250AEA1,cation-adjusted Mueller-Hinton broth,CLSI,1351,,,Enterococcus faecalis
linezolid,Susceptible,Laboratory Method,1351.1170,Enterococcus faecalis strain 250AEA1,cation-adjusted Mueller-Hinton broth,CLSI,1351,,,Enterococcus faecalis
penicillin,Susceptible,Laboratory Method,1351.1170,Enterococcus faecalis strain 250AEA1,cation-adjusted Mueller-Hinton broth,CLSI,1351,,,Enterococcus faecalis
sulfamethazine,Susceptible,Laboratory Method,1351.1170,Enterococcus faecalis strain 250AEA1,cation-adjusted Mueller-Hinton broth,CLSI,1351,,,Enterococcus faecalis
tetracycline,Resistant,Laboratory Method,1351.1170,Enterococcus faecalis strain 250AEA1,cation-adjusted Mueller-Hinton broth,CLSI,1351,,,Enterococcus faecalis
tgecycline,Susceptible,Laboratory Method,1351.1170,Enterococcus faecalis strain 250AEA1,cation-adjusted Mueller-Hinton broth,CLSI,1351,,,Enterococcus faecalis
tylosin,Susceptible,Laboratory Method,1351.1170,Enterococcus faecalis strain 250AEA1,cation-adjusted Mueller-Hinton broth,CLSI,1351,,,Enterococcus faecalis
vancomycin,Susceptible,Laboratory Method,1351.1170,Enterococcus faecalis strain 250AEA1,cation-adjusted Mueller-Hinton broth,CLSI,1351,,,Enterococcus faecalis
virginiamycin,Resistant,Laboratory Method,1351.1170,Enterococcus faecalis strain 250AEA1,cation-adjusted Mueller-Hinton broth,CLSI,1351,,,Enterococcus faecalis
chloramphenicol,Susceptible,Laboratory Method,1351.1171,Enterococcus faecalis strain 236EA1,cation-adjusted Mueller-Hinton broth,CLSI,1351,,,Enterococcus faecalis
ciprofloxacin,Susceptible,Laboratory Method,1351.1171,Enterococcus faecalis strain 236EA1,cation-adjusted Mueller-Hinton broth,CLSI,1351,,,Enterococcus faecalis
daptomycin,Susceptible,Laboratory Method,1351.1171,Enterococcus faecalis strain 236EA1,cation-adjusted Mueller-Hinton broth,CLSI,1351,,,Enterococcus faecalis
gentamicin,Susceptible,Laboratory Method,1351.1171,Enterococcus faecalis strain 236EA1,cation-adjusted Mueller-Hinton broth,CLSI,1351,,,Enterococcus faecalis
kanamycin,Susceptible,Laboratory Method,1351.1171,Enterococcus faecalis strain 236EA1,cation-adjusted Mueller-Hinton broth,CLSI,1351,,,Enterococcus faecalis
lincomycin,Resistant,Laboratory Method,1351.1171,Enterococcus faecalis strain 236EA1,cation-adjusted Mueller-Hinton broth,CLSI,1351,,,Enterococcus faecalis
linezolid,Susceptible,Laboratory Method,1351.1171,Enterococcus faecalis strain 236EA1,cation-adjusted Mueller-Hinton broth,CLSI,1351,,,Enterococcus faecalis
penicillin,Susceptible,Laboratory Method,1351.1171,Enterococcus faecalis strain 236EA1,cation-adjusted Mueller-Hinton broth,CLSI,1351,,,Enterococcus faecalis
sulfamethazine,Resistant,Laboratory Method,1351.1171,Enterococcus faecalis strain 236EA1,cation-adjusted Mueller-Hinton broth,CLSI,1351,,,Enterococcus faecalis
tetracycline,Susceptible,Laboratory Method,1351.1171,Enterococcus faecalis strain 236EA1,cation-adjusted Mueller-Hinton broth,CLSI,1351,,,Enterococcus faecalis
tgecycline,Susceptible,Laboratory Method,1351.1171,Enterococcus faecalis strain 236EA1,cation-adjusted Mueller-Hinton broth,CLSI,1351,,,Enterococcus faecalis
tylosin,Susceptible,Laboratory Method,1351.1171,Enterococcus faecalis strain 236EA1,cation-adjusted Mueller-Hinton broth,CLSI,1351,,,Enterococcus faecalis
vancomycin,Susceptible,Laboratory Method,1351.1171,Enterococcus faecalis strain 236EA1,cation-adjusted Mueller-Hinton broth,CLSI,1351,,,Enterococcus faecalis
virginiamycin,Resistant,Laboratory Method,1351.1171,Enterococcus faecalis strain 236EA1,cation-adjusted Mueller-Hinton broth,CLSI,1351,,,Enterococcus faecalis
chloramphenicol,Susceptible,Laboratory Method,1351.1172,Enterococcus faecalis strain 257EA1,cation-adjusted Mueller-Hinton broth,CLSI,1351,,,Enterococcus faecalis
ciprofloxacin,Susceptible,Laboratory Method,1351.1172,Enterococcus faecalis strain 257EA1,cation-adjusted Mueller-Hinton broth,CLSI,1351,,,Enterococcus faecalis
daptomycin,Susceptible,Laboratory Method,1351.1172,Enterococcus faecalis strain 257EA1,cation-adjusted Mueller-Hinton broth,CLSI,1351,,,Enterococcus faecalis
erythromycin,Susceptible,Laboratory Method,1351.1172,Enterococcus faecalis strain 257EA1,cation-adjusted Mueller-Hinton broth,CLSI,1351,,,Enterococcus faecalis
gentamicin,Susceptible,Laboratory Method,1351.1172,Enterococcus faecalis strain 257EA1,cation-adjusted Mueller-Hinton broth,CLSI,1351,,,Enterococcus faecalis
kanamycin,Susceptible,Laboratory Method,1351.1172,Enterococcus faecalis strain 257EA1,cation-adjusted Mueller-Hinton broth,CLSI,1351,,,Enterococcus faecalis
lincomycin,Resistant,Laboratory Method,1351.1172,Enterococcus faecalis strain 257EA1,cation-adjusted Mueller-Hinton broth,CLSI,1351,,,Enterococcus faecalis
linezolid,Susceptible,Laboratory Method,1351.1172,Enterococcus faecalis strain 257EA1,cation-adjusted Mueller-Hinton broth,CLSI,1351,,,Enterococcus faecalis
penicillin,Susceptible,Laboratory Method,1351.1172,Enterococcus faecalis strain 257EA1,cation-adjusted Mueller-Hinton broth,CLSI,1351,,,Enterococcus faecalis
sulfamethazine,Susceptible,Laboratory Method,1351.1172,Enterococcus faecalis strain 257EA1,cation-adjusted Mueller-Hinton broth,CLSI,1351,,,Enterococcus faecalis
tetracycline,Resistant,Laboratory Method,1351.1172,Enterococcus faecalis strain 257EA1,cation-adjusted Mueller-Hinton broth,CLSI,1351,,,Enterococcus faecalis
tgecycline,Susceptible,Laboratory Method,1351.1172,Enterococcus faecalis strain 257EA1,cation-adjusted Mueller-Hinton broth,CLSI,1351,,,Enterococcus faecalis
tylosin,Susceptible,Laboratory Method,1351.1172,Enterococcus faecalis strain 257EA1,cation-adjusted Mueller-Hinton broth,CLSI,1351,,,Enterococcus faecalis
vancomycin,Susceptible,Laboratory Method,1351.1172,Enterococcus faecalis strain 257EA1,cation-adjusted Mueller-Hinton broth,CLSI,1351,,,Enterococcus faecalis
virginiamycin,Resistant,Laboratory Method,1351.1172,Enterococcus faecalis strain 257EA1,cation-adjusted Mueller-Hinton broth,CLSI,1351,,,Enterococcus faecalis
chloramphenicol,Susceptible,Laboratory Method,1351.1173,Enterococcus faecalis strain 262EA1,cation-adjusted Mueller-Hinton broth,CLSI,1351,,,Enterococcus faecalis
ciprofloxacin,Susceptible,Laboratory Method,1351.1173,Enterococcus faecalis strain 262EA1,cation-adjusted Mueller-Hinton broth,CLSI,1351,,,Enterococcus faecalis
daptomycin,Susceptible,Laboratory Method,1351.1173,Enterococcus faecalis strain 262EA1,cation-adjusted Mueller-Hinton broth,CLSI,1351,,,Enterococcus faecalis
gentamicin,Susceptible,Laboratory Method,1351.1173,Enterococcus faecalis strain 262EA1,cation-adjusted Mueller-Hinton broth,CLSI,1351,,,Enterococcus faecalis
kanamycin,Susceptible,Laboratory Method,1351.1173,Enterococcus faecalis strain 262EA1,cation-adjusted Mueller-Hinton broth,CLSI,1351,,,Enterococcus faecalis
lincomycin,Resistant,Laboratory Method,1351.1173,Enterococcus faecalis strain 262EA1,cation-adjusted Mueller-Hinton broth,CLSI,1351,,,Enterococcus faecalis
linezolid,Susceptible,Laboratory Method,1351.1173,Enterococcus faecalis strain 262EA1,cation-adjusted Mueller-Hinton broth,CLSI,1351,,,Enterococcus faecalis
penicillin,Susceptible,Laboratory Method,1351.1173,Enterococcus faecalis strain 262EA1,cation-adjusted Mueller-Hinton broth,CLSI,1351,,,Enterococcus faecalis
sulfamethazine,Resistant,Laboratory Method,1351.1173,Enterococcus faecalis strain 262EA1,cation-adjusted Mueller-Hinton broth,CLSI,1351,,,Enterococcus faecalis
tetracycline,Susceptible,Laboratory Method,1351.1173,Enterococcus faecalis strain 262EA1,cation-adjusted Mueller-Hinton broth,CLSI,1351,,,Enterococcus faecalis
tgecycline,Susceptible,Laboratory Method,1351.1173,Enterococcus faecalis strain 262EA1,cation-adjusted Mueller-Hinton broth,CLSI,1351,,,Enterococcus faecalis
tylosin,Susceptible,Laboratory Method,1351.1173,Enterococcus faecalis strain 262EA1,cation-adjusted Mueller-Hinton broth,CLSI,1351,,,Enterococcus faecalis
vancomycin,Susceptible,Laboratory Method,1351.1173,Enterococcus faecalis strain 262EA1,cation-adjusted Mueller-Hinton broth,CLSI,1351,,,Enterococcus faecalis
virginiamycin,Resistant,Laboratory Method,1351.1173,Enterococcus faecalis strain 262EA1,cation-adjusted Mueller-Hinton broth,CLSI,1351,,,Enterococcus faecalis
chloramphenicol,Susceptible,Laboratory Method,1351.1174,Enterococcus faecalis strain 277EA1,cation-adjusted Mueller-Hinton broth,CLSI,1351,,,Enterococcus faecalis
ciprofloxacin,Susceptible,Laboratory Method,1351.1174,Enterococcus faecalis strain 277EA1,cation-adjusted Mueller-Hinton broth,CLSI,1351,,,Enterococcus faecalis
daptomycin,Susceptible,Laboratory Method,1351.1174,Enterococcus faecalis strain 277EA1,cation-adjusted Mueller-Hinton broth,CLSI,1351,,,Enterococcus faecalis
gentamicin,Susceptible,Laboratory Method,1351.1174,Enterococcus faecalis strain 277EA1,cation-adjusted Mueller-Hinton broth,CLSI,1351,,,Enterococcus faecalis
kanamycin,Susceptible,Laboratory Method,1351.1174,Enterococcus faecalis strain 277EA1,cation-adjusted Mueller-Hinton broth,CLSI,1351,,,Enterococcus faecalis
lincomycin,Resistant,Laboratory Method,1351.1174,Enterococcus faecalis strain 277EA1,cation-adjusted Mueller-Hinton broth,CLSI,1351,,,Enterococcus faecalis
linezolid,Susceptible,Laboratory Method,1351.1174,Enterococcus faecalis strain 277EA1,cation-adjusted Mueller-Hinton broth,CLSI,1351,,,Enterococcus faecalis
penicillin,Susceptible,Laboratory Method,1351.1174,Enterococcus faecalis strain 277EA1,cation-adjusted Mueller-Hinton broth,CLSI,1351,,,Enterococcus faecalis
sulfamethazine,Resistant,Laboratory Method,1351.1174,Enterococcus faecalis strain 277EA1,cation-adjusted Mueller-Hinton broth,CLSI,1351,,,Enterococcus faecalis
tetracycline,Susceptible,Laboratory Method,1351.1174,Enterococcus faecalis strain 277EA1,cation-adjusted Mueller-Hinton broth,CLSI,1351,,,Enterococcus faecalis
tgecycline,Susceptible,Laboratory Method,1351.1174,Enterococcus faecalis strain 277EA1,cation-adjusted Mueller-Hinton broth,CLSI,1351,,,Enterococcus faecalis
tylosin,Susceptible,Laboratory Method,1351.1174,Enterococcus faecalis strain 277EA1,cation-adjusted Mueller-Hinton broth,CLSI,1351,,,Enterococcus faecalis
vancomycin,Susceptible,Laboratory Method,1351.1174,Enterococcus faecalis strain 277EA1,cation-adjusted Mueller-Hinton broth,CLSI,1351,,,Enterococcus faecalis
virginiamycin,Resistant,Laboratory Method,1351.1174,Enterococcus faecalis strain 277EA1,cation-adjusted Mueller-Hinton broth,CLSI,1351,,,Enterococcus faecalis
chloramphenicol,Susceptible,Laboratory Method,1351.1175,Enterococcus faecalis strain 263EA1,cation-adjusted Mueller-Hinton broth,CLSI,1351,,,Enterococcus faecalis
ciprofloxacin,Susceptible,Laboratory Method,1351.1175,Enterococcus faecalis strain 263EA1,cation-adjusted Mueller-Hinton broth,CLSI,1351,,,Enterococcus faecalis
daptomycin,Susceptible,Laboratory Method,1351.1175,Enterococcus faecalis strain 263EA1,cation-adjusted Mueller-Hinton broth,CLSI,1351,,,Enterococcus faecalis
erythromycin,Susceptible,Laboratory Method,1351.1175,Enterococcus faecalis strain 263EA1,cation-adjusted Mueller-Hinton broth,CLSI,1351,,,Enterococcus faecalis
gentamicin,Susceptible,Laboratory Method,1351.1175,Enterococcus faecalis strain 263EA1,cation-adjusted Mueller-Hinton broth,CLSI,1351,,,Enterococcus faecalis
kanamycin,Susceptible,Laboratory Method,1351.1175,Enterococcus faecalis strain 263EA1,cation-adjusted Mueller-Hinton broth,CLSI,1351,,,Enterococcus faecalis
lincomycin,Resistant,Laboratory Method,1351.1175,Enterococcus faecalis strain 263EA1,cation-adjusted Mueller-Hinton broth,CLSI,1351,,,Enterococcus faecalis
linezolid,Susceptible,Laboratory Method,1351.1175,Enterococcus faecalis strain 263EA1,cation-adjusted Mueller-Hinton broth,CLSI,1351,,,Enterococcus faecalis
penicillin,Susceptible,Laboratory Method,1351.1175,Enterococcus faecalis strain 263EA1,cation-adjusted Mueller-Hinton broth,CLSI,1351,,,Enterococcus faecalis
sulfamethazine,Resistant,Laboratory Method,1351.1175,Enterococcus faecalis strain 263EA1,cation-adjusted Mueller-Hinton broth,CLSI,1351,,,Enterococcus faecalis
tetracycline,Susceptible,Laboratory Method,1351.1175,Enterococcus faecalis strain 263EA1,cation-adjusted Mueller-Hinton broth,CLSI,1351,,,Enterococcus faecalis
tgecycline,Susceptible,Laboratory Method,1351.1175,Enterococcus faecalis strain 263EA1,cation-adjusted Mueller-Hinton broth,CLSI,1351,,,Enterococcus faecalis
tylosin,Susceptible,Laboratory Method,1351.1175,Enterococcus faecalis strain 263EA1,cation-adjusted Mueller-Hinton broth,CLSI,1351,,,Enterococcus faecalis
vancomycin,Susceptible,Laboratory Method,1351.1175,Enterococcus faecalis strain 263EA1,cation-adjusted Mueller-Hinton broth,CLSI,1351,,,Enterococcus faecalis
virginiamycin,Resistant,Laboratory Method,1351.1175,Enterococcus faecalis strain 263EA1,cation-adjusted Mueller-Hinton broth,CLSI,1351,,,Enterococcus faecalis
chloramphenicol,Susceptible,Laboratory Method,1351.1176,Enterococcus faecalis strain 270AEA1,cation-adjusted Mueller-Hinton broth,CLSI,1351,,,Enterococcus faecalis
ciprofloxacin,Susceptible,Laboratory Method,1351.1176,Enterococcus faecalis strain 270AEA1,cation-adjusted Mueller-Hinton broth,CLSI,1351,,,Enterococcus faecalis
daptomycin,Susceptible,Laboratory Method,1351.1176,Enterococcus faecalis strain 270AEA1,cation-adjusted Mueller-Hinton broth,CLSI,1351,,,Enterococcus faecalis
erythromycin,Resistant,Laboratory Method,1351.1176,Enterococcus faecalis strain 270AEA1,cation-adjusted Mueller-Hinton broth,CLSI,1351,,,Enterococcus faecalis
gentamicin,Resistant,Laboratory Method,1351.1176,Enterococcus faecalis strain 270AEA1,cation-adjusted Mueller-Hinton broth,CLSI,1351,,,Enterococcus faecalis
kanamycin,Resistant,Laboratory Method,1351.1176,Enterococcus faecalis strain 270AEA1,cation-adjusted Mueller-Hinton broth,CLSI,1351,,,Enterococcus faecalis
lincomycin,Resistant,Laboratory Method,1351.1176,Enterococcus faecalis strain 270AEA1,cation-adjusted Mueller-Hinton broth,CLSI,1351,,,Enterococcus faecalis
linezolid,Susceptible,Laboratory Method,1351.1176,Enterococcus faecalis strain 270AEA1,cation-adjusted Mueller-Hinton broth,CLSI,1351,,,Enterococcus faecalis
penicillin,Susceptible,Laboratory Method,1351.1176,Enterococcus faecalis strain 270AEA1,cation-adjusted Mueller-Hinton broth,CLSI,1351,,,Enterococcus faecalis
sulfamethazine,Susceptible,Laboratory Method,1351.1176,Enterococcus faecalis strain 270AEA1,cation-adjusted Mueller-Hinton broth,CLSI,1351,,,Enterococcus faecalis
tetracycline,Resistant,Laboratory Method,1351.1176,Enterococcus faecalis strain 270AEA1,cation-adjusted Mueller-Hinton broth,CLSI,1351,,,Enterococcus faecalis
tgecycline,Susceptible,Laboratory Method,1351.1176,Enterococcus faecalis strain 270AEA1,cation-adjusted Mueller-Hinton broth,CLSI,1351,,,Enterococcus faecalis
tylosin,Resistant,Laboratory Method,1351.1176,Enterococcus faecalis strain 270AEA1,cation-adjusted Mueller-Hinton broth,CLSI,1351,,,Enterococcus faecalis
vancomycin,Susceptible,Laboratory Method,1351.1176,Enterococcus faecalis strain 270AEA1,cation-adjusted Mueller-Hinton broth,CLSI,1351,,,Enterococcus faecalis
virginiamycin,Resistant,Laboratory Method,1351.1176,Enterococcus faecalis strain 270AEA1,cation-adjusted Mueller-Hinton broth,CLSI,1351,,,Enterococcus faecalis
chloramphenicol,Susceptible,Laboratory Method,1351.1177,Enterococcus faecalis strain 294EA1,cation-adjusted Mueller-Hinton broth,CLSI,1351,,,Enterococcus faecalis
ciprofloxacin,Susceptible,Laboratory Method,1351.1177,Enterococcus faecalis strain 294EA1,cation-adjusted Mueller-Hinton broth,CLSI,1351,,,Enterococcus faecalis
daptomycin,Susceptible,Laboratory Method,1351.1177,Enterococcus faecalis strain 294EA1,cation-adjusted Mueller-Hinton broth,CLSI,1351,,,Enterococcus faecalis
gentamicin,Susceptible,Laboratory Method,1351.1177,Enterococcus faecalis strain 294EA1,cation-adjusted Mueller-Hinton broth,CLSI,1351,,,Enterococcus faecalis
kanamycin,Susceptible,Laboratory Method,1351.1177,Enterococcus faecalis strain 294EA1,cation-adjusted Mueller-Hinton broth,CLSI,1351,,,Enterococcus faecalis
lincomycin,Resistant,Laboratory Method,1351.1177,Enterococcus faecalis strain 294EA1,cation-adjusted Mueller-Hinton broth,CLSI,1351,,,Enterococcus faecalis
linezolid,Susceptible,Laboratory Method,1351.1177,Enterococcus faecalis strain 294EA1,cation-adjusted Mueller-Hinton broth,CLSI,1351,,,Enterococcus faecalis
penicillin,Susceptible,Laboratory Method,1351.1177,Enterococcus faecalis strain 294EA1,cation-adjusted Mueller-Hinton broth,CLSI,1351,,,Enterococcus faecalis
sulfamethazine,Resistant,Laboratory Method,1351.1177,Enterococcus faecalis strain 294EA1,cation-adjusted Mueller-Hinton broth,CLSI,1351,,,Enterococcus faecalis
tetracycline,Susceptible,Laboratory Method,1351.1177,Enterococcus faecalis strain 294EA1,cation-adjusted Mueller-Hinton broth,CLSI,1351,,,Enterococcus faecalis
tgecycline,Susceptible,Laboratory Method,1351.1177,Enterococcus faecalis strain 294EA1,cation-adjusted Mueller-Hinton broth,CLSI,1351,,,Enterococcus faecalis
tylosin,Susceptible,Laboratory Method,1351.1177,Enterococcus faecalis strain 294EA1,cation-adjusted Mueller-Hinton broth,CLSI,1351,,,Enterococcus faecalis
vancomycin,Susceptible,Laboratory Method,1351.1177,Enterococcus faecalis strain 294EA1,cation-adjusted Mueller-Hinton broth,CLSI,1351,,,Enterococcus faecalis
virginiamycin,Resistant,Laboratory Method,1351.1177,Enterococcus faecalis strain 294EA1,cation-adjusted Mueller-Hinton broth,CLSI,1351,,,Enterococcus faecalis
chloramphenicol,Susceptible,Laboratory Method,1351.1179,Enterococcus faecalis strain 2EA1,cation-adjusted Mueller-Hinton broth,CLSI,1351,,,Enterococcus faecalis
ciprofloxacin,Susceptible,Laboratory Method,1351.1179,Enterococcus faecalis strain 2EA1,cation-adjusted Mueller-Hinton broth,CLSI,1351,,,Enterococcus faecalis
daptomycin,Susceptible,Laboratory Method,1351.1179,Enterococcus faecalis strain 2EA1,cation-adjusted Mueller-Hinton broth,CLSI,1351,,,Enterococcus faecalis
erythromycin,Susceptible,Laboratory Method,1351.1179,Enterococcus faecalis strain 2EA1,cation-adjusted Mueller-Hinton broth,CLSI,1351,,,Enterococcus faecalis
gentamicin,Susceptible,Laboratory Method,1351.1179,Enterococcus faecalis strain 2EA1,cation-adjusted Mueller-Hinton broth,CLSI,1351,,,Enterococcus faecalis
kanamycin,Susceptible,Laboratory Method,1351.1179,Enterococcus faecalis strain 2EA1,cation-adjusted Mueller-Hinton broth,CLSI,1351,,,Enterococcus faecalis
lincomycin,Resistant,Laboratory Method,1351.1179,Enterococcus faecalis strain 2EA1,cation-adjusted Mueller-Hinton broth,CLSI,1351,,,Enterococcus faecalis
linezolid,Susceptible,Laboratory Method,1351.1179,Enterococcus faecalis strain 2EA1,cation-adjusted Mueller-Hinton broth,CLSI,1351,,,Enterococcus faecalis
penicillin,Susceptible,Laboratory Method,1351.1179,Enterococcus faecalis strain 2EA1,cation-adjusted Mueller-Hinton broth,CLSI,1351,,,Enterococcus faecalis
sulfamethazine,Resistant,Laboratory Method,1351.1179,Enterococcus faecalis strain 2EA1,cation-adjusted Mueller-Hinton broth,CLSI,1351,,,Enterococcus faecalis
tetracycline,Resistant,Laboratory Method,1351.1179,Enterococcus faecalis strain 2EA1,cation-adjusted Mueller-Hinton broth,CLSI,1351,,,Enterococcus faecalis
tgecycline,Susceptible,Laboratory Method,1351.1179,Enterococcus faecalis strain 2EA1,cation-adjusted Mueller-Hinton broth,CLSI,1351,,,Enterococcus faecalis
tylosin,Susceptible,Laboratory Method,1351.1179,Enterococcus faecalis strain 2EA1,cation-adjusted Mueller-Hinton broth,CLSI,1351,,,Enterococcus faecalis
vancomycin,Susceptible,Laboratory Method,1351.1179,Enterococcus faecalis strain 2EA1,cation-adjusted Mueller-Hinton broth,CLSI,1351,,,Enterococcus faecalis
virginiamycin,Resistant,Laboratory Method,1351.1179,Enterococcus faecalis strain 2EA1,cation-adjusted Mueller-Hinton broth,CLSI,1351,,,Enterococcus faecalis
chloramphenicol,Susceptible,Laboratory Method,1351.1180,Enterococcus faecalis strain 300AEA1,cation-adjusted Mueller-Hinton broth,CLSI,1351,,,Enterococcus faecalis
ciprofloxacin,Susceptible,Laboratory Method,1351.1180,Enterococcus faecalis strain 300AEA1,cation-adjusted Mueller-Hinton broth,CLSI,1351,,,Enterococcus faecalis
daptomycin,Susceptible,Laboratory Method,1351.1180,Enterococcus faecalis strain 300AEA1,cation-adjusted Mueller-Hinton broth,CLSI,1351,,,Enterococcus faecalis
erythromycin,Susceptible,Laboratory Method,1351.1180,Enterococcus faecalis strain 300AEA1,cation-adjusted Mueller-Hinton broth,CLSI,1351,,,Enterococcus faecalis
gentamicin,Susceptible,Laboratory Method,1351.1180,Enterococcus faecalis strain 300AEA1,cation-adjusted Mueller-Hinton broth,CLSI,1351,,,Enterococcus faecalis
kanamycin,Susceptible,Laboratory Method,1351.1180,Enterococcus faecalis strain 300AEA1,cation-adjusted Mueller-Hinton broth,CLSI,1351,,,Enterococcus faecalis
lincomycin,Resistant,Laboratory Method,1351.1180,Enterococcus faecalis strain 300AEA1,cation-adjusted Mueller-Hinton broth,CLSI,1351,,,Enterococcus faecalis
linezolid,Susceptible,Laboratory Method,1351.1180,Enterococcus faecalis strain 300AEA1,cation-adjusted Mueller-Hinton broth,CLSI,1351,,,Enterococcus faecalis
penicillin,Susceptible,Laboratory Method,1351.1180,Enterococcus faecalis strain 300AEA1,cation-adjusted Mueller-Hinton broth,CLSI,1351,,,Enterococcus faecalis
sulfamethazine,Resistant,Laboratory Method,1351.1180,Enterococcus faecalis strain 300AEA1,cation-adjusted Mueller-Hinton broth,CLSI,1351,,,Enterococcus faecalis
tetracycline,Susceptible,Laboratory Method,1351.1180,Enterococcus faecalis strain 300AEA1,cation-adjusted Mueller-Hinton broth,CLSI,1351,,,Enterococcus faecalis
tgecycline,Susceptible,Laboratory Method,1351.1180,Enterococcus faecalis strain 300AEA1,cation-adjusted Mueller-Hinton broth,CLSI,1351,,,Enterococcus faecalis
tylosin,Susceptible,Laboratory Method,1351.1180,Enterococcus faecalis strain 300AEA1,cation-adjusted Mueller-Hinton broth,CLSI,1351,,,Enterococcus faecalis
vancomycin,Susceptible,Laboratory Method,1351.1180,Enterococcus faecalis strain 300AEA1,cation-adjusted Mueller-Hinton broth,CLSI,1351,,,Enterococcus faecalis
virginiamycin,Resistant,Laboratory Method,1351.1180,Enterococcus faecalis strain 300AEA1,cation-adjusted Mueller-Hinton broth,CLSI,1351,,,Enterococcus faecalis
chloramphenicol,Susceptible,Laboratory Method,1351.1181,Enterococcus faecalis strain 315EA1,cation-adjusted Mueller-Hinton broth,CLSI,1351,,,Enterococcus faecalis
ciprofloxacin,Susceptible,Laboratory Method,1351.1181,Enterococcus faecalis strain 315EA1,cation-adjusted Mueller-Hinton broth,CLSI,1351,,,Enterococcus faecalis
daptomycin,Susceptible,Laboratory Method,1351.1181,Enterococcus faecalis strain 315EA1,cation-adjusted Mueller-Hinton broth,CLSI,1351,,,Enterococcus faecalis
erythromycin,Susceptible,Laboratory Method,1351.1181,Enterococcus faecalis strain 315EA1,cation-adjusted Mueller-Hinton broth,CLSI,1351,,,Enterococcus faecalis
gentamicin,Susceptible,Laboratory Method,1351.1181,Enterococcus faecalis strain 315EA1,cation-adjusted Mueller-Hinton broth,CLSI,1351,,,Enterococcus faecalis
kanamycin,Susceptible,Laboratory Method,1351.1181,Enterococcus faecalis strain 315EA1,cation-adjusted Mueller-Hinton broth,CLSI,1351,,,Enterococcus faecalis
lincomycin,Resistant,Laboratory Method,1351.1181,Enterococcus faecalis strain 315EA1,cation-adjusted Mueller-Hinton broth,CLSI,1351,,,Enterococcus faecalis
linezolid,Susceptible,Laboratory Method,1351.1181,Enterococcus faecalis strain 315EA1,cation-adjusted Mueller-Hinton broth,CLSI,1351,,,Enterococcus faecalis
penicillin,Susceptible,Laboratory Method,1351.1181,Enterococcus faecalis strain 315EA1,cation-adjusted Mueller-Hinton broth,CLSI,1351,,,Enterococcus faecalis
sulfamethazine,Susceptible,Laboratory Method,1351.1181,Enterococcus faecalis strain 315EA1,cation-adjusted Mueller-Hinton broth,CLSI,1351,,,Enterococcus faecalis
tetracycline,Susceptible,Laboratory Method,1351.1181,Enterococcus faecalis strain 315EA1,cation-adjusted Mueller-Hinton broth,CLSI,1351,,,Enterococcus faecalis
tgecycline,Susceptible,Laboratory Method,1351.1181,Enterococcus faecalis strain 315EA1,cation-adjusted Mueller-Hinton broth,CLSI,1351,,,Enterococcus faecalis
tylosin,Susceptible,Laboratory Method,1351.1181,Enterococcus faecalis strain 315EA1,cation-adjusted Mueller-Hinton broth,CLSI,1351,,,Enterococcus faecalis
vancomycin,Susceptible,Laboratory Method,1351.1181,Enterococcus faecalis strain 315EA1,cation-adjusted Mueller-Hinton broth,CLSI,1351,,,Enterococcus faecalis
virginiamycin,Resistant,Laboratory Method,1351.1181,Enterococcus faecalis strain 315EA1,cation-adjusted Mueller-Hinton broth,CLSI,1351,,,Enterococcus faecalis
chloramphenicol,Susceptible,Laboratory Method,1351.1182,Enterococcus faecalis strain 302EA1,cation-adjusted Mueller-Hinton broth,CLSI,1351,,,Enterococcus faecalis
ciprofloxacin,Susceptible,Laboratory Method,1351.1182,Enterococcus faecalis strain 302EA1,cation-adjusted Mueller-Hinton broth,CLSI,1351,,,Enterococcus faecalis
daptomycin,Susceptible,Laboratory Method,1351.1182,Enterococcus faecalis strain 302EA1,cation-adjusted Mueller-Hinton broth,CLSI,1351,,,Enterococcus faecalis
erythromycin,Susceptible,Laboratory Method,1351.1182,Enterococcus faecalis strain 302EA1,cation-adjusted Mueller-Hinton broth,CLSI,1351,,,Enterococcus faecalis
gentamicin,Susceptible,Laboratory Method,1351.1182,Enterococcus faecalis strain 302EA1,cation-adjusted Mueller-Hinton broth,CLSI,1351,,,Enterococcus faecalis
kanamycin,Susceptible,Laboratory Method,1351.1182,Enterococcus faecalis strain 302EA1,cation-adjusted Mueller-Hinton broth,CLSI,1351,,,Enterococcus faecalis
lincomycin,Resistant,Laboratory Method,1351.1182,Enterococcus faecalis strain 302EA1,cation-adjusted Mueller-Hinton broth,CLSI,1351,,,Enterococcus faecalis
linezolid,Susceptible,Laboratory Method,1351.1182,Enterococcus faecalis strain 302EA1,cation-adjusted Mueller-Hinton broth,CLSI,1351,,,Enterococcus faecalis
penicillin,Susceptible,Laboratory Method,1351.1182,Enterococcus faecalis strain 302EA1,cation-adjusted Mueller-Hinton broth,CLSI,1351,,,Enterococcus faecalis
sulfamethazine,Resistant,Laboratory Method,1351.1182,Enterococcus faecalis strain 302EA1,cation-adjusted Mueller-Hinton broth,CLSI,1351,,,Enterococcus faecalis
tetracycline,Susceptible,Laboratory Method,1351.1182,Enterococcus faecalis strain 302EA1,cation-adjusted Mueller-Hinton broth,CLSI,1351,,,Enterococcus faecalis
tgecycline,Susceptible,Laboratory Method,1351.1182,Enterococcus faecalis strain 302EA1,cation-adjusted Mueller-Hinton broth,CLSI,1351,,,Enterococcus faecalis
tylosin,Susceptible,Laboratory Method,1351.1182,Enterococcus faecalis strain 302EA1,cation-adjusted Mueller-Hinton broth,CLSI,1351,,,Enterococcus faecalis
vancomycin,Susceptible,Laboratory Method,1351.1182,Enterococcus faecalis strain 302EA1,cation-adjusted Mueller-Hinton broth,CLSI,1351,,,Enterococcus faecalis
virginiamycin,Resistant,Laboratory Method,1351.1182,Enterococcus faecalis strain 302EA1,cation-adjusted Mueller-Hinton broth,CLSI,1351,,,Enterococcus faecalis
chloramphenicol,Susceptible,Laboratory Method,1351.1183,Enterococcus faecalis strain 304EA1,cation-adjusted Mueller-Hinton broth,CLSI,1351,,,Enterococcus faecalis
ciprofloxacin,Susceptible,Laboratory Method,1351.1183,Enterococcus faecalis strain 304EA1,cation-adjusted Mueller-Hinton broth,CLSI,1351,,,Enterococcus faecalis
daptomycin,Susceptible,Laboratory Method,1351.1183,Enterococcus faecalis strain 304EA1,cation-adjusted Mueller-Hinton broth,CLSI,1351,,,Enterococcus faecalis
erythromycin,Resistant,Laboratory Method,1351.1183,Enterococcus faecalis strain 304EA1,cation-adjusted Mueller-Hinton broth,CLSI,1351,,,Enterococcus faecalis
gentamicin,Resistant,Laboratory Method,1351.1183,Enterococcus faecalis strain 304EA1,cation-adjusted Mueller-Hinton broth,CLSI,1351,,,Enterococcus faecalis
kanamycin,Resistant,Laboratory Method,1351.1183,Enterococcus faecalis strain 304EA1,cation-adjusted Mueller-Hinton broth,CLSI,1351,,,Enterococcus faecalis
lincomycin,Resistant,Laboratory Method,1351.1183,Enterococcus faecalis strain 304EA1,cation-adjusted Mueller-Hinton broth,CLSI,1351,,,Enterococcus faecalis
linezolid,Susceptible,Laboratory Method,1351.1183,Enterococcus faecalis strain 304EA1,cation-adjusted Mueller-Hinton broth,CLSI,1351,,,Enterococcus faecalis
penicillin,Susceptible,Laboratory Method,1351.1183,Enterococcus faecalis strain 304EA1,cation-adjusted Mueller-Hinton broth,CLSI,1351,,,Enterococcus faecalis
sulfamethazine,Resistant,Laboratory Method,1351.1183,Enterococcus faecalis strain 304EA1,cation-adjusted Mueller-Hinton broth,CLSI,1351,,,Enterococcus faecalis
tetracycline,Resistant,Laboratory Method,1351.1183,Enterococcus faecalis strain 304EA1,cation-adjusted Mueller-Hinton broth,CLSI,1351,,,Enterococcus faecalis
tgecycline,Susceptible,Laboratory Method,1351.1183,Enterococcus faecalis strain 304EA1,cation-adjusted Mueller-Hinton broth,CLSI,1351,,,Enterococcus faecalis
tylosin,Resistant,Laboratory Method,1351.1183,Enterococcus faecalis strain 304EA1,cation-adjusted Mueller-Hinton broth,CLSI,1351,,,Enterococcus faecalis
vancomycin,Susceptible,Laboratory Method,1351.1183,Enterococcus faecalis strain 304EA1,cation-adjusted Mueller-Hinton broth,CLSI,1351,,,Enterococcus faecalis
virginiamycin,Resistant,Laboratory Method,1351.1183,Enterococcus faecalis strain 304EA1,cation-adjusted Mueller-Hinton broth,CLSI,1351,,,Enterococcus faecalis
chloramphenicol,Susceptible,Laboratory Method,1351.1184,Enterococcus faecalis strain 312EA1,cation-adjusted Mueller-Hinton broth,CLSI,1351,,,Enterococcus faecalis
ciprofloxacin,Susceptible,Laboratory Method,1351.1184,Enterococcus faecalis strain 312EA1,cation-adjusted Mueller-Hinton broth,CLSI,1351,,,Enterococcus faecalis
daptomycin,Susceptible,Laboratory Method,1351.1184,Enterococcus faecalis strain 312EA1,cation-adjusted Mueller-Hinton broth,CLSI,1351,,,Enterococcus faecalis
erythromycin,Resistant,Laboratory Method,1351.1184,Enterococcus faecalis strain 312EA1,cation-adjusted Mueller-Hinton broth,CLSI,1351,,,Enterococcus faecalis
gentamicin,Susceptible,Laboratory Method,1351.1184,Enterococcus faecalis strain 312EA1,cation-adjusted Mueller-Hinton broth,CLSI,1351,,,Enterococcus faecalis
kanamycin,Susceptible,Laboratory Method,1351.1184,Enterococcus faecalis strain 312EA1,cation-adjusted Mueller-Hinton broth,CLSI,1351,,,Enterococcus faecalis
lincomycin,Resistant,Laboratory Method,1351.1184,Enterococcus faecalis strain 312EA1,cation-adjusted Mueller-Hinton broth,CLSI,1351,,,Enterococcus faecalis
linezolid,Susceptible,Laboratory Method,1351.1184,Enterococcus faecalis strain 312EA1,cation-adjusted Mueller-Hinton broth,CLSI,1351,,,Enterococcus faecalis
penicillin,Susceptible,Laboratory Method,1351.1184,Enterococcus faecalis strain 312EA1,cation-adjusted Mueller-Hinton broth,CLSI,1351,,,Enterococcus faecalis
sulfamethazine,Resistant,Laboratory Method,1351.1184,Enterococcus faecalis strain 312EA1,cation-adjusted Mueller-Hinton broth,CLSI,1351,,,Enterococcus faecalis
tetracycline,Resistant,Laboratory Method,1351.1184,Enterococcus faecalis strain 312EA1,cation-adjusted Mueller-Hinton broth,CLSI,1351,,,Enterococcus faecalis
tgecycline,Susceptible,Laboratory Method,1351.1184,Enterococcus faecalis strain 312EA1,cation-adjusted Mueller-Hinton broth,CLSI,1351,,,Enterococcus faecalis
tylosin,Resistant,Laboratory Method,1351.1184,Enterococcus faecalis strain 312EA1,cation-adjusted Mueller-Hinton broth,CLSI,1351,,,Enterococcus faecalis
vancomycin,Susceptible,Laboratory Method,1351.1184,Enterococcus faecalis strain 312EA1,cation-adjusted Mueller-Hinton broth,CLSI,1351,,,Enterococcus faecalis
virginiamycin,Resistant,Laboratory Method,1351.1184,Enterococcus faecalis strain 312EA1,cation-adjusted Mueller-Hinton broth,CLSI,1351,,,Enterococcus faecalis
chloramphenicol,Susceptible,Laboratory Method,1351.1185,Enterococcus faecalis strain 34EA1,cation-adjusted Mueller-Hinton broth,CLSI,1351,,,Enterococcus faecalis
ciprofloxacin,Susceptible,Laboratory Method,1351.1185,Enterococcus faecalis strain 34EA1,cation-adjusted Mueller-Hinton broth,CLSI,1351,,,Enterococcus faecalis
daptomycin,Susceptible,Laboratory Method,1351.1185,Enterococcus faecalis strain 34EA1,cation-adjusted Mueller-Hinton broth,CLSI,1351,,,Enterococcus faecalis
erythromycin,Susceptible,Laboratory Method,1351.1185,Enterococcus faecalis strain 34EA1,cation-adjusted Mueller-Hinton broth,CLSI,1351,,,Enterococcus faecalis
gentamicin,Susceptible,Laboratory Method,1351.1185,Enterococcus faecalis strain 34EA1,cation-adjusted Mueller-Hinton broth,CLSI,1351,,,Enterococcus faecalis
kanamycin,Susceptible,Laboratory Method,1351.1185,Enterococcus faecalis strain 34EA1,cation-adjusted Mueller-Hinton broth,CLSI,1351,,,Enterococcus faecalis
lincomycin,Resistant,Laboratory Method,1351.1185,Enterococcus faecalis strain 34EA1,cation-adjusted Mueller-Hinton broth,CLSI,1351,,,Enterococcus faecalis
linezolid,Susceptible,Laboratory Method,1351.1185,Enterococcus faecalis strain 34EA1,cation-adjusted Mueller-Hinton broth,CLSI,1351,,,Enterococcus faecalis
penicillin,Susceptible,Laboratory Method,1351.1185,Enterococcus faecalis strain 34EA1,cation-adjusted Mueller-Hinton broth,CLSI,1351,,,Enterococcus faecalis
sulfamethazine,Susceptible,Laboratory Method,1351.1185,Enterococcus faecalis strain 34EA1,cation-adjusted Mueller-Hinton broth,CLSI,1351,,,Enterococcus faecalis
tetracycline,Susceptible,Laboratory Method,1351.1185,Enterococcus faecalis strain 34EA1,cation-adjusted Mueller-Hinton broth,CLSI,1351,,,Enterococcus faecalis
tgecycline,Susceptible,Laboratory Method,1351.1185,Enterococcus faecalis strain 34EA1,cation-adjusted Mueller-Hinton broth,CLSI,1351,,,Enterococcus faecalis
tylosin,Susceptible,Laboratory Method,1351.1185,Enterococcus faecalis strain 34EA1,cation-adjusted Mueller-Hinton broth,CLSI,1351,,,Enterococcus faecalis
vancomycin,Susceptible,Laboratory Method,1351.1185,Enterococcus faecalis strain 34EA1,cation-adjusted Mueller-Hinton broth,CLSI,1351,,,Enterococcus faecalis
virginiamycin,Resistant,Laboratory Method,1351.1185,Enterococcus faecalis strain 34EA1,cation-adjusted Mueller-Hinton broth,CLSI,1351,,,Enterococcus faecalis
chloramphenicol,Susceptible,Laboratory Method,1351.1187,Enterococcus faecalis strain 39EA1,cation-adjusted Mueller-Hinton broth,CLSI,1351,,,Enterococcus faecalis
ciprofloxacin,Susceptible,Laboratory Method,1351.1187,Enterococcus faecalis strain 39EA1,cation-adjusted Mueller-Hinton broth,CLSI,1351,,,Enterococcus faecalis
daptomycin,Susceptible,Laboratory Method,1351.1187,Enterococcus faecalis strain 39EA1,cation-adjusted Mueller-Hinton broth,CLSI,1351,,,Enterococcus faecalis
erythromycin,Susceptible,Laboratory Method,1351.1187,Enterococcus faecalis strain 39EA1,cation-adjusted Mueller-Hinton broth,CLSI,1351,,,Enterococcus faecalis
gentamicin,Susceptible,Laboratory Method,1351.1187,Enterococcus faecalis strain 39EA1,cation-adjusted Mueller-Hinton broth,CLSI,1351,,,Enterococcus faecalis
kanamycin,Susceptible,Laboratory Method,1351.1187,Enterococcus faecalis strain 39EA1,cation-adjusted Mueller-Hinton broth,CLSI,1351,,,Enterococcus faecalis
lincomycin,Resistant,Laboratory Method,1351.1187,Enterococcus faecalis strain 39EA1,cation-adjusted Mueller-Hinton broth,CLSI,1351,,,Enterococcus faecalis
linezolid,Susceptible,Laboratory Method,1351.1187,Enterococcus faecalis strain 39EA1,cation-adjusted Mueller-Hinton broth,CLSI,1351,,,Enterococcus faecalis
penicillin,Susceptible,Laboratory Method,1351.1187,Enterococcus faecalis strain 39EA1,cation-adjusted Mueller-Hinton broth,CLSI,1351,,,Enterococcus faecalis
sulfamethazine,Resistant,Laboratory Method,1351.1187,Enterococcus faecalis strain 39EA1,cation-adjusted Mueller-Hinton broth,CLSI,1351,,,Enterococcus faecalis
tetracycline,Susceptible,Laboratory Method,1351.1187,Enterococcus faecalis strain 39EA1,cation-adjusted Mueller-Hinton broth,CLSI,1351,,,Enterococcus faecalis
tgecycline,Susceptible,Laboratory Method,1351.1187,Enterococcus faecalis strain 39EA1,cation-adjusted Mueller-Hinton broth,CLSI,1351,,,Enterococcus faecalis
tylosin,Susceptible,Laboratory Method,1351.1187,Enterococcus faecalis strain 39EA1,cation-adjusted Mueller-Hinton broth,CLSI,1351,,,Enterococcus faecalis
vancomycin,Susceptible,Laboratory Method,1351.1187,Enterococcus faecalis strain 39EA1,cation-adjusted Mueller-Hinton broth,CLSI,1351,,,Enterococcus faecalis
virginiamycin,Resistant,Laboratory Method,1351.1187,Enterococcus faecalis strain 39EA1,cation-adjusted Mueller-Hinton broth,CLSI,1351,,,Enterococcus faecalis
chloramphenicol,Susceptible,Laboratory Method,1351.1188,Enterococcus faecalis strain 52EA1,cation-adjusted Mueller-Hinton broth,CLSI,1351,,,Enterococcus faecalis
ciprofloxacin,Susceptible,Laboratory Method,1351.1188,Enterococcus faecalis strain 52EA1,cation-adjusted Mueller-Hinton broth,CLSI,1351,,,Enterococcus faecalis
daptomycin,Susceptible,Laboratory Method,1351.1188,Enterococcus faecalis strain 52EA1,cation-adjusted Mueller-Hinton broth,CLSI,1351,,,Enterococcus faecalis
erythromycin,Susceptible,Laboratory Method,1351.1188,Enterococcus faecalis strain 52EA1,cation-adjusted Mueller-Hinton broth,CLSI,1351,,,Enterococcus faecalis
gentamicin,Susceptible,Laboratory Method,1351.1188,Enterococcus faecalis strain 52EA1,cation-adjusted Mueller-Hinton broth,CLSI,1351,,,Enterococcus faecalis
kanamycin,Susceptible,Laboratory Method,1351.1188,Enterococcus faecalis strain 52EA1,cation-adjusted Mueller-Hinton broth,CLSI,1351,,,Enterococcus faecalis
lincomycin,Resistant,Laboratory Method,1351.1188,Enterococcus faecalis strain 52EA1,cation-adjusted Mueller-Hinton broth,CLSI,1351,,,Enterococcus faecalis
linezolid,Susceptible,Laboratory Method,1351.1188,Enterococcus faecalis strain 52EA1,cation-adjusted Mueller-Hinton broth,CLSI,1351,,,Enterococcus faecalis
penicillin,Susceptible,Laboratory Method,1351.1188,Enterococcus faecalis strain 52EA1,cation-adjusted Mueller-Hinton broth,CLSI,1351,,,Enterococcus faecalis
sulfamethazine,Resistant,Laboratory Method,1351.1188,Enterococcus faecalis strain 52EA1,cation-adjusted Mueller-Hinton broth,CLSI,1351,,,Enterococcus faecalis
tetracycline,Susceptible,Laboratory Method,1351.1188,Enterococcus faecalis strain 52EA1,cation-adjusted Mueller-Hinton broth,CLSI,1351,,,Enterococcus faecalis
tgecycline,Susceptible,Laboratory Method,1351.1188,Enterococcus faecalis strain 52EA1,cation-adjusted Mueller-Hinton broth,CLSI,1351,,,Enterococcus faecalis
tylosin,Susceptible,Laboratory Method,1351.1188,Enterococcus faecalis strain 52EA1,cation-adjusted Mueller-Hinton broth,CLSI,1351,,,Enterococcus faecalis
vancomycin,Susceptible,Laboratory Method,1351.1188,Enterococcus faecalis strain 52EA1,cation-adjusted Mueller-Hinton broth,CLSI,1351,,,Enterococcus faecalis
virginiamycin,Resistant,Laboratory Method,1351.1188,Enterococcus faecalis strain 52EA1,cation-adjusted Mueller-Hinton broth,CLSI,1351,,,Enterococcus faecalis
chloramphenicol,Susceptible,Laboratory Method,1351.1189,Enterococcus faecalis strain 61EA1,cation-adjusted Mueller-Hinton broth,CLSI,1351,,,Enterococcus faecalis
ciprofloxacin,Susceptible,Laboratory Method,1351.1189,Enterococcus faecalis strain 61EA1,cation-adjusted Mueller-Hinton broth,CLSI,1351,,,Enterococcus faecalis
daptomycin,Susceptible,Laboratory Method,1351.1189,Enterococcus faecalis strain 61EA1,cation-adjusted Mueller-Hinton broth,CLSI,1351,,,Enterococcus faecalis
erythromycin,Susceptible,Laboratory Method,1351.1189,Enterococcus faecalis strain 61EA1,cation-adjusted Mueller-Hinton broth,CLSI,1351,,,Enterococcus faecalis
gentamicin,Susceptible,Laboratory Method,1351.1189,Enterococcus faecalis strain 61EA1,cation-adjusted Mueller-Hinton broth,CLSI,1351,,,Enterococcus faecalis
kanamycin,Susceptible,Laboratory Method,1351.1189,Enterococcus faecalis strain 61EA1,cation-adjusted Mueller-Hinton broth,CLSI,1351,,,Enterococcus faecalis
lincomycin,Resistant,Laboratory Method,1351.1189,Enterococcus faecalis strain 61EA1,cation-adjusted Mueller-Hinton broth,CLSI,1351,,,Enterococcus faecalis
linezolid,Susceptible,Laboratory Method,1351.1189,Enterococcus faecalis strain 61EA1,cation-adjusted Mueller-Hinton broth,CLSI,1351,,,Enterococcus faecalis
penicillin,Susceptible,Laboratory Method,1351.1189,Enterococcus faecalis strain 61EA1,cation-adjusted Mueller-Hinton broth,CLSI,1351,,,Enterococcus faecalis
sulfamethazine,Resistant,Laboratory Method,1351.1189,Enterococcus faecalis strain 61EA1,cation-adjusted Mueller-Hinton broth,CLSI,1351,,,Enterococcus faecalis
tetracycline,Resistant,Laboratory Method,1351.1189,Enterococcus faecalis strain 61EA1,cation-adjusted Mueller-Hinton broth,CLSI,1351,,,Enterococcus faecalis
tgecycline,Susceptible,Laboratory Method,1351.1189,Enterococcus faecalis strain 61EA1,cation-adjusted Mueller-Hinton broth,CLSI,1351,,,Enterococcus faecalis
tylosin,Susceptible,Laboratory Method,1351.1189,Enterococcus faecalis strain 61EA1,cation-adjusted Mueller-Hinton broth,CLSI,1351,,,Enterococcus faecalis
vancomycin,Susceptible,Laboratory Method,1351.1189,Enterococcus faecalis strain 61EA1,cation-adjusted Mueller-Hinton broth,CLSI,1351,,,Enterococcus faecalis
virginiamycin,Resistant,Laboratory Method,1351.1189,Enterococcus faecalis strain 61EA1,cation-adjusted Mueller-Hinton broth,CLSI,1351,,,Enterococcus faecalis
chloramphenicol,Susceptible,Laboratory Method,1351.1190,Enterococcus faecalis strain 72EA1,cation-adjusted Mueller-Hinton broth,CLSI,1351,,,Enterococcus faecalis
ciprofloxacin,Susceptible,Laboratory Method,1351.1190,Enterococcus faecalis strain 72EA1,cation-adjusted Mueller-Hinton broth,CLSI,1351,,,Enterococcus faecalis
daptomycin,Susceptible,Laboratory Method,1351.1190,Enterococcus faecalis strain 72EA1,cation-adjusted Mueller-Hinton broth,CLSI,1351,,,Enterococcus faecalis
erythromycin,Resistant,Laboratory Method,1351.1190,Enterococcus faecalis strain 72EA1,cation-adjusted Mueller-Hinton broth,CLSI,1351,,,Enterococcus faecalis
gentamicin,Resistant,Laboratory Method,1351.1190,Enterococcus faecalis strain 72EA1,cation-adjusted Mueller-Hinton broth,CLSI,1351,,,Enterococcus faecalis
kanamycin,Resistant,Laboratory Method,1351.1190,Enterococcus faecalis strain 72EA1,cation-adjusted Mueller-Hinton broth,CLSI,1351,,,Enterococcus faecalis
lincomycin,Resistant,Laboratory Method,1351.1190,Enterococcus faecalis strain 72EA1,cation-adjusted Mueller-Hinton broth,CLSI,1351,,,Enterococcus faecalis
linezolid,Susceptible,Laboratory Method,1351.1190,Enterococcus faecalis strain 72EA1,cation-adjusted Mueller-Hinton broth,CLSI,1351,,,Enterococcus faecalis
penicillin,Susceptible,Laboratory Method,1351.1190,Enterococcus faecalis strain 72EA1,cation-adjusted Mueller-Hinton broth,CLSI,1351,,,Enterococcus faecalis
sulfamethazine,Resistant,Laboratory Method,1351.1190,Enterococcus faecalis strain 72EA1,cation-adjusted Mueller-Hinton broth,CLSI,1351,,,Enterococcus faecalis
tetracycline,Resistant,Laboratory Method,1351.1190,Enterococcus faecalis strain 72EA1,cation-adjusted Mueller-Hinton broth,CLSI,1351,,,Enterococcus faecalis
tgecycline,Susceptible,Laboratory Method,1351.1190,Enterococcus faecalis strain 72EA1,cation-adjusted Mueller-Hinton broth,CLSI,1351,,,Enterococcus faecalis
tylosin,Resistant,Laboratory Method,1351.1190,Enterococcus faecalis strain 72EA1,cation-adjusted Mueller-Hinton broth,CLSI,1351,,,Enterococcus faecalis
vancomycin,Susceptible,Laboratory Method,1351.1190,Enterococcus faecalis strain 72EA1,cation-adjusted Mueller-Hinton broth,CLSI,1351,,,Enterococcus faecalis
virginiamycin,Resistant,Laboratory Method,1351.1190,Enterococcus faecalis strain 72EA1,cation-adjusted Mueller-Hinton broth,CLSI,1351,,,Enterococcus faecalis
chloramphenicol,Susceptible,Laboratory Method,1351.1191,Enterococcus faecalis strain 54EA1,cation-adjusted Mueller-Hinton broth,CLSI,1351,,,Enterococcus faecalis
ciprofloxacin,Susceptible,Laboratory Method,1351.1191,Enterococcus faecalis strain 54EA1,cation-adjusted Mueller-Hinton broth,CLSI,1351,,,Enterococcus faecalis
daptomycin,Susceptible,Laboratory Method,1351.1191,Enterococcus faecalis strain 54EA1,cation-adjusted Mueller-Hinton broth,CLSI,1351,,,Enterococcus faecalis
erythromycin,Susceptible,Laboratory Method,1351.1191,Enterococcus faecalis strain 54EA1,cation-adjusted Mueller-Hinton broth,CLSI,1351,,,Enterococcus faecalis
gentamicin,Susceptible,Laboratory Method,1351.1191,Enterococcus faecalis strain 54EA1,cation-adjusted Mueller-Hinton broth,CLSI,1351,,,Enterococcus faecalis
kanamycin,Susceptible,Laboratory Method,1351.1191,Enterococcus faecalis strain 54EA1,cation-adjusted Mueller-Hinton broth,CLSI,1351,,,Enterococcus faecalis
lincomycin,Resistant,Laboratory Method,1351.1191,Enterococcus faecalis strain 54EA1,cation-adjusted Mueller-Hinton broth,CLSI,1351,,,Enterococcus faecalis
linezolid,Susceptible,Laboratory Method,1351.1191,Enterococcus faecalis strain 54EA1,cation-adjusted Mueller-Hinton broth,CLSI,1351,,,Enterococcus faecalis
penicillin,Susceptible,Laboratory Method,1351.1191,Enterococcus faecalis strain 54EA1,cation-adjusted Mueller-Hinton broth,CLSI,1351,,,Enterococcus faecalis
sulfamethazine,Susceptible,Laboratory Method,1351.1191,Enterococcus faecalis strain 54EA1,cation-adjusted Mueller-Hinton broth,CLSI,1351,,,Enterococcus faecalis
tetracycline,Resistant,Laboratory Method,1351.1191,Enterococcus faecalis strain 54EA1,cation-adjusted Mueller-Hinton broth,CLSI,1351,,,Enterococcus faecalis
tgecycline,Susceptible,Laboratory Method,1351.1191,Enterococcus faecalis strain 54EA1,cation-adjusted Mueller-Hinton broth,CLSI,1351,,,Enterococcus faecalis
tylosin,Susceptible,Laboratory Method,1351.1191,Enterococcus faecalis strain 54EA1,cation-adjusted Mueller-Hinton broth,CLSI,1351,,,Enterococcus faecalis
vancomycin,Susceptible,Laboratory Method,1351.1191,Enterococcus faecalis strain 54EA1,cation-adjusted Mueller-Hinton broth,CLSI,1351,,,Enterococcus faecalis
virginiamycin,Resistant,Laboratory Method,1351.1191,Enterococcus faecalis strain 54EA1,cation-adjusted Mueller-Hinton broth,CLSI,1351,,,Enterococcus faecalis
chloramphenicol,Susceptible,Laboratory Method,1351.1192,Enterococcus faecalis strain 68EA1,cation-adjusted Mueller-Hinton broth,CLSI,1351,,,Enterococcus faecalis
ciprofloxacin,Susceptible,Laboratory Method,1351.1192,Enterococcus faecalis strain 68EA1,cation-adjusted Mueller-Hinton broth,CLSI,1351,,,Enterococcus faecalis
daptomycin,Susceptible,Laboratory Method,1351.1192,Enterococcus faecalis strain 68EA1,cation-adjusted Mueller-Hinton broth,CLSI,1351,,,Enterococcus faecalis
erythromycin,Susceptible,Laboratory Method,1351.1192,Enterococcus faecalis strain 68EA1,cation-adjusted Mueller-Hinton broth,CLSI,1351,,,Enterococcus faecalis
gentamicin,Susceptible,Laboratory Method,1351.1192,Enterococcus faecalis strain 68EA1,cation-adjusted Mueller-Hinton broth,CLSI,1351,,,Enterococcus faecalis
kanamycin,Susceptible,Laboratory Method,1351.1192,Enterococcus faecalis strain 68EA1,cation-adjusted Mueller-Hinton broth,CLSI,1351,,,Enterococcus faecalis
lincomycin,Resistant,Laboratory Method,1351.1192,Enterococcus faecalis strain 68EA1,cation-adjusted Mueller-Hinton broth,CLSI,1351,,,Enterococcus faecalis
linezolid,Susceptible,Laboratory Method,1351.1192,Enterococcus faecalis strain 68EA1,cation-adjusted Mueller-Hinton broth,CLSI,1351,,,Enterococcus faecalis
penicillin,Susceptible,Laboratory Method,1351.1192,Enterococcus faecalis strain 68EA1,cation-adjusted Mueller-Hinton broth,CLSI,1351,,,Enterococcus faecalis
sulfamethazine,Resistant,Laboratory Method,1351.1192,Enterococcus faecalis strain 68EA1,cation-adjusted Mueller-Hinton broth,CLSI,1351,,,Enterococcus faecalis
tetracycline,Susceptible,Laboratory Method,1351.1192,Enterococcus faecalis strain 68EA1,cation-adjusted Mueller-Hinton broth,CLSI,1351,,,Enterococcus faecalis
tgecycline,Susceptible,Laboratory Method,1351.1192,Enterococcus faecalis strain 68EA1,cation-adjusted Mueller-Hinton broth,CLSI,1351,,,Enterococcus faecalis
tylosin,Susceptible,Laboratory Method,1351.1192,Enterococcus faecalis strain 68EA1,cation-adjusted Mueller-Hinton broth,CLSI,1351,,,Enterococcus faecalis
vancomycin,Susceptible,Laboratory Method,1351.1192,Enterococcus faecalis strain 68EA1,cation-adjusted Mueller-Hinton broth,CLSI,1351,,,Enterococcus faecalis
virginiamycin,Resistant,Laboratory Method,1351.1192,Enterococcus faecalis strain 68EA1,cation-adjusted Mueller-Hinton broth,CLSI,1351,,,Enterococcus faecalis
chloramphenicol,Susceptible,Laboratory Method,1351.1193,Enterococcus faecalis strain 91EA1,cation-adjusted Mueller-Hinton broth,CLSI,1351,,,Enterococcus faecalis
ciprofloxacin,Susceptible,Laboratory Method,1351.1193,Enterococcus faecalis strain 91EA1,cation-adjusted Mueller-Hinton broth,CLSI,1351,,,Enterococcus faecalis
daptomycin,Susceptible,Laboratory Method,1351.1193,Enterococcus faecalis strain 91EA1,cation-adjusted Mueller-Hinton broth,CLSI,1351,,,Enterococcus faecalis
erythromycin,Resistant,Laboratory Method,1351.1193,Enterococcus faecalis strain 91EA1,cation-adjusted Mueller-Hinton broth,CLSI,1351,,,Enterococcus faecalis
gentamicin,Susceptible,Laboratory Method,1351.1193,Enterococcus faecalis strain 91EA1,cation-adjusted Mueller-Hinton broth,CLSI,1351,,,Enterococcus faecalis
kanamycin,Susceptible,Laboratory Method,1351.1193,Enterococcus faecalis strain 91EA1,cation-adjusted Mueller-Hinton broth,CLSI,1351,,,Enterococcus faecalis
lincomycin,Resistant,Laboratory Method,1351.1193,Enterococcus faecalis strain 91EA1,cation-adjusted Mueller-Hinton broth,CLSI,1351,,,Enterococcus faecalis
linezolid,Susceptible,Laboratory Method,1351.1193,Enterococcus faecalis strain 91EA1,cation-adjusted Mueller-Hinton broth,CLSI,1351,,,Enterococcus faecalis
penicillin,Susceptible,Laboratory Method,1351.1193,Enterococcus faecalis strain 91EA1,cation-adjusted Mueller-Hinton broth,CLSI,1351,,,Enterococcus faecalis
sulfamethazine,Resistant,Laboratory Method,1351.1193,Enterococcus faecalis strain 91EA1,cation-adjusted Mueller-Hinton broth,CLSI,1351,,,Enterococcus faecalis
tetracycline,Resistant,Laboratory Method,1351.1193,Enterococcus faecalis strain 91EA1,cation-adjusted Mueller-Hinton broth,CLSI,1351,,,Enterococcus faecalis
tgecycline,Susceptible,Laboratory Method,1351.1193,Enterococcus faecalis strain 91EA1,cation-adjusted Mueller-Hinton broth,CLSI,1351,,,Enterococcus faecalis
tylosin,Resistant,Laboratory Method,1351.1193,Enterococcus faecalis strain 91EA1,cation-adjusted Mueller-Hinton broth,CLSI,1351,,,Enterococcus faecalis
vancomycin,Susceptible,Laboratory Method,1351.1193,Enterococcus faecalis strain 91EA1,cation-adjusted Mueller-Hinton broth,CLSI,1351,,,Enterococcus faecalis
virginiamycin,Resistant,Laboratory Method,1351.1193,Enterococcus faecalis strain 91EA1,cation-adjusted Mueller-Hinton broth,CLSI,1351,,,Enterococcus faecalis
chloramphenicol,Susceptible,Laboratory Method,1351.1194,Enterococcus faecalis strain 76EA1,cation-adjusted Mueller-Hinton broth,CLSI,1351,,,Enterococcus faecalis
ciprofloxacin,Susceptible,Laboratory Method,1351.1194,Enterococcus faecalis strain 76EA1,cation-adjusted Mueller-Hinton broth,CLSI,1351,,,Enterococcus faecalis
daptomycin,Susceptible,Laboratory Method,1351.1194,Enterococcus faecalis strain 76EA1,cation-adjusted Mueller-Hinton broth,CLSI,1351,,,Enterococcus faecalis
erythromycin,Susceptible,Laboratory Method,1351.1194,Enterococcus faecalis strain 76EA1,cation-adjusted Mueller-Hinton broth,CLSI,1351,,,Enterococcus faecalis
gentamicin,Susceptible,Laboratory Method,1351.1194,Enterococcus faecalis strain 76EA1,cation-adjusted Mueller-Hinton broth,CLSI,1351,,,Enterococcus faecalis
kanamycin,Susceptible,Laboratory Method,1351.1194,Enterococcus faecalis strain 76EA1,cation-adjusted Mueller-Hinton broth,CLSI,1351,,,Enterococcus faecalis
lincomycin,Resistant,Laboratory Method,1351.1194,Enterococcus faecalis strain 76EA1,cation-adjusted Mueller-Hinton broth,CLSI,1351,,,Enterococcus faecalis
linezolid,Susceptible,Laboratory Method,1351.1194,Enterococcus faecalis strain 76EA1,cation-adjusted Mueller-Hinton broth,CLSI,1351,,,Enterococcus faecalis
penicillin,Susceptible,Laboratory Method,1351.1194,Enterococcus faecalis strain 76EA1,cation-adjusted Mueller-Hinton broth,CLSI,1351,,,Enterococcus faecalis
sulfamethazine,Resistant,Laboratory Method,1351.1194,Enterococcus faecalis strain 76EA1,cation-adjusted Mueller-Hinton broth,CLSI,1351,,,Enterococcus faecalis
tetracycline,Resistant,Laboratory Method,1351.1194,Enterococcus faecalis strain 76EA1,cation-adjusted Mueller-Hinton broth,CLSI,1351,,,Enterococcus faecalis
tgecycline,Susceptible,Laboratory Method,1351.1194,Enterococcus faecalis strain 76EA1,cation-adjusted Mueller-Hinton broth,CLSI,1351,,,Enterococcus faecalis
tylosin,Susceptible,Laboratory Method,1351.1194,Enterococcus faecalis strain 76EA1,cation-adjusted Mueller-Hinton broth,CLSI,1351,,,Enterococcus faecalis
vancomycin,Susceptible,Laboratory Method,1351.1194,Enterococcus faecalis strain 76EA1,cation-adjusted Mueller-Hinton broth,CLSI,1351,,,Enterococcus faecalis
virginiamycin,Resistant,Laboratory Method,1351.1194,Enterococcus faecalis strain 76EA1,cation-adjusted Mueller-Hinton broth,CLSI,1351,,,Enterococcus faecalis
chloramphenicol,Susceptible,Laboratory Method,1352.3955,Enterococcus faecium strain 114EA1,cation-adjusted Mueller-Hinton broth,CLSI,1352,,,Enterococcus faecium
daptomycin,Susceptible,Laboratory Method,1352.3955,Enterococcus faecium strain 114EA1,cation-adjusted Mueller-Hinton broth,CLSI,1352,,,Enterococcus faecium
erythromycin,Susceptible,Laboratory Method,1352.3955,Enterococcus faecium strain 114EA1,cation-adjusted Mueller-Hinton broth,CLSI,1352,,,Enterococcus faecium
gentamicin,Susceptible,Laboratory Method,1352.3955,Enterococcus faecium strain 114EA1,cation-adjusted Mueller-Hinton broth,CLSI,1352,,,Enterococcus faecium
kanamycin,Susceptible,Laboratory Method,1352.3955,Enterococcus faecium strain 114EA1,cation-adjusted Mueller-Hinton broth,CLSI,1352,,,Enterococcus faecium
lincomycin,Resistant,Laboratory Method,1352.3955,Enterococcus faecium strain 114EA1,cation-adjusted Mueller-Hinton broth,CLSI,1352,,,Enterococcus faecium
linezolid,Susceptible,Laboratory Method,1352.3955,Enterococcus faecium strain 114EA1,cation-adjusted Mueller-Hinton broth,CLSI,1352,,,Enterococcus faecium
penicillin,Susceptible,Laboratory Method,1352.3955,Enterococcus faecium strain 114EA1,cation-adjusted Mueller-Hinton broth,CLSI,1352,,,Enterococcus faecium
sulfamethazine,Resistant,Laboratory Method,1352.3955,Enterococcus faecium strain 114EA1,cation-adjusted Mueller-Hinton broth,CLSI,1352,,,Enterococcus faecium
tetracycline,Susceptible,Laboratory Method,1352.3955,Enterococcus faecium strain 114EA1,cation-adjusted Mueller-Hinton broth,CLSI,1352,,,Enterococcus faecium
tgecycline,Susceptible,Laboratory Method,1352.3955,Enterococcus faecium strain 114EA1,cation-adjusted Mueller-Hinton broth,CLSI,1352,,,Enterococcus faecium
tylosin,Susceptible,Laboratory Method,1352.3955,Enterococcus faecium strain 114EA1,cation-adjusted Mueller-Hinton broth,CLSI,1352,,,Enterococcus faecium
vancomycin,Susceptible,Laboratory Method,1352.3955,Enterococcus faecium strain 114EA1,cation-adjusted Mueller-Hinton broth,CLSI,1352,,,Enterococcus faecium
virginiamycin,Resistant,Laboratory Method,1352.3955,Enterococcus faecium strain 114EA1,cation-adjusted Mueller-Hinton broth,CLSI,1352,,,Enterococcus faecium
chloramphenicol,Susceptible,Laboratory Method,1352.3956,Enterococcus faecium strain 131EA1,cation-adjusted Mueller-Hinton broth,CLSI,1352,,,Enterococcus faecium
daptomycin,Susceptible,Laboratory Method,1352.3956,Enterococcus faecium strain 131EA1,cation-adjusted Mueller-Hinton broth,CLSI,1352,,,Enterococcus faecium
erythromycin,Resistant,Laboratory Method,1352.3956,Enterococcus faecium strain 131EA1,cation-adjusted Mueller-Hinton broth,CLSI,1352,,,Enterococcus faecium
gentamicin,Susceptible,Laboratory Method,1352.3956,Enterococcus faecium strain 131EA1,cation-adjusted Mueller-Hinton broth,CLSI,1352,,,Enterococcus faecium
kanamycin,Resistant,Laboratory Method,1352.3956,Enterococcus faecium strain 131EA1,cation-adjusted Mueller-Hinton broth,CLSI,1352,,,Enterococcus faecium
lincomycin,Resistant,Laboratory Method,1352.3956,Enterococcus faecium strain 131EA1,cation-adjusted Mueller-Hinton broth,CLSI,1352,,,Enterococcus faecium
linezolid,Susceptible,Laboratory Method,1352.3956,Enterococcus faecium strain 131EA1,cation-adjusted Mueller-Hinton broth,CLSI,1352,,,Enterococcus faecium
penicillin,Susceptible,Laboratory Method,1352.3956,Enterococcus faecium strain 131EA1,cation-adjusted Mueller-Hinton broth,CLSI,1352,,,Enterococcus faecium
sulfamethazine,Resistant,Laboratory Method,1352.3956,Enterococcus faecium strain 131EA1,cation-adjusted Mueller-Hinton broth,CLSI,1352,,,Enterococcus faecium
tetracycline,Resistant,Laboratory Method,1352.3956,Enterococcus faecium strain 131EA1,cation-adjusted Mueller-Hinton broth,CLSI,1352,,,Enterococcus faecium
tgecycline,Susceptible,Laboratory Method,1352.3956,Enterococcus faecium strain 131EA1,cation-adjusted Mueller-Hinton broth,CLSI,1352,,,Enterococcus faecium
tylosin,Resistant,Laboratory Method,1352.3956,Enterococcus faecium strain 131EA1,cation-adjusted Mueller-Hinton broth,CLSI,1352,,,Enterococcus faecium
vancomycin,Susceptible,Laboratory Method,1352.3956,Enterococcus faecium strain 131EA1,cation-adjusted Mueller-Hinton broth,CLSI,1352,,,Enterococcus faecium
virginiamycin,Resistant,Laboratory Method,1352.3956,Enterococcus faecium strain 131EA1,cation-adjusted Mueller-Hinton broth,CLSI,1352,,,Enterococcus faecium
chloramphenicol,Susceptible,Laboratory Method,1352.3957,Enterococcus faecium strain 147EA1,cation-adjusted Mueller-Hinton broth,CLSI,1352,,,Enterococcus faecium
daptomycin,Susceptible,Laboratory Method,1352.3957,Enterococcus faecium strain 147EA1,cation-adjusted Mueller-Hinton broth,CLSI,1352,,,Enterococcus faecium
erythromycin,Resistant,Laboratory Method,1352.3957,Enterococcus faecium strain 147EA1,cation-adjusted Mueller-Hinton broth,CLSI,1352,,,Enterococcus faecium
gentamicin,Susceptible,Laboratory Method,1352.3957,Enterococcus faecium strain 147EA1,cation-adjusted Mueller-Hinton broth,CLSI,1352,,,Enterococcus faecium
kanamycin,Resistant,Laboratory Method,1352.3957,Enterococcus faecium strain 147EA1,cation-adjusted Mueller-Hinton broth,CLSI,1352,,,Enterococcus faecium
lincomycin,Resistant,Laboratory Method,1352.3957,Enterococcus faecium strain 147EA1,cation-adjusted Mueller-Hinton broth,CLSI,1352,,,Enterococcus faecium
linezolid,Susceptible,Laboratory Method,1352.3957,Enterococcus faecium strain 147EA1,cation-adjusted Mueller-Hinton broth,CLSI,1352,,,Enterococcus faecium
penicillin,Susceptible,Laboratory Method,1352.3957,Enterococcus faecium strain 147EA1,cation-adjusted Mueller-Hinton broth,CLSI,1352,,,Enterococcus faecium
sulfamethazine,Resistant,Laboratory Method,1352.3957,Enterococcus faecium strain 147EA1,cation-adjusted Mueller-Hinton broth,CLSI,1352,,,Enterococcus faecium
tetracycline,Resistant,Laboratory Method,1352.3957,Enterococcus faecium strain 147EA1,cation-adjusted Mueller-Hinton broth,CLSI,1352,,,Enterococcus faecium
tgecycline,Susceptible,Laboratory Method,1352.3957,Enterococcus faecium strain 147EA1,cation-adjusted Mueller-Hinton broth,CLSI,1352,,,Enterococcus faecium
tylosin,Resistant,Laboratory Method,1352.3957,Enterococcus faecium strain 147EA1,cation-adjusted Mueller-Hinton broth,CLSI,1352,,,Enterococcus faecium
vancomycin,Susceptible,Laboratory Method,1352.3957,Enterococcus faecium strain 147EA1,cation-adjusted Mueller-Hinton broth,CLSI,1352,,,Enterococcus faecium
virginiamycin,Resistant,Laboratory Method,1352.3957,Enterococcus faecium strain 147EA1,cation-adjusted Mueller-Hinton broth,CLSI,1352,,,Enterococcus faecium
chloramphenicol,Susceptible,Laboratory Method,1352.3958,Enterococcus faecium strain 158EA1,cation-adjusted Mueller-Hinton broth,CLSI,1352,,,Enterococcus faecium
ciprofloxacin,Susceptible,Laboratory Method,1352.3958,Enterococcus faecium strain 158EA1,cation-adjusted Mueller-Hinton broth,CLSI,1352,,,Enterococcus faecium
daptomycin,Susceptible,Laboratory Method,1352.3958,Enterococcus faecium strain 158EA1,cation-adjusted Mueller-Hinton broth,CLSI,1352,,,Enterococcus faecium
gentamicin,Susceptible,Laboratory Method,1352.3958,Enterococcus faecium strain 158EA1,cation-adjusted Mueller-Hinton broth,CLSI,1352,,,Enterococcus faecium
kanamycin,Susceptible,Laboratory Method,1352.3958,Enterococcus faecium strain 158EA1,cation-adjusted Mueller-Hinton broth,CLSI,1352,,,Enterococcus faecium
lincomycin,Susceptible,Laboratory Method,1352.3958,Enterococcus faecium strain 158EA1,cation-adjusted Mueller-Hinton broth,CLSI,1352,,,Enterococcus faecium
linezolid,Susceptible,Laboratory Method,1352.3958,Enterococcus faecium strain 158EA1,cation-adjusted Mueller-Hinton broth,CLSI,1352,,,Enterococcus faecium
penicillin,Susceptible,Laboratory Method,1352.3958,Enterococcus faecium strain 158EA1,cation-adjusted Mueller-Hinton broth,CLSI,1352,,,Enterococcus faecium
sulfamethazine,Resistant,Laboratory Method,1352.3958,Enterococcus faecium strain 158EA1,cation-adjusted Mueller-Hinton broth,CLSI,1352,,,Enterococcus faecium
tetracycline,Susceptible,Laboratory Method,1352.3958,Enterococcus faecium strain 158EA1,cation-adjusted Mueller-Hinton broth,CLSI,1352,,,Enterococcus faecium
tgecycline,Susceptible,Laboratory Method,1352.3958,Enterococcus faecium strain 158EA1,cation-adjusted Mueller-Hinton broth,CLSI,1352,,,Enterococcus faecium
tylosin,Susceptible,Laboratory Method,1352.3958,Enterococcus faecium strain 158EA1,cation-adjusted Mueller-Hinton broth,CLSI,1352,,,Enterococcus faecium
vancomycin,Susceptible,Laboratory Method,1352.3958,Enterococcus faecium strain 158EA1,cation-adjusted Mueller-Hinton broth,CLSI,1352,,,Enterococcus faecium
virginiamycin,Susceptible,Laboratory Method,1352.3958,Enterococcus faecium strain 158EA1,cation-adjusted Mueller-Hinton broth,CLSI,1352,,,Enterococcus faecium
chloramphenicol,Susceptible,Laboratory Method,1352.3959,Enterococcus faecium strain 160AEA1,cation-adjusted Mueller-Hinton broth,CLSI,1352,,,Enterococcus faecium
ciprofloxacin,Susceptible,Laboratory Method,1352.3959,Enterococcus faecium strain 160AEA1,cation-adjusted Mueller-Hinton broth,CLSI,1352,,,Enterococcus faecium
daptomycin,Susceptible,Laboratory Method,1352.3959,Enterococcus faecium strain 160AEA1,cation-adjusted Mueller-Hinton broth,CLSI,1352,,,Enterococcus faecium
erythromycin,Susceptible,Laboratory Method,1352.3959,Enterococcus faecium strain 160AEA1,cation-adjusted Mueller-Hinton broth,CLSI,1352,,,Enterococcus faecium
gentamicin,Susceptible,Laboratory Method,1352.3959,Enterococcus faecium strain 160AEA1,cation-adjusted Mueller-Hinton broth,CLSI,1352,,,Enterococcus faecium
kanamycin,Susceptible,Laboratory Method,1352.3959,Enterococcus faecium strain 160AEA1,cation-adjusted Mueller-Hinton broth,CLSI,1352,,,Enterococcus faecium
lincomycin,Resistant,Laboratory Method,1352.3959,Enterococcus faecium strain 160AEA1,cation-adjusted Mueller-Hinton broth,CLSI,1352,,,Enterococcus faecium
linezolid,Susceptible,Laboratory Method,1352.3959,Enterococcus faecium strain 160AEA1,cation-adjusted Mueller-Hinton broth,CLSI,1352,,,Enterococcus faecium
penicillin,Susceptible,Laboratory Method,1352.3959,Enterococcus faecium strain 160AEA1,cation-adjusted Mueller-Hinton broth,CLSI,1352,,,Enterococcus faecium
sulfamethazine,Resistant,Laboratory Method,1352.3959,Enterococcus faecium strain 160AEA1,cation-adjusted Mueller-Hinton broth,CLSI,1352,,,Enterococcus faecium
tgecycline,Susceptible,Laboratory Method,1352.3959,Enterococcus faecium strain 160AEA1,cation-adjusted Mueller-Hinton broth,CLSI,1352,,,Enterococcus faecium
tylosin,Resistant,Laboratory Method,1352.3959,Enterococcus faecium strain 160AEA1,cation-adjusted Mueller-Hinton broth,CLSI,1352,,,Enterococcus faecium
vancomycin,Susceptible,Laboratory Method,1352.3959,Enterococcus faecium strain 160AEA1,cation-adjusted Mueller-Hinton broth,CLSI,1352,,,Enterococcus faecium
virginiamycin,Resistant,Laboratory Method,1352.3959,Enterococcus faecium strain 160AEA1,cation-adjusted Mueller-Hinton broth,CLSI,1352,,,Enterococcus faecium
chloramphenicol,Susceptible,Laboratory Method,1352.3960,Enterococcus faecium strain 163EA1,cation-adjusted Mueller-Hinton broth,CLSI,1352,,,Enterococcus faecium
ciprofloxacin,Susceptible,Laboratory Method,1352.3960,Enterococcus faecium strain 163EA1,cation-adjusted Mueller-Hinton broth,CLSI,1352,,,Enterococcus faecium
daptomycin,Susceptible,Laboratory Method,1352.3960,Enterococcus faecium strain 163EA1,cation-adjusted Mueller-Hinton broth,CLSI,1352,,,Enterococcus faecium
erythromycin,Resistant,Laboratory Method,1352.3960,Enterococcus faecium strain 163EA1,cation-adjusted Mueller-Hinton broth,CLSI,1352,,,Enterococcus faecium
gentamicin,Susceptible,Laboratory Method,1352.3960,Enterococcus faecium strain 163EA1,cation-adjusted Mueller-Hinton broth,CLSI,1352,,,Enterococcus faecium
kanamycin,Susceptible,Laboratory Method,1352.3960,Enterococcus faecium strain 163EA1,cation-adjusted Mueller-Hinton broth,CLSI,1352,,,Enterococcus faecium
lincomycin,Resistant,Laboratory Method,1352.3960,Enterococcus faecium strain 163EA1,cation-adjusted Mueller-Hinton broth,CLSI,1352,,,Enterococcus faecium
linezolid,Susceptible,Laboratory Method,1352.3960,Enterococcus faecium strain 163EA1,cation-adjusted Mueller-Hinton broth,CLSI,1352,,,Enterococcus faecium
penicillin,Susceptible,Laboratory Method,1352.3960,Enterococcus faecium strain 163EA1,cation-adjusted Mueller-Hinton broth,CLSI,1352,,,Enterococcus faecium
sulfamethazine,Resistant,Laboratory Method,1352.3960,Enterococcus faecium strain 163EA1,cation-adjusted Mueller-Hinton broth,CLSI,1352,,,Enterococcus faecium
tetracycline,Resistant,Laboratory Method,1352.3960,Enterococcus faecium strain 163EA1,cation-adjusted Mueller-Hinton broth,CLSI,1352,,,Enterococcus faecium
tgecycline,Susceptible,Laboratory Method,1352.3960,Enterococcus faecium strain 163EA1,cation-adjusted Mueller-Hinton broth,CLSI,1352,,,Enterococcus faecium
tylosin,Resistant,Laboratory Method,1352.3960,Enterococcus faecium strain 163EA1,cation-adjusted Mueller-Hinton broth,CLSI,1352,,,Enterococcus faecium
vancomycin,Susceptible,Laboratory Method,1352.3960,Enterococcus faecium strain 163EA1,cation-adjusted Mueller-Hinton broth,CLSI,1352,,,Enterococcus faecium
virginiamycin,Resistant,Laboratory Method,1352.3960,Enterococcus faecium strain 163EA1,cation-adjusted Mueller-Hinton broth,CLSI,1352,,,Enterococcus faecium
chloramphenicol,Susceptible,Laboratory Method,1352.3961,Enterococcus faecium strain 173EA1,cation-adjusted Mueller-Hinton broth,CLSI,1352,,,Enterococcus faecium
daptomycin,Susceptible,Laboratory Method,1352.3961,Enterococcus faecium strain 173EA1,cation-adjusted Mueller-Hinton broth,CLSI,1352,,,Enterococcus faecium
erythromycin,Resistant,Laboratory Method,1352.3961,Enterococcus faecium strain 173EA1,cation-adjusted Mueller-Hinton broth,CLSI,1352,,,Enterococcus faecium
gentamicin,Resistant,Laboratory Method,1352.3961,Enterococcus faecium strain 173EA1,cation-adjusted Mueller-Hinton broth,CLSI,1352,,,Enterococcus faecium
kanamycin,Susceptible,Laboratory Method,1352.3961,Enterococcus faecium strain 173EA1,cation-adjusted Mueller-Hinton broth,CLSI,1352,,,Enterococcus faecium
lincomycin,Resistant,Laboratory Method,1352.3961,Enterococcus faecium strain 173EA1,cation-adjusted Mueller-Hinton broth,CLSI,1352,,,Enterococcus faecium
linezolid,Susceptible,Laboratory Method,1352.3961,Enterococcus faecium strain 173EA1,cation-adjusted Mueller-Hinton broth,CLSI,1352,,,Enterococcus faecium
penicillin,Susceptible,Laboratory Method,1352.3961,Enterococcus faecium strain 173EA1,cation-adjusted Mueller-Hinton broth,CLSI,1352,,,Enterococcus faecium
sulfamethazine,Resistant,Laboratory Method,1352.3961,Enterococcus faecium strain 173EA1,cation-adjusted Mueller-Hinton broth,CLSI,1352,,,Enterococcus faecium
tetracycline,Susceptible,Laboratory Method,1352.3961,Enterococcus faecium strain 173EA1,cation-adjusted Mueller-Hinton broth,CLSI,1352,,,Enterococcus faecium
tgecycline,Susceptible,Laboratory Method,1352.3961,Enterococcus faecium strain 173EA1,cation-adjusted Mueller-Hinton broth,CLSI,1352,,,Enterococcus faecium
tylosin,Susceptible,Laboratory Method,1352.3961,Enterococcus faecium strain 173EA1,cation-adjusted Mueller-Hinton broth,CLSI,1352,,,Enterococcus faecium
vancomycin,Susceptible,Laboratory Method,1352.3961,Enterococcus faecium strain 173EA1,cation-adjusted Mueller-Hinton broth,CLSI,1352,,,Enterococcus faecium
virginiamycin,Resistant,Laboratory Method,1352.3961,Enterococcus faecium strain 173EA1,cation-adjusted Mueller-Hinton broth,CLSI,1352,,,Enterococcus faecium
chloramphenicol,Susceptible,Laboratory Method,1352.3962,Enterococcus faecium strain 177EA1,cation-adjusted Mueller-Hinton broth,CLSI,1352,,,Enterococcus faecium
daptomycin,Susceptible,Laboratory Method,1352.3962,Enterococcus faecium strain 177EA1,cation-adjusted Mueller-Hinton broth,CLSI,1352,,,Enterococcus faecium
erythromycin,Resistant,Laboratory Method,1352.3962,Enterococcus faecium strain 177EA1,cation-adjusted Mueller-Hinton broth,CLSI,1352,,,Enterococcus faecium
gentamicin,Susceptible,Laboratory Method,1352.3962,Enterococcus faecium strain 177EA1,cation-adjusted Mueller-Hinton broth,CLSI,1352,,,Enterococcus faecium
kanamycin,Susceptible,Laboratory Method,1352.3962,Enterococcus faecium strain 177EA1,cation-adjusted Mueller-Hinton broth,CLSI,1352,,,Enterococcus faecium
lincomycin,Resistant,Laboratory Method,1352.3962,Enterococcus faecium strain 177EA1,cation-adjusted Mueller-Hinton broth,CLSI,1352,,,Enterococcus faecium
linezolid,Susceptible,Laboratory Method,1352.3962,Enterococcus faecium strain 177EA1,cation-adjusted Mueller-Hinton broth,CLSI,1352,,,Enterococcus faecium
penicillin,Susceptible,Laboratory Method,1352.3962,Enterococcus faecium strain 177EA1,cation-adjusted Mueller-Hinton broth,CLSI,1352,,,Enterococcus faecium
sulfamethazine,Resistant,Laboratory Method,1352.3962,Enterococcus faecium strain 177EA1,cation-adjusted Mueller-Hinton broth,CLSI,1352,,,Enterococcus faecium
tetracycline,Resistant,Laboratory Method,1352.3962,Enterococcus faecium strain 177EA1,cation-adjusted Mueller-Hinton broth,CLSI,1352,,,Enterococcus faecium
tgecycline,Susceptible,Laboratory Method,1352.3962,Enterococcus faecium strain 177EA1,cation-adjusted Mueller-Hinton broth,CLSI,1352,,,Enterococcus faecium
tylosin,Resistant,Laboratory Method,1352.3962,Enterococcus faecium strain 177EA1,cation-adjusted Mueller-Hinton broth,CLSI,1352,,,Enterococcus faecium
vancomycin,Susceptible,Laboratory Method,1352.3962,Enterococcus faecium strain 177EA1,cation-adjusted Mueller-Hinton broth,CLSI,1352,,,Enterococcus faecium
virginiamycin,Resistant,Laboratory Method,1352.3962,Enterococcus faecium strain 177EA1,cation-adjusted Mueller-Hinton broth,CLSI,1352,,,Enterococcus faecium
chloramphenicol,Susceptible,Laboratory Method,1352.3963,Enterococcus faecium strain 176EA1,cation-adjusted Mueller-Hinton broth,CLSI,1352,,,Enterococcus faecium
ciprofloxacin,Susceptible,Laboratory Method,1352.3963,Enterococcus faecium strain 176EA1,cation-adjusted Mueller-Hinton broth,CLSI,1352,,,Enterococcus faecium
daptomycin,Susceptible,Laboratory Method,1352.3963,Enterococcus faecium strain 176EA1,cation-adjusted Mueller-Hinton broth,CLSI,1352,,,Enterococcus faecium
erythromycin,Susceptible,Laboratory Method,1352.3963,Enterococcus faecium strain 176EA1,cation-adjusted Mueller-Hinton broth,CLSI,1352,,,Enterococcus faecium
gentamicin,Susceptible,Laboratory Method,1352.3963,Enterococcus faecium strain 176EA1,cation-adjusted Mueller-Hinton broth,CLSI,1352,,,Enterococcus faecium
kanamycin,Susceptible,Laboratory Method,1352.3963,Enterococcus faecium strain 176EA1,cation-adjusted Mueller-Hinton broth,CLSI,1352,,,Enterococcus faecium
lincomycin,Susceptible,Laboratory Method,1352.3963,Enterococcus faecium strain 176EA1,cation-adjusted Mueller-Hinton broth,CLSI,1352,,,Enterococcus faecium
linezolid,Susceptible,Laboratory Method,1352.3963,Enterococcus faecium strain 176EA1,cation-adjusted Mueller-Hinton broth,CLSI,1352,,,Enterococcus faecium
penicillin,Susceptible,Laboratory Method,1352.3963,Enterococcus faecium strain 176EA1,cation-adjusted Mueller-Hinton broth,CLSI,1352,,,Enterococcus faecium
sulfamethazine,Resistant,Laboratory Method,1352.3963,Enterococcus faecium strain 176EA1,cation-adjusted Mueller-Hinton broth,CLSI,1352,,,Enterococcus faecium
tetracycline,Susceptible,Laboratory Method,1352.3963,Enterococcus faecium strain 176EA1,cation-adjusted Mueller-Hinton broth,CLSI,1352,,,Enterococcus faecium
tgecycline,Susceptible,Laboratory Method,1352.3963,Enterococcus faecium strain 176EA1,cation-adjusted Mueller-Hinton broth,CLSI,1352,,,Enterococcus faecium
tylosin,Susceptible,Laboratory Method,1352.3963,Enterococcus faecium strain 176EA1,cation-adjusted Mueller-Hinton broth,CLSI,1352,,,Enterococcus faecium
vancomycin,Susceptible,Laboratory Method,1352.3963,Enterococcus faecium strain 176EA1,cation-adjusted Mueller-Hinton broth,CLSI,1352,,,Enterococcus faecium
virginiamycin,Susceptible,Laboratory Method,1352.3963,Enterococcus faecium strain 176EA1,cation-adjusted Mueller-Hinton broth,CLSI,1352,,,Enterococcus faecium
chloramphenicol,Susceptible,Laboratory Method,1352.3964,Enterococcus faecium strain 197EA1,cation-adjusted Mueller-Hinton broth,CLSI,1352,,,Enterococcus faecium
ciprofloxacin,Susceptible,Laboratory Method,1352.3964,Enterococcus faecium strain 197EA1,cation-adjusted Mueller-Hinton broth,CLSI,1352,,,Enterococcus faecium
daptomycin,Susceptible,Laboratory Method,1352.3964,Enterococcus faecium strain 197EA1,cation-adjusted Mueller-Hinton broth,CLSI,1352,,,Enterococcus faecium
erythromycin,Susceptible,Laboratory Method,1352.3964,Enterococcus faecium strain 197EA1,cation-adjusted Mueller-Hinton broth,CLSI,1352,,,Enterococcus faecium
gentamicin,Susceptible,Laboratory Method,1352.3964,Enterococcus faecium strain 197EA1,cation-adjusted Mueller-Hinton broth,CLSI,1352,,,Enterococcus faecium
kanamycin,Susceptible,Laboratory Method,1352.3964,Enterococcus faecium strain 197EA1,cation-adjusted Mueller-Hinton broth,CLSI,1352,,,Enterococcus faecium
lincomycin,Resistant,Laboratory Method,1352.3964,Enterococcus faecium strain 197EA1,cation-adjusted Mueller-Hinton broth,CLSI,1352,,,Enterococcus faecium
linezolid,Susceptible,Laboratory Method,1352.3964,Enterococcus faecium strain 197EA1,cation-adjusted Mueller-Hinton broth,CLSI,1352,,,Enterococcus faecium
penicillin,Susceptible,Laboratory Method,1352.3964,Enterococcus faecium strain 197EA1,cation-adjusted Mueller-Hinton broth,CLSI,1352,,,Enterococcus faecium
sulfamethazine,Resistant,Laboratory Method,1352.3964,Enterococcus faecium strain 197EA1,cation-adjusted Mueller-Hinton broth,CLSI,1352,,,Enterococcus faecium
tetracycline,Resistant,Laboratory Method,1352.3964,Enterococcus faecium strain 197EA1,cation-adjusted Mueller-Hinton broth,CLSI,1352,,,Enterococcus faecium
tgecycline,Susceptible,Laboratory Method,1352.3964,Enterococcus faecium strain 197EA1,cation-adjusted Mueller-Hinton broth,CLSI,1352,,,Enterococcus faecium
tylosin,Susceptible,Laboratory Method,1352.3964,Enterococcus faecium strain 197EA1,cation-adjusted Mueller-Hinton broth,CLSI,1352,,,Enterococcus faecium
vancomycin,Susceptible,Laboratory Method,1352.3964,Enterococcus faecium strain 197EA1,cation-adjusted Mueller-Hinton broth,CLSI,1352,,,Enterococcus faecium
chloramphenicol,Susceptible,Laboratory Method,1352.3965,Enterococcus faecium strain 242EA1,cation-adjusted Mueller-Hinton broth,CLSI,1352,,,Enterococcus faecium
ciprofloxacin,Resistant,Laboratory Method,1352.3965,Enterococcus faecium strain 242EA1,cation-adjusted Mueller-Hinton broth,CLSI,1352,,,Enterococcus faecium
daptomycin,Susceptible,Laboratory Method,1352.3965,Enterococcus faecium strain 242EA1,cation-adjusted Mueller-Hinton broth,CLSI,1352,,,Enterococcus faecium
erythromycin,Resistant,Laboratory Method,1352.3965,Enterococcus faecium strain 242EA1,cation-adjusted Mueller-Hinton broth,CLSI,1352,,,Enterococcus faecium
gentamicin,Resistant,Laboratory Method,1352.3965,Enterococcus faecium strain 242EA1,cation-adjusted Mueller-Hinton broth,CLSI,1352,,,Enterococcus faecium
kanamycin,Resistant,Laboratory Method,1352.3965,Enterococcus faecium strain 242EA1,cation-adjusted Mueller-Hinton broth,CLSI,1352,,,Enterococcus faecium
lincomycin,Resistant,Laboratory Method,1352.3965,Enterococcus faecium strain 242EA1,cation-adjusted Mueller-Hinton broth,CLSI,1352,,,Enterococcus faecium
linezolid,Susceptible,Laboratory Method,1352.3965,Enterococcus faecium strain 242EA1,cation-adjusted Mueller-Hinton broth,CLSI,1352,,,Enterococcus faecium
penicillin,Susceptible,Laboratory Method,1352.3965,Enterococcus faecium strain 242EA1,cation-adjusted Mueller-Hinton broth,CLSI,1352,,,Enterococcus faecium
sulfamethazine,Resistant,Laboratory Method,1352.3965,Enterococcus faecium strain 242EA1,cation-adjusted Mueller-Hinton broth,CLSI,1352,,,Enterococcus faecium
tetracycline,Resistant,Laboratory Method,1352.3965,Enterococcus faecium strain 242EA1,cation-adjusted Mueller-Hinton broth,CLSI,1352,,,Enterococcus faecium
tgecycline,Susceptible,Laboratory Method,1352.3965,Enterococcus faecium strain 242EA1,cation-adjusted Mueller-Hinton broth,CLSI,1352,,,Enterococcus faecium
tylosin,Resistant,Laboratory Method,1352.3965,Enterococcus faecium strain 242EA1,cation-adjusted Mueller-Hinton broth,CLSI,1352,,,Enterococcus faecium
vancomycin,Susceptible,Laboratory Method,1352.3965,Enterococcus faecium strain 242EA1,cation-adjusted Mueller-Hinton broth,CLSI,1352,,,Enterococcus faecium
virginiamycin,Resistant,Laboratory Method,1352.3965,Enterococcus faecium strain 242EA1,cation-adjusted Mueller-Hinton broth,CLSI,1352,,,Enterococcus faecium
chloramphenicol,Susceptible,Laboratory Method,1352.3966,Enterococcus faecium strain 261EA1,cation-adjusted Mueller-Hinton broth,CLSI,1352,,,Enterococcus faecium
daptomycin,Susceptible,Laboratory Method,1352.3966,Enterococcus faecium strain 261EA1,cation-adjusted Mueller-Hinton broth,CLSI,1352,,,Enterococcus faecium
erythromycin,Resistant,Laboratory Method,1352.3966,Enterococcus faecium strain 261EA1,cation-adjusted Mueller-Hinton broth,CLSI,1352,,,Enterococcus faecium
gentamicin,Resistant,Laboratory Method,1352.3966,Enterococcus faecium strain 261EA1,cation-adjusted Mueller-Hinton broth,CLSI,1352,,,Enterococcus faecium
kanamycin,Resistant,Laboratory Method,1352.3966,Enterococcus faecium strain 261EA1,cation-adjusted Mueller-Hinton broth,CLSI,1352,,,Enterococcus faecium
lincomycin,Resistant,Laboratory Method,1352.3966,Enterococcus faecium strain 261EA1,cation-adjusted Mueller-Hinton broth,CLSI,1352,,,Enterococcus faecium
linezolid,Susceptible,Laboratory Method,1352.3966,Enterococcus faecium strain 261EA1,cation-adjusted Mueller-Hinton broth,CLSI,1352,,,Enterococcus faecium
penicillin,Susceptible,Laboratory Method,1352.3966,Enterococcus faecium strain 261EA1,cation-adjusted Mueller-Hinton broth,CLSI,1352,,,Enterococcus faecium
sulfamethazine,Resistant,Laboratory Method,1352.3966,Enterococcus faecium strain 261EA1,cation-adjusted Mueller-Hinton broth,CLSI,1352,,,Enterococcus faecium
tetracycline,Resistant,Laboratory Method,1352.3966,Enterococcus faecium strain 261EA1,cation-adjusted Mueller-Hinton broth,CLSI,1352,,,Enterococcus faecium
tgecycline,Susceptible,Laboratory Method,1352.3966,Enterococcus faecium strain 261EA1,cation-adjusted Mueller-Hinton broth,CLSI,1352,,,Enterococcus faecium
tylosin,Resistant,Laboratory Method,1352.3966,Enterococcus faecium strain 261EA1,cation-adjusted Mueller-Hinton broth,CLSI,1352,,,Enterococcus faecium
vancomycin,Susceptible,Laboratory Method,1352.3966,Enterococcus faecium strain 261EA1,cation-adjusted Mueller-Hinton broth,CLSI,1352,,,Enterococcus faecium
virginiamycin,Resistant,Laboratory Method,1352.3966,Enterococcus faecium strain 261EA1,cation-adjusted Mueller-Hinton broth,CLSI,1352,,,Enterococcus faecium
chloramphenicol,Susceptible,Laboratory Method,1352.3967,Enterococcus faecium strain 205EA1,cation-adjusted Mueller-Hinton broth,CLSI,1352,,,Enterococcus faecium
ciprofloxacin,Susceptible,Laboratory Method,1352.3967,Enterococcus faecium strain 205EA1,cation-adjusted Mueller-Hinton broth,CLSI,1352,,,Enterococcus faecium
daptomycin,Susceptible,Laboratory Method,1352.3967,Enterococcus faecium strain 205EA1,cation-adjusted Mueller-Hinton broth,CLSI,1352,,,Enterococcus faecium
erythromycin,Susceptible,Laboratory Method,1352.3967,Enterococcus faecium strain 205EA1,cation-adjusted Mueller-Hinton broth,CLSI,1352,,,Enterococcus faecium
gentamicin,Resistant,Laboratory Method,1352.3967,Enterococcus faecium strain 205EA1,cation-adjusted Mueller-Hinton broth,CLSI,1352,,,Enterococcus faecium
kanamycin,Resistant,Laboratory Method,1352.3967,Enterococcus faecium strain 205EA1,cation-adjusted Mueller-Hinton broth,CLSI,1352,,,Enterococcus faecium
lincomycin,Resistant,Laboratory Method,1352.3967,Enterococcus faecium strain 205EA1,cation-adjusted Mueller-Hinton broth,CLSI,1352,,,Enterococcus faecium
linezolid,Susceptible,Laboratory Method,1352.3967,Enterococcus faecium strain 205EA1,cation-adjusted Mueller-Hinton broth,CLSI,1352,,,Enterococcus faecium
penicillin,Susceptible,Laboratory Method,1352.3967,Enterococcus faecium strain 205EA1,cation-adjusted Mueller-Hinton broth,CLSI,1352,,,Enterococcus faecium
sulfamethazine,Resistant,Laboratory Method,1352.3967,Enterococcus faecium strain 205EA1,cation-adjusted Mueller-Hinton broth,CLSI,1352,,,Enterococcus faecium
tetracycline,Susceptible,Laboratory Method,1352.3967,Enterococcus faecium strain 205EA1,cation-adjusted Mueller-Hinton broth,CLSI,1352,,,Enterococcus faecium
tgecycline,Susceptible,Laboratory Method,1352.3967,Enterococcus faecium strain 205EA1,cation-adjusted Mueller-Hinton broth,CLSI,1352,,,Enterococcus faecium
tylosin,Susceptible,Laboratory Method,1352.3967,Enterococcus faecium strain 205EA1,cation-adjusted Mueller-Hinton broth,CLSI,1352,,,Enterococcus faecium
vancomycin,Susceptible,Laboratory Method,1352.3967,Enterococcus faecium strain 205EA1,cation-adjusted Mueller-Hinton broth,CLSI,1352,,,Enterococcus faecium
virginiamycin,Resistant,Laboratory Method,1352.3967,Enterococcus faecium strain 205EA1,cation-adjusted Mueller-Hinton broth,CLSI,1352,,,Enterococcus faecium
chloramphenicol,Susceptible,Laboratory Method,1352.3968,Enterococcus faecium strain 235EA1,cation-adjusted Mueller-Hinton broth,CLSI,1352,,,Enterococcus faecium
daptomycin,Susceptible,Laboratory Method,1352.3968,Enterococcus faecium strain 235EA1,cation-adjusted Mueller-Hinton broth,CLSI,1352,,,Enterococcus faecium
erythromycin,Resistant,Laboratory Method,1352.3968,Enterococcus faecium strain 235EA1,cation-adjusted Mueller-Hinton broth,CLSI,1352,,,Enterococcus faecium
gentamicin,Resistant,Laboratory Method,1352.3968,Enterococcus faecium strain 235EA1,cation-adjusted Mueller-Hinton broth,CLSI,1352,,,Enterococcus faecium
kanamycin,Resistant,Laboratory Method,1352.3968,Enterococcus faecium strain 235EA1,cation-adjusted Mueller-Hinton broth,CLSI,1352,,,Enterococcus faecium
lincomycin,Resistant,Laboratory Method,1352.3968,Enterococcus faecium strain 235EA1,cation-adjusted Mueller-Hinton broth,CLSI,1352,,,Enterococcus faecium
linezolid,Susceptible,Laboratory Method,1352.3968,Enterococcus faecium strain 235EA1,cation-adjusted Mueller-Hinton broth,CLSI,1352,,,Enterococcus faecium
penicillin,Susceptible,Laboratory Method,1352.3968,Enterococcus faecium strain 235EA1,cation-adjusted Mueller-Hinton broth,CLSI,1352,,,Enterococcus faecium
sulfamethazine,Resistant,Laboratory Method,1352.3968,Enterococcus faecium strain 235EA1,cation-adjusted Mueller-Hinton broth,CLSI,1352,,,Enterococcus faecium
tetracycline,Susceptible,Laboratory Method,1352.3968,Enterococcus faecium strain 235EA1,cation-adjusted Mueller-Hinton broth,CLSI,1352,,,Enterococcus faecium
tgecycline,Susceptible,Laboratory Method,1352.3968,Enterococcus faecium strain 235EA1,cation-adjusted Mueller-Hinton broth,CLSI,1352,,,Enterococcus faecium
tylosin,Resistant,Laboratory Method,1352.3968,Enterococcus faecium strain 235EA1,cation-adjusted Mueller-Hinton broth,CLSI,1352,,,Enterococcus faecium
vancomycin,Susceptible,Laboratory Method,1352.3968,Enterococcus faecium strain 235EA1,cation-adjusted Mueller-Hinton broth,CLSI,1352,,,Enterococcus faecium
virginiamycin,Resistant,Laboratory Method,1352.3968,Enterococcus faecium strain 235EA1,cation-adjusted Mueller-Hinton broth,CLSI,1352,,,Enterococcus faecium
chloramphenicol,Susceptible,Laboratory Method,1352.3969,Enterococcus faecium strain 248EA1,cation-adjusted Mueller-Hinton broth,CLSI,1352,,,Enterococcus faecium
ciprofloxacin,Susceptible,Laboratory Method,1352.3969,Enterococcus faecium strain 248EA1,cation-adjusted Mueller-Hinton broth,CLSI,1352,,,Enterococcus faecium
daptomycin,Susceptible,Laboratory Method,1352.3969,Enterococcus faecium strain 248EA1,cation-adjusted Mueller-Hinton broth,CLSI,1352,,,Enterococcus faecium
erythromycin,Resistant,Laboratory Method,1352.3969,Enterococcus faecium strain 248EA1,cation-adjusted Mueller-Hinton broth,CLSI,1352,,,Enterococcus faecium
gentamicin,Susceptible,Laboratory Method,1352.3969,Enterococcus faecium strain 248EA1,cation-adjusted Mueller-Hinton broth,CLSI,1352,,,Enterococcus faecium
kanamycin,Susceptible,Laboratory Method,1352.3969,Enterococcus faecium strain 248EA1,cation-adjusted Mueller-Hinton broth,CLSI,1352,,,Enterococcus faecium
lincomycin,Resistant,Laboratory Method,1352.3969,Enterococcus faecium strain 248EA1,cation-adjusted Mueller-Hinton broth,CLSI,1352,,,Enterococcus faecium
linezolid,Susceptible,Laboratory Method,1352.3969,Enterococcus faecium strain 248EA1,cation-adjusted Mueller-Hinton broth,CLSI,1352,,,Enterococcus faecium
penicillin,Susceptible,Laboratory Method,1352.3969,Enterococcus faecium strain 248EA1,cation-adjusted Mueller-Hinton broth,CLSI,1352,,,Enterococcus faecium
sulfamethazine,Resistant,Laboratory Method,1352.3969,Enterococcus faecium strain 248EA1,cation-adjusted Mueller-Hinton broth,CLSI,1352,,,Enterococcus faecium
tetracycline,Resistant,Laboratory Method,1352.3969,Enterococcus faecium strain 248EA1,cation-adjusted Mueller-Hinton broth,CLSI,1352,,,Enterococcus faecium
tgecycline,Susceptible,Laboratory Method,1352.3969,Enterococcus faecium strain 248EA1,cation-adjusted Mueller-Hinton broth,CLSI,1352,,,Enterococcus faecium
tylosin,Resistant,Laboratory Method,1352.3969,Enterococcus faecium strain 248EA1,cation-adjusted Mueller-Hinton broth,CLSI,1352,,,Enterococcus faecium
vancomycin,Susceptible,Laboratory Method,1352.3969,Enterococcus faecium strain 248EA1,cation-adjusted Mueller-Hinton broth,CLSI,1352,,,Enterococcus faecium
virginiamycin,Resistant,Laboratory Method,1352.3969,Enterococcus faecium strain 248EA1,cation-adjusted Mueller-Hinton broth,CLSI,1352,,,Enterococcus faecium
chloramphenicol,Susceptible,Laboratory Method,1352.3970,Enterococcus faecium strain 268EA1,cation-adjusted Mueller-Hinton broth,CLSI,1352,,,Enterococcus faecium
daptomycin,Susceptible,Laboratory Method,1352.3970,Enterococcus faecium strain 268EA1,cation-adjusted Mueller-Hinton broth,CLSI,1352,,,Enterococcus faecium
erythromycin,Resistant,Laboratory Method,1352.3970,Enterococcus faecium strain 268EA1,cation-adjusted Mueller-Hinton broth,CLSI,1352,,,Enterococcus faecium
gentamicin,Susceptible,Laboratory Method,1352.3970,Enterococcus faecium strain 268EA1,cation-adjusted Mueller-Hinton broth,CLSI,1352,,,Enterococcus faecium
kanamycin,Susceptible,Laboratory Method,1352.3970,Enterococcus faecium strain 268EA1,cation-adjusted Mueller-Hinton broth,CLSI,1352,,,Enterococcus faecium
lincomycin,Resistant,Laboratory Method,1352.3970,Enterococcus faecium strain 268EA1,cation-adjusted Mueller-Hinton broth,CLSI,1352,,,Enterococcus faecium
linezolid,Susceptible,Laboratory Method,1352.3970,Enterococcus faecium strain 268EA1,cation-adjusted Mueller-Hinton broth,CLSI,1352,,,Enterococcus faecium
penicillin,Susceptible,Laboratory Method,1352.3970,Enterococcus faecium strain 268EA1,cation-adjusted Mueller-Hinton broth,CLSI,1352,,,Enterococcus faecium
sulfamethazine,Resistant,Laboratory Method,1352.3970,Enterococcus faecium strain 268EA1,cation-adjusted Mueller-Hinton broth,CLSI,1352,,,Enterococcus faecium
tetracycline,Resistant,Laboratory Method,1352.3970,Enterococcus faecium strain 268EA1,cation-adjusted Mueller-Hinton broth,CLSI,1352,,,Enterococcus faecium
tgecycline,Susceptible,Laboratory Method,1352.3970,Enterococcus faecium strain 268EA1,cation-adjusted Mueller-Hinton broth,CLSI,1352,,,Enterococcus faecium
tylosin,Resistant,Laboratory Method,1352.3970,Enterococcus faecium strain 268EA1,cation-adjusted Mueller-Hinton broth,CLSI,1352,,,Enterococcus faecium
vancomycin,Susceptible,Laboratory Method,1352.3970,Enterococcus faecium strain 268EA1,cation-adjusted Mueller-Hinton broth,CLSI,1352,,,Enterococcus faecium
virginiamycin,Resistant,Laboratory Method,1352.3970,Enterococcus faecium strain 268EA1,cation-adjusted Mueller-Hinton broth,CLSI,1352,,,Enterococcus faecium
chloramphenicol,Susceptible,Laboratory Method,1352.3971,Enterococcus faecium strain 276EA1,cation-adjusted Mueller-Hinton broth,CLSI,1352,,,Enterococcus faecium
daptomycin,Susceptible,Laboratory Method,1352.3971,Enterococcus faecium strain 276EA1,cation-adjusted Mueller-Hinton broth,CLSI,1352,,,Enterococcus faecium
erythromycin,Resistant,Laboratory Method,1352.3971,Enterococcus faecium strain 276EA1,cation-adjusted Mueller-Hinton broth,CLSI,1352,,,Enterococcus faecium
gentamicin,Resistant,Laboratory Method,1352.3971,Enterococcus faecium strain 276EA1,cation-adjusted Mueller-Hinton broth,CLSI,1352,,,Enterococcus faecium
kanamycin,Susceptible,Laboratory Method,1352.3971,Enterococcus faecium strain 276EA1,cation-adjusted Mueller-Hinton broth,CLSI,1352,,,Enterococcus faecium
lincomycin,Resistant,Laboratory Method,1352.3971,Enterococcus faecium strain 276EA1,cation-adjusted Mueller-Hinton broth,CLSI,1352,,,Enterococcus faecium
linezolid,Susceptible,Laboratory Method,1352.3971,Enterococcus faecium strain 276EA1,cation-adjusted Mueller-Hinton broth,CLSI,1352,,,Enterococcus faecium
penicillin,Susceptible,Laboratory Method,1352.3971,Enterococcus faecium strain 276EA1,cation-adjusted Mueller-Hinton broth,CLSI,1352,,,Enterococcus faecium
sulfamethazine,Resistant,Laboratory Method,1352.3971,Enterococcus faecium strain 276EA1,cation-adjusted Mueller-Hinton broth,CLSI,1352,,,Enterococcus faecium
tetracycline,Resistant,Laboratory Method,1352.3971,Enterococcus faecium strain 276EA1,cation-adjusted Mueller-Hinton broth,CLSI,1352,,,Enterococcus faecium
tgecycline,Susceptible,Laboratory Method,1352.3971,Enterococcus faecium strain 276EA1,cation-adjusted Mueller-Hinton broth,CLSI,1352,,,Enterococcus faecium
tylosin,Resistant,Laboratory Method,1352.3971,Enterococcus faecium strain 276EA1,cation-adjusted Mueller-Hinton broth,CLSI,1352,,,Enterococcus faecium
vancomycin,Susceptible,Laboratory Method,1352.3971,Enterococcus faecium strain 276EA1,cation-adjusted Mueller-Hinton broth,CLSI,1352,,,Enterococcus faecium
virginiamycin,Resistant,Laboratory Method,1352.3971,Enterococcus faecium strain 276EA1,cation-adjusted Mueller-Hinton broth,CLSI,1352,,,Enterococcus faecium
chloramphenicol,Susceptible,Laboratory Method,1352.3972,Enterococcus faecium strain 264EA1,cation-adjusted Mueller-Hinton broth,CLSI,1352,,,Enterococcus faecium
ciprofloxacin,Susceptible,Laboratory Method,1352.3972,Enterococcus faecium strain 264EA1,cation-adjusted Mueller-Hinton broth,CLSI,1352,,,Enterococcus faecium
daptomycin,Susceptible,Laboratory Method,1352.3972,Enterococcus faecium strain 264EA1,cation-adjusted Mueller-Hinton broth,CLSI,1352,,,Enterococcus faecium
erythromycin,Susceptible,Laboratory Method,1352.3972,Enterococcus faecium strain 264EA1,cation-adjusted Mueller-Hinton broth,CLSI,1352,,,Enterococcus faecium
gentamicin,Resistant,Laboratory Method,1352.3972,Enterococcus faecium strain 264EA1,cation-adjusted Mueller-Hinton broth,CLSI,1352,,,Enterococcus faecium
kanamycin,Resistant,Laboratory Method,1352.3972,Enterococcus faecium strain 264EA1,cation-adjusted Mueller-Hinton broth,CLSI,1352,,,Enterococcus faecium
lincomycin,Resistant,Laboratory Method,1352.3972,Enterococcus faecium strain 264EA1,cation-adjusted Mueller-Hinton broth,CLSI,1352,,,Enterococcus faecium
linezolid,Susceptible,Laboratory Method,1352.3972,Enterococcus faecium strain 264EA1,cation-adjusted Mueller-Hinton broth,CLSI,1352,,,Enterococcus faecium
penicillin,Susceptible,Laboratory Method,1352.3972,Enterococcus faecium strain 264EA1,cation-adjusted Mueller-Hinton broth,CLSI,1352,,,Enterococcus faecium
sulfamethazine,Resistant,Laboratory Method,1352.3972,Enterococcus faecium strain 264EA1,cation-adjusted Mueller-Hinton broth,CLSI,1352,,,Enterococcus faecium
tetracycline,Resistant,Laboratory Method,1352.3972,Enterococcus faecium strain 264EA1,cation-adjusted Mueller-Hinton broth,CLSI,1352,,,Enterococcus faecium
tgecycline,Susceptible,Laboratory Method,1352.3972,Enterococcus faecium strain 264EA1,cation-adjusted Mueller-Hinton broth,CLSI,1352,,,Enterococcus faecium
tylosin,Susceptible,Laboratory Method,1352.3972,Enterococcus faecium strain 264EA1,cation-adjusted Mueller-Hinton broth,CLSI,1352,,,Enterococcus faecium
vancomycin,Susceptible,Laboratory Method,1352.3972,Enterococcus faecium strain 264EA1,cation-adjusted Mueller-Hinton broth,CLSI,1352,,,Enterococcus faecium
virginiamycin,Resistant,Laboratory Method,1352.3972,Enterococcus faecium strain 264EA1,cation-adjusted Mueller-Hinton broth,CLSI,1352,,,Enterococcus faecium
chloramphenicol,Susceptible,Laboratory Method,1352.3973,Enterococcus faecium strain 26EA1,cation-adjusted Mueller-Hinton broth,CLSI,1352,,,Enterococcus faecium
daptomycin,Susceptible,Laboratory Method,1352.3973,Enterococcus faecium strain 26EA1,cation-adjusted Mueller-Hinton broth,CLSI,1352,,,Enterococcus faecium
erythromycin,Resistant,Laboratory Method,1352.3973,Enterococcus faecium strain 26EA1,cation-adjusted Mueller-Hinton broth,CLSI,1352,,,Enterococcus faecium
gentamicin,Resistant,Laboratory Method,1352.3973,Enterococcus faecium strain 26EA1,cation-adjusted Mueller-Hinton broth,CLSI,1352,,,Enterococcus faecium
kanamycin,Resistant,Laboratory Method,1352.3973,Enterococcus faecium strain 26EA1,cation-adjusted Mueller-Hinton broth,CLSI,1352,,,Enterococcus faecium
lincomycin,Resistant,Laboratory Method,1352.3973,Enterococcus faecium strain 26EA1,cation-adjusted Mueller-Hinton broth,CLSI,1352,,,Enterococcus faecium
linezolid,Susceptible,Laboratory Method,1352.3973,Enterococcus faecium strain 26EA1,cation-adjusted Mueller-Hinton broth,CLSI,1352,,,Enterococcus faecium
penicillin,Susceptible,Laboratory Method,1352.3973,Enterococcus faecium strain 26EA1,cation-adjusted Mueller-Hinton broth,CLSI,1352,,,Enterococcus faecium
sulfamethazine,Resistant,Laboratory Method,1352.3973,Enterococcus faecium strain 26EA1,cation-adjusted Mueller-Hinton broth,CLSI,1352,,,Enterococcus faecium
tetracycline,Resistant,Laboratory Method,1352.3973,Enterococcus faecium strain 26EA1,cation-adjusted Mueller-Hinton broth,CLSI,1352,,,Enterococcus faecium
tgecycline,Susceptible,Laboratory Method,1352.3973,Enterococcus faecium strain 26EA1,cation-adjusted Mueller-Hinton broth,CLSI,1352,,,Enterococcus faecium
tylosin,Resistant,Laboratory Method,1352.3973,Enterococcus faecium strain 26EA1,cation-adjusted Mueller-Hinton broth,CLSI,1352,,,Enterococcus faecium
vancomycin,Susceptible,Laboratory Method,1352.3973,Enterococcus faecium strain 26EA1,cation-adjusted Mueller-Hinton broth,CLSI,1352,,,Enterococcus faecium
virginiamycin,Resistant,Laboratory Method,1352.3973,Enterococcus faecium strain 26EA1,cation-adjusted Mueller-Hinton broth,CLSI,1352,,,Enterococcus faecium
chloramphenicol,Susceptible,Laboratory Method,1352.3974,Enterococcus faecium strain 284EA1,cation-adjusted Mueller-Hinton broth,CLSI,1352,,,Enterococcus faecium
ciprofloxacin,Susceptible,Laboratory Method,1352.3974,Enterococcus faecium strain 284EA1,cation-adjusted Mueller-Hinton broth,CLSI,1352,,,Enterococcus faecium
daptomycin,Susceptible,Laboratory Method,1352.3974,Enterococcus faecium strain 284EA1,cation-adjusted Mueller-Hinton broth,CLSI,1352,,,Enterococcus faecium
erythromycin,Susceptible,Laboratory Method,1352.3974,Enterococcus faecium strain 284EA1,cation-adjusted Mueller-Hinton broth,CLSI,1352,,,Enterococcus faecium
gentamicin,Susceptible,Laboratory Method,1352.3974,Enterococcus faecium strain 284EA1,cation-adjusted Mueller-Hinton broth,CLSI,1352,,,Enterococcus faecium
kanamycin,Susceptible,Laboratory Method,1352.3974,Enterococcus faecium strain 284EA1,cation-adjusted Mueller-Hinton broth,CLSI,1352,,,Enterococcus faecium
lincomycin,Resistant,Laboratory Method,1352.3974,Enterococcus faecium strain 284EA1,cation-adjusted Mueller-Hinton broth,CLSI,1352,,,Enterococcus faecium
linezolid,Susceptible,Laboratory Method,1352.3974,Enterococcus faecium strain 284EA1,cation-adjusted Mueller-Hinton broth,CLSI,1352,,,Enterococcus faecium
penicillin,Resistant,Laboratory Method,1352.3974,Enterococcus faecium strain 284EA1,cation-adjusted Mueller-Hinton broth,CLSI,1352,,,Enterococcus faecium
sulfamethazine,Susceptible,Laboratory Method,1352.3974,Enterococcus faecium strain 284EA1,cation-adjusted Mueller-Hinton broth,CLSI,1352,,,Enterococcus faecium
tetracycline,Resistant,Laboratory Method,1352.3974,Enterococcus faecium strain 284EA1,cation-adjusted Mueller-Hinton broth,CLSI,1352,,,Enterococcus faecium
tgecycline,Susceptible,Laboratory Method,1352.3974,Enterococcus faecium strain 284EA1,cation-adjusted Mueller-Hinton broth,CLSI,1352,,,Enterococcus faecium
tylosin,Susceptible,Laboratory Method,1352.3974,Enterococcus faecium strain 284EA1,cation-adjusted Mueller-Hinton broth,CLSI,1352,,,Enterococcus faecium
vancomycin,Susceptible,Laboratory Method,1352.3974,Enterococcus faecium strain 284EA1,cation-adjusted Mueller-Hinton broth,CLSI,1352,,,Enterococcus faecium
virginiamycin,Resistant,Laboratory Method,1352.3974,Enterococcus faecium strain 284EA1,cation-adjusted Mueller-Hinton broth,CLSI,1352,,,Enterococcus faecium
chloramphenicol,Susceptible,Laboratory Method,1352.3975,Enterococcus faecium strain 283EA1,cation-adjusted Mueller-Hinton broth,CLSI,1352,,,Enterococcus faecium
ciprofloxacin,Susceptible,Laboratory Method,1352.3975,Enterococcus faecium strain 283EA1,cation-adjusted Mueller-Hinton broth,CLSI,1352,,,Enterococcus faecium
daptomycin,Susceptible,Laboratory Method,1352.3975,Enterococcus faecium strain 283EA1,cation-adjusted Mueller-Hinton broth,CLSI,1352,,,Enterococcus faecium
gentamicin,Susceptible,Laboratory Method,1352.3975,Enterococcus faecium strain 283EA1,cation-adjusted Mueller-Hinton broth,CLSI,1352,,,Enterococcus faecium
kanamycin,Susceptible,Laboratory Method,1352.3975,Enterococcus faecium strain 283EA1,cation-adjusted Mueller-Hinton broth,CLSI,1352,,,Enterococcus faecium
lincomycin,Resistant,Laboratory Method,1352.3975,Enterococcus faecium strain 283EA1,cation-adjusted Mueller-Hinton broth,CLSI,1352,,,Enterococcus faecium
linezolid,Susceptible,Laboratory Method,1352.3975,Enterococcus faecium strain 283EA1,cation-adjusted Mueller-Hinton broth,CLSI,1352,,,Enterococcus faecium
penicillin,Susceptible,Laboratory Method,1352.3975,Enterococcus faecium strain 283EA1,cation-adjusted Mueller-Hinton broth,CLSI,1352,,,Enterococcus faecium
sulfamethazine,Resistant,Laboratory Method,1352.3975,Enterococcus faecium strain 283EA1,cation-adjusted Mueller-Hinton broth,CLSI,1352,,,Enterococcus faecium
tetracycline,Susceptible,Laboratory Method,1352.3975,Enterococcus faecium strain 283EA1,cation-adjusted Mueller-Hinton broth,CLSI,1352,,,Enterococcus faecium
tgecycline,Susceptible,Laboratory Method,1352.3975,Enterococcus faecium strain 283EA1,cation-adjusted Mueller-Hinton broth,CLSI,1352,,,Enterococcus faecium
tylosin,Susceptible,Laboratory Method,1352.3975,Enterococcus faecium strain 283EA1,cation-adjusted Mueller-Hinton broth,CLSI,1352,,,Enterococcus faecium
vancomycin,Susceptible,Laboratory Method,1352.3975,Enterococcus faecium strain 283EA1,cation-adjusted Mueller-Hinton broth,CLSI,1352,,,Enterococcus faecium
virginiamycin,Resistant,Laboratory Method,1352.3975,Enterococcus faecium strain 283EA1,cation-adjusted Mueller-Hinton broth,CLSI,1352,,,Enterococcus faecium
chloramphenicol,Susceptible,Laboratory Method,1352.3976,Enterococcus faecium strain 292EA1,cation-adjusted Mueller-Hinton broth,CLSI,1352,,,Enterococcus faecium
daptomycin,Susceptible,Laboratory Method,1352.3976,Enterococcus faecium strain 292EA1,cation-adjusted Mueller-Hinton broth,CLSI,1352,,,Enterococcus faecium
erythromycin,Susceptible,Laboratory Method,1352.3976,Enterococcus faecium strain 292EA1,cation-adjusted Mueller-Hinton broth,CLSI,1352,,,Enterococcus faecium
gentamicin,Susceptible,Laboratory Method,1352.3976,Enterococcus faecium strain 292EA1,cation-adjusted Mueller-Hinton broth,CLSI,1352,,,Enterococcus faecium
kanamycin,Susceptible,Laboratory Method,1352.3976,Enterococcus faecium strain 292EA1,cation-adjusted Mueller-Hinton broth,CLSI,1352,,,Enterococcus faecium
lincomycin,Susceptible,Laboratory Method,1352.3976,Enterococcus faecium strain 292EA1,cation-adjusted Mueller-Hinton broth,CLSI,1352,,,Enterococcus faecium
linezolid,Susceptible,Laboratory Method,1352.3976,Enterococcus faecium strain 292EA1,cation-adjusted Mueller-Hinton broth,CLSI,1352,,,Enterococcus faecium
penicillin,Susceptible,Laboratory Method,1352.3976,Enterococcus faecium strain 292EA1,cation-adjusted Mueller-Hinton broth,CLSI,1352,,,Enterococcus faecium
sulfamethazine,Resistant,Laboratory Method,1352.3976,Enterococcus faecium strain 292EA1,cation-adjusted Mueller-Hinton broth,CLSI,1352,,,Enterococcus faecium
tetracycline,Susceptible,Laboratory Method,1352.3976,Enterococcus faecium strain 292EA1,cation-adjusted Mueller-Hinton broth,CLSI,1352,,,Enterococcus faecium
tgecycline,Susceptible,Laboratory Method,1352.3976,Enterococcus faecium strain 292EA1,cation-adjusted Mueller-Hinton broth,CLSI,1352,,,Enterococcus faecium
tylosin,Susceptible,Laboratory Method,1352.3976,Enterococcus faecium strain 292EA1,cation-adjusted Mueller-Hinton broth,CLSI,1352,,,Enterococcus faecium
vancomycin,Susceptible,Laboratory Method,1352.3976,Enterococcus faecium strain 292EA1,cation-adjusted Mueller-Hinton broth,CLSI,1352,,,Enterococcus faecium
virginiamycin,Susceptible,Laboratory Method,1352.3976,Enterococcus faecium strain 292EA1,cation-adjusted Mueller-Hinton broth,CLSI,1352,,,Enterococcus faecium
chloramphenicol,Susceptible,Laboratory Method,1352.3977,Enterococcus faecium strain 29EA1,cation-adjusted Mueller-Hinton broth,CLSI,1352,,,Enterococcus faecium
ciprofloxacin,Susceptible,Laboratory Method,1352.3977,Enterococcus faecium strain 29EA1,cation-adjusted Mueller-Hinton broth,CLSI,1352,,,Enterococcus faecium
daptomycin,Susceptible,Laboratory Method,1352.3977,Enterococcus faecium strain 29EA1,cation-adjusted Mueller-Hinton broth,CLSI,1352,,,Enterococcus faecium
gentamicin,Susceptible,Laboratory Method,1352.3977,Enterococcus faecium strain 29EA1,cation-adjusted Mueller-Hinton broth,CLSI,1352,,,Enterococcus faecium
kanamycin,Susceptible,Laboratory Method,1352.3977,Enterococcus faecium strain 29EA1,cation-adjusted Mueller-Hinton broth,CLSI,1352,,,Enterococcus faecium
lincomycin,Resistant,Laboratory Method,1352.3977,Enterococcus faecium strain 29EA1,cation-adjusted Mueller-Hinton broth,CLSI,1352,,,Enterococcus faecium
linezolid,Susceptible,Laboratory Method,1352.3977,Enterococcus faecium strain 29EA1,cation-adjusted Mueller-Hinton broth,CLSI,1352,,,Enterococcus faecium
penicillin,Susceptible,Laboratory Method,1352.3977,Enterococcus faecium strain 29EA1,cation-adjusted Mueller-Hinton broth,CLSI,1352,,,Enterococcus faecium
sulfamethazine,Resistant,Laboratory Method,1352.3977,Enterococcus faecium strain 29EA1,cation-adjusted Mueller-Hinton broth,CLSI,1352,,,Enterococcus faecium
tetracycline,Susceptible,Laboratory Method,1352.3977,Enterococcus faecium strain 29EA1,cation-adjusted Mueller-Hinton broth,CLSI,1352,,,Enterococcus faecium
tgecycline,Susceptible,Laboratory Method,1352.3977,Enterococcus faecium strain 29EA1,cation-adjusted Mueller-Hinton broth,CLSI,1352,,,Enterococcus faecium
tylosin,Susceptible,Laboratory Method,1352.3977,Enterococcus faecium strain 29EA1,cation-adjusted Mueller-Hinton broth,CLSI,1352,,,Enterococcus faecium
vancomycin,Susceptible,Laboratory Method,1352.3977,Enterococcus faecium strain 29EA1,cation-adjusted Mueller-Hinton broth,CLSI,1352,,,Enterococcus faecium
virginiamycin,Resistant,Laboratory Method,1352.3977,Enterococcus faecium strain 29EA1,cation-adjusted Mueller-Hinton broth,CLSI,1352,,,Enterococcus faecium
chloramphenicol,Susceptible,Laboratory Method,1352.3978,Enterococcus faecium strain 300BEA1,cation-adjusted Mueller-Hinton broth,CLSI,1352,,,Enterococcus faecium
daptomycin,Susceptible,Laboratory Method,1352.3978,Enterococcus faecium strain 300BEA1,cation-adjusted Mueller-Hinton broth,CLSI,1352,,,Enterococcus faecium
erythromycin,Resistant,Laboratory Method,1352.3978,Enterococcus faecium strain 300BEA1,cation-adjusted Mueller-Hinton broth,CLSI,1352,,,Enterococcus faecium
gentamicin,Resistant,Laboratory Method,1352.3978,Enterococcus faecium strain 300BEA1,cation-adjusted Mueller-Hinton broth,CLSI,1352,,,Enterococcus faecium
kanamycin,Resistant,Laboratory Method,1352.3978,Enterococcus faecium strain 300BEA1,cation-adjusted Mueller-Hinton broth,CLSI,1352,,,Enterococcus faecium
lincomycin,Resistant,Laboratory Method,1352.3978,Enterococcus faecium strain 300BEA1,cation-adjusted Mueller-Hinton broth,CLSI,1352,,,Enterococcus faecium
linezolid,Susceptible,Laboratory Method,1352.3978,Enterococcus faecium strain 300BEA1,cation-adjusted Mueller-Hinton broth,CLSI,1352,,,Enterococcus faecium
penicillin,Susceptible,Laboratory Method,1352.3978,Enterococcus faecium strain 300BEA1,cation-adjusted Mueller-Hinton broth,CLSI,1352,,,Enterococcus faecium
sulfamethazine,Resistant,Laboratory Method,1352.3978,Enterococcus faecium strain 300BEA1,cation-adjusted Mueller-Hinton broth,CLSI,1352,,,Enterococcus faecium
tetracycline,Resistant,Laboratory Method,1352.3978,Enterococcus faecium strain 300BEA1,cation-adjusted Mueller-Hinton broth,CLSI,1352,,,Enterococcus faecium
tgecycline,Susceptible,Laboratory Method,1352.3978,Enterococcus faecium strain 300BEA1,cation-adjusted Mueller-Hinton broth,CLSI,1352,,,Enterococcus faecium
tylosin,Resistant,Laboratory Method,1352.3978,Enterococcus faecium strain 300BEA1,cation-adjusted Mueller-Hinton broth,CLSI,1352,,,Enterococcus faecium
vancomycin,Susceptible,Laboratory Method,1352.3978,Enterococcus faecium strain 300BEA1,cation-adjusted Mueller-Hinton broth,CLSI,1352,,,Enterococcus faecium
virginiamycin,Resistant,Laboratory Method,1352.3978,Enterococcus faecium strain 300BEA1,cation-adjusted Mueller-Hinton broth,CLSI,1352,,,Enterococcus faecium
chloramphenicol,Susceptible,Laboratory Method,1352.3979,Enterococcus faecium strain 306EA1,cation-adjusted Mueller-Hinton broth,CLSI,1352,,,Enterococcus faecium
ciprofloxacin,Susceptible,Laboratory Method,1352.3979,Enterococcus faecium strain 306EA1,cation-adjusted Mueller-Hinton broth,CLSI,1352,,,Enterococcus faecium
daptomycin,Susceptible,Laboratory Method,1352.3979,Enterococcus faecium strain 306EA1,cation-adjusted Mueller-Hinton broth,CLSI,1352,,,Enterococcus faecium
erythromycin,Resistant,Laboratory Method,1352.3979,Enterococcus faecium strain 306EA1,cation-adjusted Mueller-Hinton broth,CLSI,1352,,,Enterococcus faecium
gentamicin,Resistant,Laboratory Method,1352.3979,Enterococcus faecium strain 306EA1,cation-adjusted Mueller-Hinton broth,CLSI,1352,,,Enterococcus faecium
kanamycin,Resistant,Laboratory Method,1352.3979,Enterococcus faecium strain 306EA1,cation-adjusted Mueller-Hinton broth,CLSI,1352,,,Enterococcus faecium
lincomycin,Resistant,Laboratory Method,1352.3979,Enterococcus faecium strain 306EA1,cation-adjusted Mueller-Hinton broth,CLSI,1352,,,Enterococcus faecium
linezolid,Susceptible,Laboratory Method,1352.3979,Enterococcus faecium strain 306EA1,cation-adjusted Mueller-Hinton broth,CLSI,1352,,,Enterococcus faecium
penicillin,Susceptible,Laboratory Method,1352.3979,Enterococcus faecium strain 306EA1,cation-adjusted Mueller-Hinton broth,CLSI,1352,,,Enterococcus faecium
sulfamethazine,Resistant,Laboratory Method,1352.3979,Enterococcus faecium strain 306EA1,cation-adjusted Mueller-Hinton broth,CLSI,1352,,,Enterococcus faecium
tetracycline,Resistant,Laboratory Method,1352.3979,Enterococcus faecium strain 306EA1,cation-adjusted Mueller-Hinton broth,CLSI,1352,,,Enterococcus faecium
tgecycline,Susceptible,Laboratory Method,1352.3979,Enterococcus faecium strain 306EA1,cation-adjusted Mueller-Hinton broth,CLSI,1352,,,Enterococcus faecium
tylosin,Resistant,Laboratory Method,1352.3979,Enterococcus faecium strain 306EA1,cation-adjusted Mueller-Hinton broth,CLSI,1352,,,Enterococcus faecium
vancomycin,Susceptible,Laboratory Method,1352.3979,Enterococcus faecium strain 306EA1,cation-adjusted Mueller-Hinton broth,CLSI,1352,,,Enterococcus faecium
virginiamycin,Resistant,Laboratory Method,1352.3979,Enterococcus faecium strain 306EA1,cation-adjusted Mueller-Hinton broth,CLSI,1352,,,Enterococcus faecium
chloramphenicol,Susceptible,Laboratory Method,1352.3980,Enterococcus faecium strain 311EA1,cation-adjusted Mueller-Hinton broth,CLSI,1352,,,Enterococcus faecium
ciprofloxacin,Susceptible,Laboratory Method,1352.3980,Enterococcus faecium strain 311EA1,cation-adjusted Mueller-Hinton broth,CLSI,1352,,,Enterococcus faecium
daptomycin,Susceptible,Laboratory Method,1352.3980,Enterococcus faecium strain 311EA1,cation-adjusted Mueller-Hinton broth,CLSI,1352,,,Enterococcus faecium
erythromycin,Resistant,Laboratory Method,1352.3980,Enterococcus faecium strain 311EA1,cation-adjusted Mueller-Hinton broth,CLSI,1352,,,Enterococcus faecium
gentamicin,Susceptible,Laboratory Method,1352.3980,Enterococcus faecium strain 311EA1,cation-adjusted Mueller-Hinton broth,CLSI,1352,,,Enterococcus faecium
kanamycin,Susceptible,Laboratory Method,1352.3980,Enterococcus faecium strain 311EA1,cation-adjusted Mueller-Hinton broth,CLSI,1352,,,Enterococcus faecium
lincomycin,Susceptible,Laboratory Method,1352.3980,Enterococcus faecium strain 311EA1,cation-adjusted Mueller-Hinton broth,CLSI,1352,,,Enterococcus faecium
linezolid,Susceptible,Laboratory Method,1352.3980,Enterococcus faecium strain 311EA1,cation-adjusted Mueller-Hinton broth,CLSI,1352,,,Enterococcus faecium
penicillin,Susceptible,Laboratory Method,1352.3980,Enterococcus faecium strain 311EA1,cation-adjusted Mueller-Hinton broth,CLSI,1352,,,Enterococcus faecium
sulfamethazine,Resistant,Laboratory Method,1352.3980,Enterococcus faecium strain 311EA1,cation-adjusted Mueller-Hinton broth,CLSI,1352,,,Enterococcus faecium
tetracycline,Susceptible,Laboratory Method,1352.3980,Enterococcus faecium strain 311EA1,cation-adjusted Mueller-Hinton broth,CLSI,1352,,,Enterococcus faecium
tgecycline,Susceptible,Laboratory Method,1352.3980,Enterococcus faecium strain 311EA1,cation-adjusted Mueller-Hinton broth,CLSI,1352,,,Enterococcus faecium
tylosin,Susceptible,Laboratory Method,1352.3980,Enterococcus faecium strain 311EA1,cation-adjusted Mueller-Hinton broth,CLSI,1352,,,Enterococcus faecium
vancomycin,Susceptible,Laboratory Method,1352.3980,Enterococcus faecium strain 311EA1,cation-adjusted Mueller-Hinton broth,CLSI,1352,,,Enterococcus faecium
virginiamycin,Susceptible,Laboratory Method,1352.3980,Enterococcus faecium strain 311EA1,cation-adjusted Mueller-Hinton broth,CLSI,1352,,,Enterococcus faecium
chloramphenicol,Susceptible,Laboratory Method,1352.3981,Enterococcus faecium strain 316EA1,cation-adjusted Mueller-Hinton broth,CLSI,1352,,,Enterococcus faecium
daptomycin,Susceptible,Laboratory Method,1352.3981,Enterococcus faecium strain 316EA1,cation-adjusted Mueller-Hinton broth,CLSI,1352,,,Enterococcus faecium
erythromycin,Resistant,Laboratory Method,1352.3981,Enterococcus faecium strain 316EA1,cation-adjusted Mueller-Hinton broth,CLSI,1352,,,Enterococcus faecium
gentamicin,Susceptible,Laboratory Method,1352.3981,Enterococcus faecium strain 316EA1,cation-adjusted Mueller-Hinton broth,CLSI,1352,,,Enterococcus faecium
kanamycin,Susceptible,Laboratory Method,1352.3981,Enterococcus faecium strain 316EA1,cation-adjusted Mueller-Hinton broth,CLSI,1352,,,Enterococcus faecium
lincomycin,Resistant,Laboratory Method,1352.3981,Enterococcus faecium strain 316EA1,cation-adjusted Mueller-Hinton broth,CLSI,1352,,,Enterococcus faecium
linezolid,Susceptible,Laboratory Method,1352.3981,Enterococcus faecium strain 316EA1,cation-adjusted Mueller-Hinton broth,CLSI,1352,,,Enterococcus faecium
penicillin,Susceptible,Laboratory Method,1352.3981,Enterococcus faecium strain 316EA1,cation-adjusted Mueller-Hinton broth,CLSI,1352,,,Enterococcus faecium
sulfamethazine,Resistant,Laboratory Method,1352.3981,Enterococcus faecium strain 316EA1,cation-adjusted Mueller-Hinton broth,CLSI,1352,,,Enterococcus faecium
tetracycline,Resistant,Laboratory Method,1352.3981,Enterococcus faecium strain 316EA1,cation-adjusted Mueller-Hinton broth,CLSI,1352,,,Enterococcus faecium
tgecycline,Susceptible,Laboratory Method,1352.3981,Enterococcus faecium strain 316EA1,cation-adjusted Mueller-Hinton broth,CLSI,1352,,,Enterococcus faecium
tylosin,Resistant,Laboratory Method,1352.3981,Enterococcus faecium strain 316EA1,cation-adjusted Mueller-Hinton broth,CLSI,1352,,,Enterococcus faecium
vancomycin,Susceptible,Laboratory Method,1352.3981,Enterococcus faecium strain 316EA1,cation-adjusted Mueller-Hinton broth,CLSI,1352,,,Enterococcus faecium
virginiamycin,Resistant,Laboratory Method,1352.3981,Enterococcus faecium strain 316EA1,cation-adjusted Mueller-Hinton broth,CLSI,1352,,,Enterococcus faecium
chloramphenicol,Susceptible,Laboratory Method,1352.3982,Enterococcus faecium strain 319EA1,cation-adjusted Mueller-Hinton broth,CLSI,1352,,,Enterococcus faecium
ciprofloxacin,Susceptible,Laboratory Method,1352.3982,Enterococcus faecium strain 319EA1,cation-adjusted Mueller-Hinton broth,CLSI,1352,,,Enterococcus faecium
daptomycin,Susceptible,Laboratory Method,1352.3982,Enterococcus faecium strain 319EA1,cation-adjusted Mueller-Hinton broth,CLSI,1352,,,Enterococcus faecium
gentamicin,Susceptible,Laboratory Method,1352.3982,Enterococcus faecium strain 319EA1,cation-adjusted Mueller-Hinton broth,CLSI,1352,,,Enterococcus faecium
kanamycin,Susceptible,Laboratory Method,1352.3982,Enterococcus faecium strain 319EA1,cation-adjusted Mueller-Hinton broth,CLSI,1352,,,Enterococcus faecium
linezolid,Susceptible,Laboratory Method,1352.3982,Enterococcus faecium strain 319EA1,cation-adjusted Mueller-Hinton broth,CLSI,1352,,,Enterococcus faecium
penicillin,Susceptible,Laboratory Method,1352.3982,Enterococcus faecium strain 319EA1,cation-adjusted Mueller-Hinton broth,CLSI,1352,,,Enterococcus faecium
sulfamethazine,Resistant,Laboratory Method,1352.3982,Enterococcus faecium strain 319EA1,cation-adjusted Mueller-Hinton broth,CLSI,1352,,,Enterococcus faecium
tetracycline,Susceptible,Laboratory Method,1352.3982,Enterococcus faecium strain 319EA1,cation-adjusted Mueller-Hinton broth,CLSI,1352,,,Enterococcus faecium
tgecycline,Susceptible,Laboratory Method,1352.3982,Enterococcus faecium strain 319EA1,cation-adjusted Mueller-Hinton broth,CLSI,1352,,,Enterococcus faecium
tylosin,Susceptible,Laboratory Method,1352.3982,Enterococcus faecium strain 319EA1,cation-adjusted Mueller-Hinton broth,CLSI,1352,,,Enterococcus faecium
vancomycin,Susceptible,Laboratory Method,1352.3982,Enterococcus faecium strain 319EA1,cation-adjusted Mueller-Hinton broth,CLSI,1352,,,Enterococcus faecium
virginiamycin,Resistant,Laboratory Method,1352.3982,Enterococcus faecium strain 319EA1,cation-adjusted Mueller-Hinton broth,CLSI,1352,,,Enterococcus faecium
chloramphenicol,Susceptible,Laboratory Method,1352.3983,Enterococcus faecium strain 46EA1,cation-adjusted Mueller-Hinton broth,CLSI,1352,,,Enterococcus faecium
ciprofloxacin,Susceptible,Laboratory Method,1352.3983,Enterococcus faecium strain 46EA1,cation-adjusted Mueller-Hinton broth,CLSI,1352,,,Enterococcus faecium
daptomycin,Susceptible,Laboratory Method,1352.3983,Enterococcus faecium strain 46EA1,cation-adjusted Mueller-Hinton broth,CLSI,1352,,,Enterococcus faecium
gentamicin,Susceptible,Laboratory Method,1352.3983,Enterococcus faecium strain 46EA1,cation-adjusted Mueller-Hinton broth,CLSI,1352,,,Enterococcus faecium
kanamycin,Susceptible,Laboratory Method,1352.3983,Enterococcus faecium strain 46EA1,cation-adjusted Mueller-Hinton broth,CLSI,1352,,,Enterococcus faecium
lincomycin,Resistant,Laboratory Method,1352.3983,Enterococcus faecium strain 46EA1,cation-adjusted Mueller-Hinton broth,CLSI,1352,,,Enterococcus faecium
linezolid,Susceptible,Laboratory Method,1352.3983,Enterococcus faecium strain 46EA1,cation-adjusted Mueller-Hinton broth,CLSI,1352,,,Enterococcus faecium
penicillin,Susceptible,Laboratory Method,1352.3983,Enterococcus faecium strain 46EA1,cation-adjusted Mueller-Hinton broth,CLSI,1352,,,Enterococcus faecium
sulfamethazine,Resistant,Laboratory Method,1352.3983,Enterococcus faecium strain 46EA1,cation-adjusted Mueller-Hinton broth,CLSI,1352,,,Enterococcus faecium
tetracycline,Susceptible,Laboratory Method,1352.3983,Enterococcus faecium strain 46EA1,cation-adjusted Mueller-Hinton broth,CLSI,1352,,,Enterococcus faecium
tgecycline,Susceptible,Laboratory Method,1352.3983,Enterococcus faecium strain 46EA1,cation-adjusted Mueller-Hinton broth,CLSI,1352,,,Enterococcus faecium
tylosin,Susceptible,Laboratory Method,1352.3983,Enterococcus faecium strain 46EA1,cation-adjusted Mueller-Hinton broth,CLSI,1352,,,Enterococcus faecium
vancomycin,Susceptible,Laboratory Method,1352.3983,Enterococcus faecium strain 46EA1,cation-adjusted Mueller-Hinton broth,CLSI,1352,,,Enterococcus faecium
virginiamycin,Resistant,Laboratory Method,1352.3983,Enterococcus faecium strain 46EA1,cation-adjusted Mueller-Hinton broth,CLSI,1352,,,Enterococcus faecium
chloramphenicol,Susceptible,Laboratory Method,1352.3984,Enterococcus faecium strain 55EA1,cation-adjusted Mueller-Hinton broth,CLSI,1352,,,Enterococcus faecium
ciprofloxacin,Susceptible,Laboratory Method,1352.3984,Enterococcus faecium strain 55EA1,cation-adjusted Mueller-Hinton broth,CLSI,1352,,,Enterococcus faecium
daptomycin,Susceptible,Laboratory Method,1352.3984,Enterococcus faecium strain 55EA1,cation-adjusted Mueller-Hinton broth,CLSI,1352,,,Enterococcus faecium
erythromycin,Susceptible,Laboratory Method,1352.3984,Enterococcus faecium strain 55EA1,cation-adjusted Mueller-Hinton broth,CLSI,1352,,,Enterococcus faecium
gentamicin,Susceptible,Laboratory Method,1352.3984,Enterococcus faecium strain 55EA1,cation-adjusted Mueller-Hinton broth,CLSI,1352,,,Enterococcus faecium
kanamycin,Susceptible,Laboratory Method,1352.3984,Enterococcus faecium strain 55EA1,cation-adjusted Mueller-Hinton broth,CLSI,1352,,,Enterococcus faecium
lincomycin,Resistant,Laboratory Method,1352.3984,Enterococcus faecium strain 55EA1,cation-adjusted Mueller-Hinton broth,CLSI,1352,,,Enterococcus faecium
linezolid,Susceptible,Laboratory Method,1352.3984,Enterococcus faecium strain 55EA1,cation-adjusted Mueller-Hinton broth,CLSI,1352,,,Enterococcus faecium
penicillin,Susceptible,Laboratory Method,1352.3984,Enterococcus faecium strain 55EA1,cation-adjusted Mueller-Hinton broth,CLSI,1352,,,Enterococcus faecium
sulfamethazine,Resistant,Laboratory Method,1352.3984,Enterococcus faecium strain 55EA1,cation-adjusted Mueller-Hinton broth,CLSI,1352,,,Enterococcus faecium
tetracycline,Resistant,Laboratory Method,1352.3984,Enterococcus faecium strain 55EA1,cation-adjusted Mueller-Hinton broth,CLSI,1352,,,Enterococcus faecium
tgecycline,Susceptible,Laboratory Method,1352.3984,Enterococcus faecium strain 55EA1,cation-adjusted Mueller-Hinton broth,CLSI,1352,,,Enterococcus faecium
tylosin,Susceptible,Laboratory Method,1352.3984,Enterococcus faecium strain 55EA1,cation-adjusted Mueller-Hinton broth,CLSI,1352,,,Enterococcus faecium
vancomycin,Susceptible,Laboratory Method,1352.3984,Enterococcus faecium strain 55EA1,cation-adjusted Mueller-Hinton broth,CLSI,1352,,,Enterococcus faecium
virginiamycin,Resistant,Laboratory Method,1352.3984,Enterococcus faecium strain 55EA1,cation-adjusted Mueller-Hinton broth,CLSI,1352,,,Enterococcus faecium
chloramphenicol,Susceptible,Laboratory Method,1352.3985,Enterococcus faecium strain 42EA1,cation-adjusted Mueller-Hinton broth,CLSI,1352,,,Enterococcus faecium
ciprofloxacin,Susceptible,Laboratory Method,1352.3985,Enterococcus faecium strain 42EA1,cation-adjusted Mueller-Hinton broth,CLSI,1352,,,Enterococcus faecium
daptomycin,Susceptible,Laboratory Method,1352.3985,Enterococcus faecium strain 42EA1,cation-adjusted Mueller-Hinton broth,CLSI,1352,,,Enterococcus faecium
gentamicin,Susceptible,Laboratory Method,1352.3985,Enterococcus faecium strain 42EA1,cation-adjusted Mueller-Hinton broth,CLSI,1352,,,Enterococcus faecium
kanamycin,Susceptible,Laboratory Method,1352.3985,Enterococcus faecium strain 42EA1,cation-adjusted Mueller-Hinton broth,CLSI,1352,,,Enterococcus faecium
lincomycin,Resistant,Laboratory Method,1352.3985,Enterococcus faecium strain 42EA1,cation-adjusted Mueller-Hinton broth,CLSI,1352,,,Enterococcus faecium
linezolid,Susceptible,Laboratory Method,1352.3985,Enterococcus faecium strain 42EA1,cation-adjusted Mueller-Hinton broth,CLSI,1352,,,Enterococcus faecium
penicillin,Susceptible,Laboratory Method,1352.3985,Enterococcus faecium strain 42EA1,cation-adjusted Mueller-Hinton broth,CLSI,1352,,,Enterococcus faecium
sulfamethazine,Resistant,Laboratory Method,1352.3985,Enterococcus faecium strain 42EA1,cation-adjusted Mueller-Hinton broth,CLSI,1352,,,Enterococcus faecium
tetracycline,Resistant,Laboratory Method,1352.3985,Enterococcus faecium strain 42EA1,cation-adjusted Mueller-Hinton broth,CLSI,1352,,,Enterococcus faecium
tgecycline,Susceptible,Laboratory Method,1352.3985,Enterococcus faecium strain 42EA1,cation-adjusted Mueller-Hinton broth,CLSI,1352,,,Enterococcus faecium
tylosin,Susceptible,Laboratory Method,1352.3985,Enterococcus faecium strain 42EA1,cation-adjusted Mueller-Hinton broth,CLSI,1352,,,Enterococcus faecium
vancomycin,Susceptible,Laboratory Method,1352.3985,Enterococcus faecium strain 42EA1,cation-adjusted Mueller-Hinton broth,CLSI,1352,,,Enterococcus faecium
virginiamycin,Resistant,Laboratory Method,1352.3985,Enterococcus faecium strain 42EA1,cation-adjusted Mueller-Hinton broth,CLSI,1352,,,Enterococcus faecium
chloramphenicol,Susceptible,Laboratory Method,1352.3987,Enterococcus faecium strain 62EA1,cation-adjusted Mueller-Hinton broth,CLSI,1352,,,Enterococcus faecium
ciprofloxacin,Susceptible,Laboratory Method,1352.3987,Enterococcus faecium strain 62EA1,cation-adjusted Mueller-Hinton broth,CLSI,1352,,,Enterococcus faecium
daptomycin,Susceptible,Laboratory Method,1352.3987,Enterococcus faecium strain 62EA1,cation-adjusted Mueller-Hinton broth,CLSI,1352,,,Enterococcus faecium
erythromycin,Susceptible,Laboratory Method,1352.3987,Enterococcus faecium strain 62EA1,cation-adjusted Mueller-Hinton broth,CLSI,1352,,,Enterococcus faecium
gentamicin,Susceptible,Laboratory Method,1352.3987,Enterococcus faecium strain 62EA1,cation-adjusted Mueller-Hinton broth,CLSI,1352,,,Enterococcus faecium
kanamycin,Susceptible,Laboratory Method,1352.3987,Enterococcus faecium strain 62EA1,cation-adjusted Mueller-Hinton broth,CLSI,1352,,,Enterococcus faecium
lincomycin,Resistant,Laboratory Method,1352.3987,Enterococcus faecium strain 62EA1,cation-adjusted Mueller-Hinton broth,CLSI,1352,,,Enterococcus faecium
linezolid,Susceptible,Laboratory Method,1352.3987,Enterococcus faecium strain 62EA1,cation-adjusted Mueller-Hinton broth,CLSI,1352,,,Enterococcus faecium
penicillin,Susceptible,Laboratory Method,1352.3987,Enterococcus faecium strain 62EA1,cation-adjusted Mueller-Hinton broth,CLSI,1352,,,Enterococcus faecium
sulfamethazine,Susceptible,Laboratory Method,1352.3987,Enterococcus faecium strain 62EA1,cation-adjusted Mueller-Hinton broth,CLSI,1352,,,Enterococcus faecium
tetracycline,Susceptible,Laboratory Method,1352.3987,Enterococcus faecium strain 62EA1,cation-adjusted Mueller-Hinton broth,CLSI,1352,,,Enterococcus faecium
tgecycline,Susceptible,Laboratory Method,1352.3987,Enterococcus faecium strain 62EA1,cation-adjusted Mueller-Hinton broth,CLSI,1352,,,Enterococcus faecium
tylosin,Susceptible,Laboratory Method,1352.3987,Enterococcus faecium strain 62EA1,cation-adjusted Mueller-Hinton broth,CLSI,1352,,,Enterococcus faecium
vancomycin,Susceptible,Laboratory Method,1352.3987,Enterococcus faecium strain 62EA1,cation-adjusted Mueller-Hinton broth,CLSI,1352,,,Enterococcus faecium
virginiamycin,Susceptible,Laboratory Method,1352.3987,Enterococcus faecium strain 62EA1,cation-adjusted Mueller-Hinton broth,CLSI,1352,,,Enterococcus faecium
chloramphenicol,Susceptible,Laboratory Method,1352.3988,Enterococcus faecium strain 70AEA1,cation-adjusted Mueller-Hinton broth,CLSI,1352,,,Enterococcus faecium
ciprofloxacin,Susceptible,Laboratory Method,1352.3988,Enterococcus faecium strain 70AEA1,cation-adjusted Mueller-Hinton broth,CLSI,1352,,,Enterococcus faecium
daptomycin,Susceptible,Laboratory Method,1352.3988,Enterococcus faecium strain 70AEA1,cation-adjusted Mueller-Hinton broth,CLSI,1352,,,Enterococcus faecium
gentamicin,Resistant,Laboratory Method,1352.3988,Enterococcus faecium strain 70AEA1,cation-adjusted Mueller-Hinton broth,CLSI,1352,,,Enterococcus faecium
kanamycin,Susceptible,Laboratory Method,1352.3988,Enterococcus faecium strain 70AEA1,cation-adjusted Mueller-Hinton broth,CLSI,1352,,,Enterococcus faecium
lincomycin,Resistant,Laboratory Method,1352.3988,Enterococcus faecium strain 70AEA1,cation-adjusted Mueller-Hinton broth,CLSI,1352,,,Enterococcus faecium
linezolid,Susceptible,Laboratory Method,1352.3988,Enterococcus faecium strain 70AEA1,cation-adjusted Mueller-Hinton broth,CLSI,1352,,,Enterococcus faecium
penicillin,Susceptible,Laboratory Method,1352.3988,Enterococcus faecium strain 70AEA1,cation-adjusted Mueller-Hinton broth,CLSI,1352,,,Enterococcus faecium
sulfamethazine,Resistant,Laboratory Method,1352.3988,Enterococcus faecium strain 70AEA1,cation-adjusted Mueller-Hinton broth,CLSI,1352,,,Enterococcus faecium
tetracycline,Susceptible,Laboratory Method,1352.3988,Enterococcus faecium strain 70AEA1,cation-adjusted Mueller-Hinton broth,CLSI,1352,,,Enterococcus faecium
tgecycline,Susceptible,Laboratory Method,1352.3988,Enterococcus faecium strain 70AEA1,cation-adjusted Mueller-Hinton broth,CLSI,1352,,,Enterococcus faecium
tylosin,Resistant,Laboratory Method,1352.3988,Enterococcus faecium strain 70AEA1,cation-adjusted Mueller-Hinton broth,CLSI,1352,,,Enterococcus faecium
vancomycin,Susceptible,Laboratory Method,1352.3988,Enterococcus faecium strain 70AEA1,cation-adjusted Mueller-Hinton broth,CLSI,1352,,,Enterococcus faecium
virginiamycin,Resistant,Laboratory Method,1352.3988,Enterococcus faecium strain 70AEA1,cation-adjusted Mueller-Hinton broth,CLSI,1352,,,Enterococcus faecium
chloramphenicol,Susceptible,Laboratory Method,1352.3989,Enterococcus faecium strain 67EA1,cation-adjusted Mueller-Hinton broth,CLSI,1352,,,Enterococcus faecium
ciprofloxacin,Susceptible,Laboratory Method,1352.3989,Enterococcus faecium strain 67EA1,cation-adjusted Mueller-Hinton broth,CLSI,1352,,,Enterococcus faecium
daptomycin,Susceptible,Laboratory Method,1352.3989,Enterococcus faecium strain 67EA1,cation-adjusted Mueller-Hinton broth,CLSI,1352,,,Enterococcus faecium
gentamicin,Susceptible,Laboratory Method,1352.3989,Enterococcus faecium strain 67EA1,cation-adjusted Mueller-Hinton broth,CLSI,1352,,,Enterococcus faecium
kanamycin,Susceptible,Laboratory Method,1352.3989,Enterococcus faecium strain 67EA1,cation-adjusted Mueller-Hinton broth,CLSI,1352,,,Enterococcus faecium
lincomycin,Susceptible,Laboratory Method,1352.3989,Enterococcus faecium strain 67EA1,cation-adjusted Mueller-Hinton broth,CLSI,1352,,,Enterococcus faecium
linezolid,Susceptible,Laboratory Method,1352.3989,Enterococcus faecium strain 67EA1,cation-adjusted Mueller-Hinton broth,CLSI,1352,,,Enterococcus faecium
penicillin,Susceptible,Laboratory Method,1352.3989,Enterococcus faecium strain 67EA1,cation-adjusted Mueller-Hinton broth,CLSI,1352,,,Enterococcus faecium
sulfamethazine,Resistant,Laboratory Method,1352.3989,Enterococcus faecium strain 67EA1,cation-adjusted Mueller-Hinton broth,CLSI,1352,,,Enterococcus faecium
tetracycline,Susceptible,Laboratory Method,1352.3989,Enterococcus faecium strain 67EA1,cation-adjusted Mueller-Hinton broth,CLSI,1352,,,Enterococcus faecium
tgecycline,Susceptible,Laboratory Method,1352.3989,Enterococcus faecium strain 67EA1,cation-adjusted Mueller-Hinton broth,CLSI,1352,,,Enterococcus faecium
tylosin,Susceptible,Laboratory Method,1352.3989,Enterococcus faecium strain 67EA1,cation-adjusted Mueller-Hinton broth,CLSI,1352,,,Enterococcus faecium
vancomycin,Susceptible,Laboratory Method,1352.3989,Enterococcus faecium strain 67EA1,cation-adjusted Mueller-Hinton broth,CLSI,1352,,,Enterococcus faecium
virginiamycin,Susceptible,Laboratory Method,1352.3989,Enterococcus faecium strain 67EA1,cation-adjusted Mueller-Hinton broth,CLSI,1352,,,Enterococcus faecium
chloramphenicol,Susceptible,Laboratory Method,1352.3990,Enterococcus faecium strain 74EA1,cation-adjusted Mueller-Hinton broth,CLSI,1352,,,Enterococcus faecium
ciprofloxacin,Susceptible,Laboratory Method,1352.3990,Enterococcus faecium strain 74EA1,cation-adjusted Mueller-Hinton broth,CLSI,1352,,,Enterococcus faecium
daptomycin,Susceptible,Laboratory Method,1352.3990,Enterococcus faecium strain 74EA1,cation-adjusted Mueller-Hinton broth,CLSI,1352,,,Enterococcus faecium
erythromycin,Resistant,Laboratory Method,1352.3990,Enterococcus faecium strain 74EA1,cation-adjusted Mueller-Hinton broth,CLSI,1352,,,Enterococcus faecium
gentamicin,Susceptible,Laboratory Method,1352.3990,Enterococcus faecium strain 74EA1,cation-adjusted Mueller-Hinton broth,CLSI,1352,,,Enterococcus faecium
kanamycin,Susceptible,Laboratory Method,1352.3990,Enterococcus faecium strain 74EA1,cation-adjusted Mueller-Hinton broth,CLSI,1352,,,Enterococcus faecium
lincomycin,Resistant,Laboratory Method,1352.3990,Enterococcus faecium strain 74EA1,cation-adjusted Mueller-Hinton broth,CLSI,1352,,,Enterococcus faecium
linezolid,Susceptible,Laboratory Method,1352.3990,Enterococcus faecium strain 74EA1,cation-adjusted Mueller-Hinton broth,CLSI,1352,,,Enterococcus faecium
penicillin,Susceptible,Laboratory Method,1352.3990,Enterococcus faecium strain 74EA1,cation-adjusted Mueller-Hinton broth,CLSI,1352,,,Enterococcus faecium
sulfamethazine,Resistant,Laboratory Method,1352.3990,Enterococcus faecium strain 74EA1,cation-adjusted Mueller-Hinton broth,CLSI,1352,,,Enterococcus faecium
tetracycline,Resistant,Laboratory Method,1352.3990,Enterococcus faecium strain 74EA1,cation-adjusted Mueller-Hinton broth,CLSI,1352,,,Enterococcus faecium
tgecycline,Susceptible,Laboratory Method,1352.3990,Enterococcus faecium strain 74EA1,cation-adjusted Mueller-Hinton broth,CLSI,1352,,,Enterococcus faecium
tylosin,Resistant,Laboratory Method,1352.3990,Enterococcus faecium strain 74EA1,cation-adjusted Mueller-Hinton broth,CLSI,1352,,,Enterococcus faecium
vancomycin,Susceptible,Laboratory Method,1352.3990,Enterococcus faecium strain 74EA1,cation-adjusted Mueller-Hinton broth,CLSI,1352,,,Enterococcus faecium
virginiamycin,Resistant,Laboratory Method,1352.3990,Enterococcus faecium strain 74EA1,cation-adjusted Mueller-Hinton broth,CLSI,1352,,,Enterococcus faecium
chloramphenicol,Susceptible,Laboratory Method,1352.3991,Enterococcus faecium strain 78EA1,cation-adjusted Mueller-Hinton broth,CLSI,1352,,,Enterococcus faecium
ciprofloxacin,Susceptible,Laboratory Method,1352.3991,Enterococcus faecium strain 78EA1,cation-adjusted Mueller-Hinton broth,CLSI,1352,,,Enterococcus faecium
daptomycin,Susceptible,Laboratory Method,1352.3991,Enterococcus faecium strain 78EA1,cation-adjusted Mueller-Hinton broth,CLSI,1352,,,Enterococcus faecium
erythromycin,Susceptible,Laboratory Method,1352.3991,Enterococcus faecium strain 78EA1,cation-adjusted Mueller-Hinton broth,CLSI,1352,,,Enterococcus faecium
gentamicin,Resistant,Laboratory Method,1352.3991,Enterococcus faecium strain 78EA1,cation-adjusted Mueller-Hinton broth,CLSI,1352,,,Enterococcus faecium
kanamycin,Susceptible,Laboratory Method,1352.3991,Enterococcus faecium strain 78EA1,cation-adjusted Mueller-Hinton broth,CLSI,1352,,,Enterococcus faecium
lincomycin,Susceptible,Laboratory Method,1352.3991,Enterococcus faecium strain 78EA1,cation-adjusted Mueller-Hinton broth,CLSI,1352,,,Enterococcus faecium
linezolid,Susceptible,Laboratory Method,1352.3991,Enterococcus faecium strain 78EA1,cation-adjusted Mueller-Hinton broth,CLSI,1352,,,Enterococcus faecium
penicillin,Susceptible,Laboratory Method,1352.3991,Enterococcus faecium strain 78EA1,cation-adjusted Mueller-Hinton broth,CLSI,1352,,,Enterococcus faecium
sulfamethazine,Susceptible,Laboratory Method,1352.3991,Enterococcus faecium strain 78EA1,cation-adjusted Mueller-Hinton broth,CLSI,1352,,,Enterococcus faecium
tetracycline,Susceptible,Laboratory Method,1352.3991,Enterococcus faecium strain 78EA1,cation-adjusted Mueller-Hinton broth,CLSI,1352,,,Enterococcus faecium
tgecycline,Susceptible,Laboratory Method,1352.3991,Enterococcus faecium strain 78EA1,cation-adjusted Mueller-Hinton broth,CLSI,1352,,,Enterococcus faecium
tylosin,Susceptible,Laboratory Method,1352.3991,Enterococcus faecium strain 78EA1,cation-adjusted Mueller-Hinton broth,CLSI,1352,,,Enterococcus faecium
vancomycin,Susceptible,Laboratory Method,1352.3991,Enterococcus faecium strain 78EA1,cation-adjusted Mueller-Hinton broth,CLSI,1352,,,Enterococcus faecium
virginiamycin,Susceptible,Laboratory Method,1352.3991,Enterococcus faecium strain 78EA1,cation-adjusted Mueller-Hinton broth,CLSI,1352,,,Enterococcus faecium
chloramphenicol,Susceptible,Laboratory Method,1352.3993,Enterococcus faecium strain 86EA1,cation-adjusted Mueller-Hinton broth,CLSI,1352,,,Enterococcus faecium
ciprofloxacin,Susceptible,Laboratory Method,1352.3993,Enterococcus faecium strain 86EA1,cation-adjusted Mueller-Hinton broth,CLSI,1352,,,Enterococcus faecium
daptomycin,Susceptible,Laboratory Method,1352.3993,Enterococcus faecium strain 86EA1,cation-adjusted Mueller-Hinton broth,CLSI,1352,,,Enterococcus faecium
erythromycin,Resistant,Laboratory Method,1352.3993,Enterococcus faecium strain 86EA1,cation-adjusted Mueller-Hinton broth,CLSI,1352,,,Enterococcus faecium
gentamicin,Resistant,Laboratory Method,1352.3993,Enterococcus faecium strain 86EA1,cation-adjusted Mueller-Hinton broth,CLSI,1352,,,Enterococcus faecium
kanamycin,Susceptible,Laboratory Method,1352.3993,Enterococcus faecium strain 86EA1,cation-adjusted Mueller-Hinton broth,CLSI,1352,,,Enterococcus faecium
lincomycin,Resistant,Laboratory Method,1352.3993,Enterococcus faecium strain 86EA1,cation-adjusted Mueller-Hinton broth,CLSI,1352,,,Enterococcus faecium
linezolid,Susceptible,Laboratory Method,1352.3993,Enterococcus faecium strain 86EA1,cation-adjusted Mueller-Hinton broth,CLSI,1352,,,Enterococcus faecium
penicillin,Susceptible,Laboratory Method,1352.3993,Enterococcus faecium strain 86EA1,cation-adjusted Mueller-Hinton broth,CLSI,1352,,,Enterococcus faecium
sulfamethazine,Resistant,Laboratory Method,1352.3993,Enterococcus faecium strain 86EA1,cation-adjusted Mueller-Hinton broth,CLSI,1352,,,Enterococcus faecium
tetracycline,Susceptible,Laboratory Method,1352.3993,Enterococcus faecium strain 86EA1,cation-adjusted Mueller-Hinton broth,CLSI,1352,,,Enterococcus faecium
tgecycline,Susceptible,Laboratory Method,1352.3993,Enterococcus faecium strain 86EA1,cation-adjusted Mueller-Hinton broth,CLSI,1352,,,Enterococcus faecium
tylosin,Resistant,Laboratory Method,1352.3993,Enterococcus faecium strain 86EA1,cation-adjusted Mueller-Hinton broth,CLSI,1352,,,Enterococcus faecium
vancomycin,Susceptible,Laboratory Method,1352.3993,Enterococcus faecium strain 86EA1,cation-adjusted Mueller-Hinton broth,CLSI,1352,,,Enterococcus faecium
virginiamycin,Resistant,Laboratory Method,1352.3993,Enterococcus faecium strain 86EA1,cation-adjusted Mueller-Hinton broth,CLSI,1352,,,Enterococcus faecium
chloramphenicol,Susceptible,Laboratory Method,1352.3994,Enterococcus faecium strain 79EA1,cation-adjusted Mueller-Hinton broth,CLSI,1352,,,Enterococcus faecium
ciprofloxacin,Susceptible,Laboratory Method,1352.3994,Enterococcus faecium strain 79EA1,cation-adjusted Mueller-Hinton broth,CLSI,1352,,,Enterococcus faecium
daptomycin,Susceptible,Laboratory Method,1352.3994,Enterococcus faecium strain 79EA1,cation-adjusted Mueller-Hinton broth,CLSI,1352,,,Enterococcus faecium
erythromycin,Susceptible,Laboratory Method,1352.3994,Enterococcus faecium strain 79EA1,cation-adjusted Mueller-Hinton broth,CLSI,1352,,,Enterococcus faecium
gentamicin,Susceptible,Laboratory Method,1352.3994,Enterococcus faecium strain 79EA1,cation-adjusted Mueller-Hinton broth,CLSI,1352,,,Enterococcus faecium
kanamycin,Susceptible,Laboratory Method,1352.3994,Enterococcus faecium strain 79EA1,cation-adjusted Mueller-Hinton broth,CLSI,1352,,,Enterococcus faecium
lincomycin,Resistant,Laboratory Method,1352.3994,Enterococcus faecium strain 79EA1,cation-adjusted Mueller-Hinton broth,CLSI,1352,,,Enterococcus faecium
linezolid,Susceptible,Laboratory Method,1352.3994,Enterococcus faecium strain 79EA1,cation-adjusted Mueller-Hinton broth,CLSI,1352,,,Enterococcus faecium
penicillin,Susceptible,Laboratory Method,1352.3994,Enterococcus faecium strain 79EA1,cation-adjusted Mueller-Hinton broth,CLSI,1352,,,Enterococcus faecium
sulfamethazine,Resistant,Laboratory Method,1352.3994,Enterococcus faecium strain 79EA1,cation-adjusted Mueller-Hinton broth,CLSI,1352,,,Enterococcus faecium
tetracycline,Susceptible,Laboratory Method,1352.3994,Enterococcus faecium strain 79EA1,cation-adjusted Mueller-Hinton broth,CLSI,1352,,,Enterococcus faecium
tgecycline,Susceptible,Laboratory Method,1352.3994,Enterococcus faecium strain 79EA1,cation-adjusted Mueller-Hinton broth,CLSI,1352,,,Enterococcus faecium
tylosin,Susceptible,Laboratory Method,1352.3994,Enterococcus faecium strain 79EA1,cation-adjusted Mueller-Hinton broth,CLSI,1352,,,Enterococcus faecium
vancomycin,Susceptible,Laboratory Method,1352.3994,Enterococcus faecium strain 79EA1,cation-adjusted Mueller-Hinton broth,CLSI,1352,,,Enterococcus faecium
virginiamycin,Resistant,Laboratory Method,1352.3994,Enterococcus faecium strain 79EA1,cation-adjusted Mueller-Hinton broth,CLSI,1352,,,Enterococcus faecium
chloramphenicol,Susceptible,Laboratory Method,1352.3995,Enterococcus faecium strain 87EA1,cation-adjusted Mueller-Hinton broth,CLSI,1352,,,Enterococcus faecium
daptomycin,Susceptible,Laboratory Method,1352.3995,Enterococcus faecium strain 87EA1,cation-adjusted Mueller-Hinton broth,CLSI,1352,,,Enterococcus faecium
erythromycin,Susceptible,Laboratory Method,1352.3995,Enterococcus faecium strain 87EA1,cation-adjusted Mueller-Hinton broth,CLSI,1352,,,Enterococcus faecium
gentamicin,Susceptible,Laboratory Method,1352.3995,Enterococcus faecium strain 87EA1,cation-adjusted Mueller-Hinton broth,CLSI,1352,,,Enterococcus faecium
kanamycin,Susceptible,Laboratory Method,1352.3995,Enterococcus faecium strain 87EA1,cation-adjusted Mueller-Hinton broth,CLSI,1352,,,Enterococcus faecium
lincomycin,Resistant,Laboratory Method,1352.3995,Enterococcus faecium strain 87EA1,cation-adjusted Mueller-Hinton broth,CLSI,1352,,,Enterococcus faecium
linezolid,Susceptible,Laboratory Method,1352.3995,Enterococcus faecium strain 87EA1,cation-adjusted Mueller-Hinton broth,CLSI,1352,,,Enterococcus faecium
penicillin,Susceptible,Laboratory Method,1352.3995,Enterococcus faecium strain 87EA1,cation-adjusted Mueller-Hinton broth,CLSI,1352,,,Enterococcus faecium
sulfamethazine,Resistant,Laboratory Method,1352.3995,Enterococcus faecium strain 87EA1,cation-adjusted Mueller-Hinton broth,CLSI,1352,,,Enterococcus faecium
tetracycline,Susceptible,Laboratory Method,1352.3995,Enterococcus faecium strain 87EA1,cation-adjusted Mueller-Hinton broth,CLSI,1352,,,Enterococcus faecium
tgecycline,Susceptible,Laboratory Method,1352.3995,Enterococcus faecium strain 87EA1,cation-adjusted Mueller-Hinton broth,CLSI,1352,,,Enterococcus faecium
tylosin,Susceptible,Laboratory Method,1352.3995,Enterococcus faecium strain 87EA1,cation-adjusted Mueller-Hinton broth,CLSI,1352,,,Enterococcus faecium
vancomycin,Susceptible,Laboratory Method,1352.3995,Enterococcus faecium strain 87EA1,cation-adjusted Mueller-Hinton broth,CLSI,1352,,,Enterococcus faecium
virginiamycin,Resistant,Laboratory Method,1352.3995,Enterococcus faecium strain 87EA1,cation-adjusted Mueller-Hinton broth,CLSI,1352,,,Enterococcus faecium
chloramphenicol,Susceptible,Laboratory Method,1352.3997,Enterococcus faecium strain 92EA1,cation-adjusted Mueller-Hinton broth,CLSI,1352,,,Enterococcus faecium
ciprofloxacin,Susceptible,Laboratory Method,1352.3997,Enterococcus faecium strain 92EA1,cation-adjusted Mueller-Hinton broth,CLSI,1352,,,Enterococcus faecium
daptomycin,Susceptible,Laboratory Method,1352.3997,Enterococcus faecium strain 92EA1,cation-adjusted Mueller-Hinton broth,CLSI,1352,,,Enterococcus faecium
gentamicin,Resistant,Laboratory Method,1352.3997,Enterococcus faecium strain 92EA1,cation-adjusted Mueller-Hinton broth,CLSI,1352,,,Enterococcus faecium
kanamycin,Resistant,Laboratory Method,1352.3997,Enterococcus faecium strain 92EA1,cation-adjusted Mueller-Hinton broth,CLSI,1352,,,Enterococcus faecium
lincomycin,Susceptible,Laboratory Method,1352.3997,Enterococcus faecium strain 92EA1,cation-adjusted Mueller-Hinton broth,CLSI,1352,,,Enterococcus faecium
linezolid,Susceptible,Laboratory Method,1352.3997,Enterococcus faecium strain 92EA1,cation-adjusted Mueller-Hinton broth,CLSI,1352,,,Enterococcus faecium
penicillin,Susceptible,Laboratory Method,1352.3997,Enterococcus faecium strain 92EA1,cation-adjusted Mueller-Hinton broth,CLSI,1352,,,Enterococcus faecium
sulfamethazine,Resistant,Laboratory Method,1352.3997,Enterococcus faecium strain 92EA1,cation-adjusted Mueller-Hinton broth,CLSI,1352,,,Enterococcus faecium
tetracycline,Resistant,Laboratory Method,1352.3997,Enterococcus faecium strain 92EA1,cation-adjusted Mueller-Hinton broth,CLSI,1352,,,Enterococcus faecium
tgecycline,Susceptible,Laboratory Method,1352.3997,Enterococcus faecium strain 92EA1,cation-adjusted Mueller-Hinton broth,CLSI,1352,,,Enterococcus faecium
tylosin,Susceptible,Laboratory Method,1352.3997,Enterococcus faecium strain 92EA1,cation-adjusted Mueller-Hinton broth,CLSI,1352,,,Enterococcus faecium
vancomycin,Susceptible,Laboratory Method,1352.3997,Enterococcus faecium strain 92EA1,cation-adjusted Mueller-Hinton broth,CLSI,1352,,,Enterococcus faecium
virginiamycin,Susceptible,Laboratory Method,1352.3997,Enterococcus faecium strain 92EA1,cation-adjusted Mueller-Hinton broth,CLSI,1352,,,Enterococcus faecium
trimethoprim/sulfamethoxazole,Susceptible,Laboratory Method,562.100283,Escherichia coli c2ea800c-7bb9-11e9-a8d3-68b59976a384,Disk diffusion,EUCAST,562,,,Escherichia coli
piperacillin/tazobactam,Susceptible,Laboratory Method,562.100283,Escherichia coli c2ea800c-7bb9-11e9-a8d3-68b59976a384,Disk diffusion,EUCAST,562,,,Escherichia coli
ciprofloxacin,Susceptible,Laboratory Method,562.100283,Escherichia coli c2ea800c-7bb9-11e9-a8d3-68b59976a384,Disk diffusion,EUCAST,562,,,Escherichia coli
tigecycline,Susceptible,Laboratory Method,562.100283,Escherichia coli c2ea800c-7bb9-11e9-a8d3-68b59976a384,Disk diffusion,EUCAST,562,,,Escherichia coli
tobramycin,Susceptible,Laboratory Method,562.100283,Escherichia coli c2ea800c-7bb9-11e9-a8d3-68b59976a384,Disk diffusion,EUCAST,562,,,Escherichia coli
ampicillin,Resistant,Laboratory Method,562.100283,Escherichia coli c2ea800c-7bb9-11e9-a8d3-68b59976a384,Disk diffusion,EUCAST,562,,,Escherichia coli
cefotaxime,Susceptible,Laboratory Method,562.100283,Escherichia coli c2ea800c-7bb9-11e9-a8d3-68b59976a384,Disk diffusion,EUCAST,562,,,Escherichia coli
gentamicin,Susceptible,Laboratory Method,562.100283,Escherichia coli c2ea800c-7bb9-11e9-a8d3-68b59976a384,Disk diffusion,EUCAST,562,,,Escherichia coli
nalidixic acid,Susceptible,Laboratory Method,562.100283,Escherichia coli c2ea800c-7bb9-11e9-a8d3-68b59976a384,Disk diffusion,EUCAST,562,,,Escherichia coli
cefuroxime,Susceptible,Laboratory Method,562.100283,Escherichia coli c2ea800c-7bb9-11e9-a8d3-68b59976a384,Disk diffusion,EUCAST,562,,,Escherichia coli
meropenem,Susceptible,Laboratory Method,562.100283,Escherichia coli c2ea800c-7bb9-11e9-a8d3-68b59976a384,Disk diffusion,EUCAST,562,,,Escherichia coli
ceftazidime,Susceptible,Laboratory Method,562.100283,Escherichia coli c2ea800c-7bb9-11e9-a8d3-68b59976a384,Disk diffusion,EUCAST,562,,,Escherichia coli
cefuroxime,Susceptible,Laboratory Method,562.100290,Escherichia coli c53ff29c-7bb9-11e9-a8d3-68b59976a384,Disk diffusion,EUCAST,562,,,Escherichia coli
tobramycin,Susceptible,Laboratory Method,562.100290,Escherichia coli c53ff29c-7bb9-11e9-a8d3-68b59976a384,Disk diffusion,EUCAST,562,,,Escherichia coli
nalidixic acid,Susceptible,Laboratory Method,562.100290,Escherichia coli c53ff29c-7bb9-11e9-a8d3-68b59976a384,Disk diffusion,EUCAST,562,,,Escherichia coli
ampicillin,Resistant,Laboratory Method,562.100290,Escherichia coli c53ff29c-7bb9-11e9-a8d3-68b59976a384,Disk diffusion,EUCAST,562,,,Escherichia coli
trimethoprim/sulfamethoxazole,Susceptible,Laboratory Method,562.100290,Escherichia coli c53ff29c-7bb9-11e9-a8d3-68b59976a384,Disk diffusion,EUCAST,562,,,Escherichia coli
gentamicin,Susceptible,Laboratory Method,562.100290,Escherichia coli c53ff29c-7bb9-11e9-a8d3-68b59976a384,Disk diffusion,EUCAST,562,,,Escherichia coli
ciprofloxacin,Susceptible,Laboratory Method,562.100290,Escherichia coli c53ff29c-7bb9-11e9-a8d3-68b59976a384,Disk diffusion,EUCAST,562,,,Escherichia coli
meropenem,Susceptible,Laboratory Method,562.100290,Escherichia coli c53ff29c-7bb9-11e9-a8d3-68b59976a384,Disk diffusion,EUCAST,562,,,Escherichia coli
ceftazidime,Susceptible,Laboratory Method,562.100290,Escherichia coli c53ff29c-7bb9-11e9-a8d3-68b59976a384,Disk diffusion,EUCAST,562,,,Escherichia coli
piperacillin/tazobactam,Susceptible,Laboratory Method,562.100290,Escherichia coli c53ff29c-7bb9-11e9-a8d3-68b59976a384,Disk diffusion,EUCAST,562,,,Escherichia coli
tigecycline,Susceptible,Laboratory Method,562.100290,Escherichia coli c53ff29c-7bb9-11e9-a8d3-68b59976a384,Disk diffusion,EUCAST,562,,,Escherichia coli
cefotaxime,Susceptible,Laboratory Method,562.100290,Escherichia coli c53ff29c-7bb9-11e9-a8d3-68b59976a384,Disk diffusion,EUCAST,562,,,Escherichia coli
tobramycin,Susceptible,Laboratory Method,562.100301,Escherichia coli cacdeea8-7bb9-11e9-a8d3-68b59976a384,Disk diffusion,EUCAST,562,,,Escherichia coli
cefotaxime,Susceptible,Laboratory Method,562.100301,Escherichia coli cacdeea8-7bb9-11e9-a8d3-68b59976a384,Disk diffusion,EUCAST,562,,,Escherichia coli
gentamicin,Susceptible,Laboratory Method,562.100301,Escherichia coli cacdeea8-7bb9-11e9-a8d3-68b59976a384,Disk diffusion,EUCAST,562,,,Escherichia coli
cefuroxime,Susceptible,Laboratory Method,562.100301,Escherichia coli cacdeea8-7bb9-11e9-a8d3-68b59976a384,Disk diffusion,EUCAST,562,,,Escherichia coli
trimethoprim/sulfamethoxazole,Susceptible,Laboratory Method,562.100301,Escherichia coli cacdeea8-7bb9-11e9-a8d3-68b59976a384,Disk diffusion,EUCAST,562,,,Escherichia coli
ciprofloxacin,Susceptible,Laboratory Method,562.100301,Escherichia coli cacdeea8-7bb9-11e9-a8d3-68b59976a384,Disk diffusion,EUCAST,562,,,Escherichia coli
piperacillin/tazobactam,Susceptible,Laboratory Method,562.100301,Escherichia coli cacdeea8-7bb9-11e9-a8d3-68b59976a384,Disk diffusion,EUCAST,562,,,Escherichia coli
nalidixic acid,Susceptible,Laboratory Method,562.100301,Escherichia coli cacdeea8-7bb9-11e9-a8d3-68b59976a384,Disk diffusion,EUCAST,562,,,Escherichia coli
tigecycline,Susceptible,Laboratory Method,562.100301,Escherichia coli cacdeea8-7bb9-11e9-a8d3-68b59976a384,Disk diffusion,EUCAST,562,,,Escherichia coli
ampicillin,Susceptible,Laboratory Method,562.100301,Escherichia coli cacdeea8-7bb9-11e9-a8d3-68b59976a384,Disk diffusion,EUCAST,562,,,Escherichia coli
ceftazidime,Susceptible,Laboratory Method,562.100301,Escherichia coli cacdeea8-7bb9-11e9-a8d3-68b59976a384,Disk diffusion,EUCAST,562,,,Escherichia coli
meropenem,Susceptible,Laboratory Method,562.100301,Escherichia coli cacdeea8-7bb9-11e9-a8d3-68b59976a384,Disk diffusion,EUCAST,562,,,Escherichia coli
tigecycline,Susceptible,Laboratory Method,562.11346,Escherichia coli strain RL158,,EUCAST and CLSI,562,,,Escherichia coli
cefpodoxime,Resistant,Laboratory Method,562.11346,Escherichia coli strain RL158,,EUCAST and CLSI,562,,,Escherichia coli
ertapenem,Susceptible,Laboratory Method,562.11346,Escherichia coli strain RL158,,EUCAST and CLSI,562,,,Escherichia coli
cefotaxime,Resistant,Laboratory Method,562.11346,Escherichia coli strain RL158,,EUCAST and CLSI,562,,,Escherichia coli
amikacin,Susceptible,Laboratory Method,562.11346,Escherichia coli strain RL158,,EUCAST and CLSI,562,,,Escherichia coli
trimethoprim/sulfamethoxazole,Resistant,Laboratory Method,562.11346,Escherichia coli strain RL158,,EUCAST and CLSI,562,,,Escherichia coli
piperacillin/tazobactam,Susceptible,Laboratory Method,562.11346,Escherichia coli strain RL158,,EUCAST and CLSI,562,,,Escherichia coli
tobramycin,Susceptible,Laboratory Method,562.11346,Escherichia coli strain RL158,,EUCAST and CLSI,562,,,Escherichia coli
cefuroxime,Resistant,Laboratory Method,562.11346,Escherichia coli strain RL158,,EUCAST and CLSI,562,,,Escherichia coli
tetracycline,Resistant,Laboratory Method,562.11346,Escherichia coli strain RL158,,EUCAST and CLSI,562,,,Escherichia coli
moxifloxacin,Susceptible,Laboratory Method,562.11346,Escherichia coli strain RL158,,EUCAST and CLSI,562,,,Escherichia coli
piperacillin,Resistant,Laboratory Method,562.11346,Escherichia coli strain RL158,,EUCAST and CLSI,562,,,Escherichia coli
meropenem,Susceptible,Laboratory Method,562.11346,Escherichia coli strain RL158,,EUCAST and CLSI,562,,,Escherichia coli
ampicillin,Resistant,Laboratory Method,562.11346,Escherichia coli strain RL158,,EUCAST and CLSI,562,,,Escherichia coli
imipenem,Susceptible,Laboratory Method,562.11346,Escherichia coli strain RL158,,EUCAST and CLSI,562,,,Escherichia coli
gentamicin,Susceptible,Laboratory Method,562.11346,Escherichia coli strain RL158,,EUCAST and CLSI,562,,,Escherichia coli
fosfomycin,Susceptible,Laboratory Method,562.11346,Escherichia coli strain RL158,,EUCAST and CLSI,562,,,Escherichia coli
ampicillin/sulbactam,Resistant,Laboratory Method,562.11346,Escherichia coli strain RL158,,EUCAST and CLSI,562,,,Escherichia coli
ciprofloxacin,Susceptible,Laboratory Method,562.11346,Escherichia coli strain RL158,,EUCAST and CLSI,562,,,Escherichia coli
ceftazidime,Susceptible,Laboratory Method,562.11346,Escherichia coli strain RL158,,EUCAST and CLSI,562,,,Escherichia coli
tobramycin,Susceptible,Laboratory Method,562.11347,Escherichia coli strain RL465,,EUCAST and CLSI,562,,,Escherichia coli
ampicillin/sulbactam,Resistant,Laboratory Method,562.11347,Escherichia coli strain RL465,,EUCAST and CLSI,562,,,Escherichia coli
imipenem,Susceptible,Laboratory Method,562.11347,Escherichia coli strain RL465,,EUCAST and CLSI,562,,,Escherichia coli
cefpodoxime,Resistant,Laboratory Method,562.11347,Escherichia coli strain RL465,,EUCAST and CLSI,562,,,Escherichia coli
cefuroxime,Resistant,Laboratory Method,562.11347,Escherichia coli strain RL465,,EUCAST and CLSI,562,,,Escherichia coli
ampicillin,Resistant,Laboratory Method,562.11347,Escherichia coli strain RL465,,EUCAST and CLSI,562,,,Escherichia coli
piperacillin/tazobactam,Susceptible,Laboratory Method,562.11347,Escherichia coli strain RL465,,EUCAST and CLSI,562,,,Escherichia coli
ceftazidime,Resistant,Laboratory Method,562.11347,Escherichia coli strain RL465,,EUCAST and CLSI,562,,,Escherichia coli
meropenem,Susceptible,Laboratory Method,562.11347,Escherichia coli strain RL465,,EUCAST and CLSI,562,,,Escherichia coli
ciprofloxacin,Resistant,Laboratory Method,562.11347,Escherichia coli strain RL465,,EUCAST and CLSI,562,,,Escherichia coli
amikacin,Susceptible,Laboratory Method,562.11347,Escherichia coli strain RL465,,EUCAST and CLSI,562,,,Escherichia coli
tetracycline,Resistant,Laboratory Method,562.11347,Escherichia coli strain RL465,,EUCAST and CLSI,562,,,Escherichia coli
piperacillin,Resistant,Laboratory Method,562.11347,Escherichia coli strain RL465,,EUCAST and CLSI,562,,,Escherichia coli
trimethoprim/sulfamethoxazole,Resistant,Laboratory Method,562.11347,Escherichia coli strain RL465,,EUCAST and CLSI,562,,,Escherichia coli
aztreonam,Resistant,Laboratory Method,562.11347,Escherichia coli strain RL465,,EUCAST and CLSI,562,,,Escherichia coli
tigecycline,Susceptible,Laboratory Method,562.11347,Escherichia coli strain RL465,,EUCAST and CLSI,562,,,Escherichia coli
cefotaxime,Resistant,Laboratory Method,562.11347,Escherichia coli strain RL465,,EUCAST and CLSI,562,,,Escherichia coli
fosfomycin,Susceptible,Laboratory Method,562.11347,Escherichia coli strain RL465,,EUCAST and CLSI,562,,,Escherichia coli
gentamicin,Susceptible,Laboratory Method,562.11347,Escherichia coli strain RL465,,EUCAST and CLSI,562,,,Escherichia coli
moxifloxacin,Resistant,Laboratory Method,562.11347,Escherichia coli strain RL465,,EUCAST and CLSI,562,,,Escherichia coli
ertapenem,Susceptible,Laboratory Method,562.11347,Escherichia coli strain RL465,,EUCAST and CLSI,562,,,Escherichia coli
moxifloxacin,Susceptible,Laboratory Method,562.11349,Escherichia coli strain RL145,,EUCAST and CLSI,562,,,Escherichia coli
meropenem,Susceptible,Laboratory Method,562.11349,Escherichia coli strain RL145,,EUCAST and CLSI,562,,,Escherichia coli
piperacillin,Resistant,Laboratory Method,562.11349,Escherichia coli strain RL145,,EUCAST and CLSI,562,,,Escherichia coli
cefepime,Susceptible,Laboratory Method,562.11349,Escherichia coli strain RL145,,EUCAST and CLSI,562,,,Escherichia coli
cefuroxime,Resistant,Laboratory Method,562.11349,Escherichia coli strain RL145,,EUCAST and CLSI,562,,,Escherichia coli
cefpodoxime,Resistant,Laboratory Method,562.11349,Escherichia coli strain RL145,,EUCAST and CLSI,562,,,Escherichia coli
fosfomycin,Susceptible,Laboratory Method,562.11349,Escherichia coli strain RL145,,EUCAST and CLSI,562,,,Escherichia coli
ertapenem,Susceptible,Laboratory Method,562.11349,Escherichia coli strain RL145,,EUCAST and CLSI,562,,,Escherichia coli
cefotaxime,Resistant,Laboratory Method,562.11349,Escherichia coli strain RL145,,EUCAST and CLSI,562,,,Escherichia coli
tobramycin,Susceptible,Laboratory Method,562.11349,Escherichia coli strain RL145,,EUCAST and CLSI,562,,,Escherichia coli
piperacillin/tazobactam,Susceptible,Laboratory Method,562.11349,Escherichia coli strain RL145,,EUCAST and CLSI,562,,,Escherichia coli
tigecycline,Susceptible,Laboratory Method,562.11349,Escherichia coli strain RL145,,EUCAST and CLSI,562,,,Escherichia coli
imipenem,Susceptible,Laboratory Method,562.11349,Escherichia coli strain RL145,,EUCAST and CLSI,562,,,Escherichia coli
tetracycline,Resistant,Laboratory Method,562.11349,Escherichia coli strain RL145,,EUCAST and CLSI,562,,,Escherichia coli
gentamicin,Susceptible,Laboratory Method,562.11349,Escherichia coli strain RL145,,EUCAST and CLSI,562,,,Escherichia coli
trimethoprim/sulfamethoxazole,Susceptible,Laboratory Method,562.11349,Escherichia coli strain RL145,,EUCAST and CLSI,562,,,Escherichia coli
amikacin,Susceptible,Laboratory Method,562.11349,Escherichia coli strain RL145,,EUCAST and CLSI,562,,,Escherichia coli
ampicillin,Resistant,Laboratory Method,562.11349,Escherichia coli strain RL145,,EUCAST and CLSI,562,,,Escherichia coli
ciprofloxacin,Susceptible,Laboratory Method,562.11349,Escherichia coli strain RL145,,EUCAST and CLSI,562,,,Escherichia coli
ceftazidime,Resistant,Laboratory Method,562.11349,Escherichia coli strain RL145,,EUCAST and CLSI,562,,,Escherichia coli
ampicillin/sulbactam,Resistant,Laboratory Method,562.11349,Escherichia coli strain RL145,,EUCAST and CLSI,562,,,Escherichia coli
moxifloxacin,Resistant,Laboratory Method,562.11557,Escherichia coli strain RL138,,EUCAST and CLSI,562,,,Escherichia coli
ceftazidime,Susceptible,Laboratory Method,562.11557,Escherichia coli strain RL138,,EUCAST and CLSI,562,,,Escherichia coli
tigecycline,Susceptible,Laboratory Method,562.11557,Escherichia coli strain RL138,,EUCAST and CLSI,562,,,Escherichia coli
piperacillin,Resistant,Laboratory Method,562.11557,Escherichia coli strain RL138,,EUCAST and CLSI,562,,,Escherichia coli
ampicillin,Resistant,Laboratory Method,562.11557,Escherichia coli strain RL138,,EUCAST and CLSI,562,,,Escherichia coli
cefpodoxime,Resistant,Laboratory Method,562.11557,Escherichia coli strain RL138,,EUCAST and CLSI,562,,,Escherichia coli
cefuroxime,Resistant,Laboratory Method,562.11557,Escherichia coli strain RL138,,EUCAST and CLSI,562,,,Escherichia coli
ciprofloxacin,Resistant,Laboratory Method,562.11557,Escherichia coli strain RL138,,EUCAST and CLSI,562,,,Escherichia coli
trimethoprim/sulfamethoxazole,Resistant,Laboratory Method,562.11557,Escherichia coli strain RL138,,EUCAST and CLSI,562,,,Escherichia coli
aztreonam,Susceptible,Laboratory Method,562.11557,Escherichia coli strain RL138,,EUCAST and CLSI,562,,,Escherichia coli
tetracycline,Resistant,Laboratory Method,562.11557,Escherichia coli strain RL138,,EUCAST and CLSI,562,,,Escherichia coli
cefotaxime,Resistant,Laboratory Method,562.11557,Escherichia coli strain RL138,,EUCAST and CLSI,562,,,Escherichia coli
ampicillin/sulbactam,Resistant,Laboratory Method,562.11557,Escherichia coli strain RL138,,EUCAST and CLSI,562,,,Escherichia coli
tobramycin,Susceptible,Laboratory Method,562.11557,Escherichia coli strain RL138,,EUCAST and CLSI,562,,,Escherichia coli
imipenem,Susceptible,Laboratory Method,562.11557,Escherichia coli strain RL138,,EUCAST and CLSI,562,,,Escherichia coli
meropenem,Susceptible,Laboratory Method,562.11557,Escherichia coli strain RL138,,EUCAST and CLSI,562,,,Escherichia coli
gentamicin,Susceptible,Laboratory Method,562.11557,Escherichia coli strain RL138,,EUCAST and CLSI,562,,,Escherichia coli
piperacillin/tazobactam,Susceptible,Laboratory Method,562.11557,Escherichia coli strain RL138,,EUCAST and CLSI,562,,,Escherichia coli
fosfomycin,Susceptible,Laboratory Method,562.11557,Escherichia coli strain RL138,,EUCAST and CLSI,562,,,Escherichia coli
ertapenem,Susceptible,Laboratory Method,562.11557,Escherichia coli strain RL138,,EUCAST and CLSI,562,,,Escherichia coli
amikacin,Susceptible,Laboratory Method,562.11557,Escherichia coli strain RL138,,EUCAST and CLSI,562,,,Escherichia coli
piperacillin/tazobactam,Resistant,Laboratory Method,562.12959,Escherichia coli strain AR_0001,Broth dilution,CLSI,562,>128/4,mg/L,Escherichia coli
ampicillin/sulbactam,Resistant,Laboratory Method,562.12959,Escherichia coli strain AR_0001,Broth dilution,CLSI,562,>32/16,mg/L,Escherichia coli
gentamicin,Susceptible,Laboratory Method,562.12959,Escherichia coli strain AR_0001,Broth dilution,CLSI,562,==4,mg/L,Escherichia coli
cefazolin,Resistant,Laboratory Method,562.12959,Escherichia coli strain AR_0001,Broth dilution,CLSI,562,>8,mg/L,Escherichia coli
cefoxitin,Resistant,Laboratory Method,562.12959,Escherichia coli strain AR_0001,Broth dilution,CLSI,562,>16,mg/L,Escherichia coli
levofloxacin,Resistant,Laboratory Method,562.12959,Escherichia coli strain AR_0001,Broth dilution,CLSI,562,>8,mg/L,Escherichia coli
tobramycin,Resistant,Laboratory Method,562.12959,Escherichia coli strain AR_0001,Broth dilution,CLSI,562,>16,mg/L,Escherichia coli
ertapenem,Resistant,Laboratory Method,562.12959,Escherichia coli strain AR_0001,Broth dilution,CLSI,562,==8,mg/L,Escherichia coli
ampicillin,Resistant,Laboratory Method,562.12959,Escherichia coli strain AR_0001,Broth dilution,CLSI,562,>32,mg/L,Escherichia coli
trimethoprim/sulfamethoxazole,Resistant,Laboratory Method,562.12959,Escherichia coli strain AR_0001,Broth dilution,CLSI,562,>8/152,mg/L,Escherichia coli
cefotaxime,Resistant,Laboratory Method,562.12959,Escherichia coli strain AR_0001,Broth dilution,CLSI,562,>128,mg/L,Escherichia coli
cefepime,Resistant,Laboratory Method,562.12959,Escherichia coli strain AR_0001,Broth dilution,CLSI,562,>32,mg/L,Escherichia coli
doripenem,Resistant,Laboratory Method,562.12959,Escherichia coli strain AR_0001,Broth dilution,CLSI,562,==4,mg/L,Escherichia coli
imipenem,Resistant,Laboratory Method,562.12959,Escherichia coli strain AR_0001,Broth dilution,CLSI,562,==4,mg/L,Escherichia coli
ciprofloxacin,Resistant,Laboratory Method,562.12959,Escherichia coli strain AR_0001,Broth dilution,CLSI,562,>8,mg/L,Escherichia coli
amikacin,Susceptible,Laboratory Method,562.12959,Escherichia coli strain AR_0001,Broth dilution,CLSI,562,==16,mg/L,Escherichia coli
aztreonam,Resistant,Laboratory Method,562.12959,Escherichia coli strain AR_0001,Broth dilution,CLSI,562,>64,mg/L,Escherichia coli
ceftazidime,Resistant,Laboratory Method,562.12959,Escherichia coli strain AR_0001,Broth dilution,CLSI,562,==128,mg/L,Escherichia coli
tetracycline,Resistant,Laboratory Method,562.12959,Escherichia coli strain AR_0001,Broth dilution,CLSI,562,==16,mg/L,Escherichia coli
ceftriaxone,Resistant,Laboratory Method,562.12959,Escherichia coli strain AR_0001,Broth dilution,CLSI,562,>32,mg/L,Escherichia coli
tigecycline,Susceptible,Laboratory Method,562.12959,Escherichia coli strain AR_0001,Broth dilution,CLSI,562,==2,mg/L,Escherichia coli
meropenem,Resistant,Laboratory Method,562.12959,Escherichia coli strain AR_0001,Broth dilution,CLSI,562,==4,mg/L,Escherichia coli
amoxicillin/clavulanic acid,Resistant,Laboratory Method,562.12959,Escherichia coli strain AR_0001,Broth dilution,CLSI,562,>32/16,mg/L,Escherichia coli
ampicillin,Resistant,Laboratory Method,562.12960,Escherichia coli strain AR_0048,Broth dilution,CLSI,562,>32,mg/L,Escherichia coli
tobramycin,Resistant,Laboratory Method,562.12960,Escherichia coli strain AR_0048,Broth dilution,CLSI,562,>16,mg/L,Escherichia coli
trimethoprim/sulfamethoxazole,Resistant,Laboratory Method,562.12960,Escherichia coli strain AR_0048,Broth dilution,CLSI,562,>8/152,mg/L,Escherichia coli
meropenem,Resistant,Laboratory Method,562.12960,Escherichia coli strain AR_0048,Broth dilution,CLSI,562,>16,mg/L,Escherichia coli
cefoxitin,Resistant,Laboratory Method,562.12960,Escherichia coli strain AR_0048,Broth dilution,CLSI,562,>16,mg/L,Escherichia coli
tetracycline,Susceptible,Laboratory Method,562.12960,Escherichia coli strain AR_0048,Broth dilution,CLSI,562,<=2,mg/L,Escherichia coli
cefazolin,Resistant,Laboratory Method,562.12960,Escherichia coli strain AR_0048,Broth dilution,CLSI,562,>32,mg/L,Escherichia coli
tigecycline,Susceptible,Laboratory Method,562.12960,Escherichia coli strain AR_0048,Broth dilution,CLSI,562,==0.25,mg/L,Escherichia coli
amoxicillin/clavulanic acid,Resistant,Laboratory Method,562.12960,Escherichia coli strain AR_0048,Broth dilution,CLSI,562,>32/16,mg/L,Escherichia coli
ampicillin/sulbactam,Resistant,Laboratory Method,562.12960,Escherichia coli strain AR_0048,Broth dilution,CLSI,562,>32/16,mg/L,Escherichia coli
aztreonam,Resistant,Laboratory Method,562.12960,Escherichia coli strain AR_0048,Broth dilution,CLSI,562,>64,mg/L,Escherichia coli
piperacillin/tazobactam,Resistant,Laboratory Method,562.12960,Escherichia coli strain AR_0048,Broth dilution,CLSI,562,>128/4,mg/L,Escherichia coli
amikacin,Resistant,Laboratory Method,562.12960,Escherichia coli strain AR_0048,Broth dilution,CLSI,562,>64,mg/L,Escherichia coli
cefotaxime,Resistant,Laboratory Method,562.12960,Escherichia coli strain AR_0048,Broth dilution,CLSI,562,>64,mg/L,Escherichia coli
levofloxacin,Resistant,Laboratory Method,562.12960,Escherichia coli strain AR_0048,Broth dilution,CLSI,562,>8,mg/L,Escherichia coli
ceftazidime,Resistant,Laboratory Method,562.12960,Escherichia coli strain AR_0048,Broth dilution,CLSI,562,==64,mg/L,Escherichia coli
ciprofloxacin,Resistant,Laboratory Method,562.12960,Escherichia coli strain AR_0048,Broth dilution,CLSI,562,>8,mg/L,Escherichia coli
cefepime,Resistant,Laboratory Method,562.12960,Escherichia coli strain AR_0048,Broth dilution,CLSI,562,>32,mg/L,Escherichia coli
doripenem,Resistant,Laboratory Method,562.12960,Escherichia coli strain AR_0048,Broth dilution,CLSI,562,>8,mg/L,Escherichia coli
ertapenem,Resistant,Laboratory Method,562.12960,Escherichia coli strain AR_0048,Broth dilution,CLSI,562,>16,mg/L,Escherichia coli
gentamicin,Resistant,Laboratory Method,562.12960,Escherichia coli strain AR_0048,Broth dilution,CLSI,562,>16,mg/L,Escherichia coli
imipenem,Resistant,Laboratory Method,562.12960,Escherichia coli strain AR_0048,Broth dilution,CLSI,562,==16,mg/L,Escherichia coli
ceftriaxone,Resistant,Laboratory Method,562.12960,Escherichia coli strain AR_0048,Broth dilution,CLSI,562,>32,mg/L,Escherichia coli
ciprofloxacin,Susceptible,Laboratory Method,562.12961,Escherichia coli strain F1-8-ERB4,Broth dilution,EUCAST,562,0.5,mg/L,Escherichia coli
amikacin,Susceptible,Laboratory Method,562.12961,Escherichia coli strain F1-8-ERB4,Broth dilution,EUCAST,562,<=2,mg/L,Escherichia coli
gentamicin,Resistant,Laboratory Method,562.12961,Escherichia coli strain F1-8-ERB4,Broth dilution,EUCAST,562,>=16,mg/L,Escherichia coli
cefuroxime,Resistant,Laboratory Method,562.12961,Escherichia coli strain F1-8-ERB4,Broth dilution,EUCAST,562,16,mg/L,Escherichia coli
cefoxitin,Susceptible,Laboratory Method,562.12961,Escherichia coli strain F1-8-ERB4,Broth dilution,EUCAST,562,<=4,mg/L,Escherichia coli
ertapenem,Susceptible,Laboratory Method,562.12961,Escherichia coli strain F1-8-ERB4,Broth dilution,EUCAST,562,<=0.5,mg/L,Escherichia coli
cefuroxime,Resistant,Laboratory Method,562.12961,Escherichia coli strain F1-8-ERB4,Broth dilution,EUCAST,562,16,mg/L,Escherichia coli
aztreonam,Resistant,Laboratory Method,562.12961,Escherichia coli strain F1-8-ERB4,Broth dilution,EUCAST,562,16,mg/L,Escherichia coli
amoxicillin/clavulanic acid,Susceptible,Laboratory Method,562.12961,Escherichia coli strain F1-8-ERB4,Broth dilution,EUCAST,562,4,mg/L,Escherichia coli
trimethoprim,Susceptible,Laboratory Method,562.12961,Escherichia coli strain F1-8-ERB4,Broth dilution,EUCAST,562,<=0.5,mg/L,Escherichia coli
piperacillin/tazobactam,Susceptible,Laboratory Method,562.12961,Escherichia coli strain F1-8-ERB4,Broth dilution,EUCAST,562,<=4,mg/L,Escherichia coli
cefepime,Susceptible,Laboratory Method,562.12961,Escherichia coli strain F1-8-ERB4,Broth dilution,EUCAST,562,<=1,mg/L,Escherichia coli
cefalotin,Resistant,Laboratory Method,562.12961,Escherichia coli strain F1-8-ERB4,Broth dilution,EUCAST,562,>=64,mg/L,Escherichia coli
ceftazidime,Resistant,Laboratory Method,562.12961,Escherichia coli strain F1-8-ERB4,Broth dilution,EUCAST,562,16,mg/L,Escherichia coli
ampicillin,Resistant,Laboratory Method,562.12961,Escherichia coli strain F1-8-ERB4,Broth dilution,EUCAST,562,>=32,mg/L,Escherichia coli
meropenem,Susceptible,Laboratory Method,562.12961,Escherichia coli strain F1-8-ERB4,Broth dilution,EUCAST,562,<=0.25,mg/L,Escherichia coli
cefotaxime,Resistant,Laboratory Method,562.12962,Escherichia coli strain PB486,Broth dilution,EUCAST,562,8,mg/L,Escherichia coli
ertapenem,Susceptible,Laboratory Method,562.12962,Escherichia coli strain PB486,Broth dilution,EUCAST,562,<=0.5,mg/L,Escherichia coli
meropenem,Susceptible,Laboratory Method,562.12962,Escherichia coli strain PB486,Broth dilution,EUCAST,562,<=0.25,mg/L,Escherichia coli
trimethoprim,Resistant,Laboratory Method,562.12962,Escherichia coli strain PB486,Broth dilution,EUCAST,562,>=16,mg/L,Escherichia coli
cefoxitin,Susceptible,Laboratory Method,562.12962,Escherichia coli strain PB486,Broth dilution,EUCAST,562,<=4,mg/L,Escherichia coli
ceftazidime,Susceptible,Laboratory Method,562.12962,Escherichia coli strain PB486,Broth dilution,EUCAST,562,<=1,mg/L,Escherichia coli
gentamicin,Susceptible,Laboratory Method,562.12962,Escherichia coli strain PB486,Broth dilution,EUCAST,562,<=1,mg/L,Escherichia coli
cefuroxime,Resistant,Laboratory Method,562.12962,Escherichia coli strain PB486,Broth dilution,EUCAST,562,>=64,mg/L,Escherichia coli
piperacillin/tazobactam,Susceptible,Laboratory Method,562.12962,Escherichia coli strain PB486,Broth dilution,EUCAST,562,<=4,mg/L,Escherichia coli
tobramycin,Susceptible,Laboratory Method,562.12962,Escherichia coli strain PB486,Broth dilution,EUCAST,562,<=1,mg/L,Escherichia coli
cefuroxime,Resistant,Laboratory Method,562.12962,Escherichia coli strain PB486,Broth dilution,EUCAST,562,>=64,mg/L,Escherichia coli
amikacin,Susceptible,Laboratory Method,562.12962,Escherichia coli strain PB486,Broth dilution,EUCAST,562,<=2,mg/L,Escherichia coli
amoxicillin/clavulanic acid,Susceptible,Laboratory Method,562.12962,Escherichia coli strain PB486,Broth dilution,EUCAST,562,8,mg/L,Escherichia coli
cefalotin,Resistant,Laboratory Method,562.12962,Escherichia coli strain PB486,Broth dilution,EUCAST,562,>=64,mg/L,Escherichia coli
ampicillin,Resistant,Laboratory Method,562.12962,Escherichia coli strain PB486,Broth dilution,EUCAST,562,>=32,mg/L,Escherichia coli
cefepime,Susceptible,Laboratory Method,562.12962,Escherichia coli strain PB486,Broth dilution,EUCAST,562,<=1,mg/L,Escherichia coli
aztreonam,Susceptible,Laboratory Method,562.12962,Escherichia coli strain PB486,Broth dilution,EUCAST,562,<=1,mg/L,Escherichia coli
streptomycin,Resistant,Laboratory Method,562.135559,Escherichia coli MGL_90,Disk diffusion,,562,11,mm,Escherichia coli
ciprofloxacin,Resistant,Laboratory Method,562.135559,Escherichia coli MGL_90,Disk diffusion,,562,,,Escherichia coli
penicillin,Resistant,Laboratory Method,562.135559,Escherichia coli MGL_90,Disk diffusion,,562,,,Escherichia coli
rifampin,Resistant,Laboratory Method,562.135559,Escherichia coli MGL_90,Disk diffusion,,562,,,Escherichia coli
trimethoprim/sulfamethoxazole,Resistant,Laboratory Method,562.135559,Escherichia coli MGL_90,Disk diffusion,,562,,,Escherichia coli
ampicillin,Resistant,Laboratory Method,562.135559,Escherichia coli MGL_90,Disk diffusion,,562,,,Escherichia coli
kanamycin,Resistant,Laboratory Method,562.135559,Escherichia coli MGL_90,Disk diffusion,,562,,,Escherichia coli
doxycycline,Susceptible,Laboratory Method,562.135559,Escherichia coli MGL_90,Disk diffusion,,562,16,mm,Escherichia coli
nalidixic acid,Resistant,Laboratory Method,562.135559,Escherichia coli MGL_90,Disk diffusion,,562,,,Escherichia coli
carbenicillin,Resistant,Laboratory Method,562.135559,Escherichia coli MGL_90,Disk diffusion,,562,,,Escherichia coli
erythromycin,Resistant,Laboratory Method,562.135559,Escherichia coli MGL_90,Disk diffusion,,562,,,Escherichia coli
imipenem,Resistant,Laboratory Method,562.135559,Escherichia coli MGL_90,Disk diffusion,,562,11,mm,Escherichia coli
trimethoprim/sulfamethoxazole,Resistant,Laboratory Method,562.135560,Escherichia coli MGL_106,Disk diffusion,,562,,,Escherichia coli
imipenem,Resistant,Laboratory Method,562.135560,Escherichia coli MGL_106,Disk diffusion,,562,10,mm,Escherichia coli
kanamycin,Resistant,Laboratory Method,562.135560,Escherichia coli MGL_106,Disk diffusion,,562,,,Escherichia coli
rifampin,Resistant,Laboratory Method,562.135560,Escherichia coli MGL_106,Disk diffusion,,562,,,Escherichia coli
erythromycin,Resistant,Laboratory Method,562.135560,Escherichia coli MGL_106,Disk diffusion,,562,,,Escherichia coli
chloramphenicol,Susceptible,Laboratory Method,562.135560,Escherichia coli MGL_106,Disk diffusion,,562,19,mm,Escherichia coli
ampicillin,Resistant,Laboratory Method,562.135560,Escherichia coli MGL_106,Disk diffusion,,562,,,Escherichia coli
doxycycline,Susceptible,Laboratory Method,562.135560,Escherichia coli MGL_106,Disk diffusion,,562,17,mm,Escherichia coli
penicillin,Resistant,Laboratory Method,562.135560,Escherichia coli MGL_106,Disk diffusion,,562,,,Escherichia coli
carbenicillin,Resistant,Laboratory Method,562.135560,Escherichia coli MGL_106,Disk diffusion,,562,,,Escherichia coli
ciprofloxacin,Resistant,Laboratory Method,562.135560,Escherichia coli MGL_106,Disk diffusion,,562,21,mm,Escherichia coli
nalidixic acid,Resistant,Laboratory Method,562.135560,Escherichia coli MGL_106,Disk diffusion,,562,13,mm,Escherichia coli
imipenem,Resistant,Laboratory Method,562.135561,Escherichia coli MGL_91,Disk diffusion,,562,12,mm,Escherichia coli
erythromycin,Resistant,Laboratory Method,562.135561,Escherichia coli MGL_91,Disk diffusion,,562,,,Escherichia coli
tetracycline,Resistant,Laboratory Method,562.135561,Escherichia coli MGL_91,Disk diffusion,,562,,,Escherichia coli
rifampin,Resistant,Laboratory Method,562.135561,Escherichia coli MGL_91,Disk diffusion,,562,,,Escherichia coli
ampicillin,Resistant,Laboratory Method,562.135561,Escherichia coli MGL_91,Disk diffusion,,562,,,Escherichia coli
nalidixic acid,Resistant,Laboratory Method,562.135561,Escherichia coli MGL_91,Disk diffusion,,562,,,Escherichia coli
streptomycin,Resistant,Laboratory Method,562.135561,Escherichia coli MGL_91,Disk diffusion,,562,11,mm,Escherichia coli
carbenicillin,Resistant,Laboratory Method,562.135561,Escherichia coli MGL_91,Disk diffusion,,562,,,Escherichia coli
kanamycin,Resistant,Laboratory Method,562.135561,Escherichia coli MGL_91,Disk diffusion,,562,,,Escherichia coli
doxycycline,Resistant,Laboratory Method,562.135561,Escherichia coli MGL_91,Disk diffusion,,562,,,Escherichia coli
trimethoprim/sulfamethoxazole,Resistant,Laboratory Method,562.135561,Escherichia coli MGL_91,Disk diffusion,,562,,,Escherichia coli
penicillin,Resistant,Laboratory Method,562.135561,Escherichia coli MGL_91,Disk diffusion,,562,,,Escherichia coli
chloramphenicol,Resistant,Laboratory Method,562.135561,Escherichia coli MGL_91,Disk diffusion,,562,12,mm,Escherichia coli
ciprofloxacin,Resistant,Laboratory Method,562.135561,Escherichia coli MGL_91,Disk diffusion,,562,,,Escherichia coli
rifampin,Resistant,Laboratory Method,562.135562,Escherichia coli MGL_87,Disk diffusion,,562,11,mm,Escherichia coli
doxycycline,Susceptible,Laboratory Method,562.135562,Escherichia coli MGL_87,Disk diffusion,,562,17,mm,Escherichia coli
trimethoprim/sulfamethoxazole,Resistant,Laboratory Method,562.135562,Escherichia coli MGL_87,Disk diffusion,,562,,,Escherichia coli
ciprofloxacin,Resistant,Laboratory Method,562.135562,Escherichia coli MGL_87,Disk diffusion,,562,,,Escherichia coli
ampicillin,Resistant,Laboratory Method,562.135562,Escherichia coli MGL_87,Disk diffusion,,562,,,Escherichia coli
nalidixic acid,Resistant,Laboratory Method,562.135562,Escherichia coli MGL_87,Disk diffusion,,562,,,Escherichia coli
carbenicillin,Resistant,Laboratory Method,562.135562,Escherichia coli MGL_87,Disk diffusion,,562,,,Escherichia coli
imipenem,Resistant,Laboratory Method,562.135562,Escherichia coli MGL_87,Disk diffusion,,562,11,mm,Escherichia coli
kanamycin,Resistant,Laboratory Method,562.135562,Escherichia coli MGL_87,Disk diffusion,,562,,,Escherichia coli
chloramphenicol,Susceptible,Laboratory Method,562.135562,Escherichia coli MGL_87,Disk diffusion,,562,18,mm,Escherichia coli
erythromycin,Resistant,Laboratory Method,562.135562,Escherichia coli MGL_87,Disk diffusion,,562,,,Escherichia coli
penicillin,Resistant,Laboratory Method,562.135562,Escherichia coli MGL_87,Disk diffusion,,562,,,Escherichia coli
kanamycin,Resistant,Laboratory Method,562.135563,Escherichia coli MGL_86,Disk diffusion,,562,,,Escherichia coli
ciprofloxacin,Resistant,Laboratory Method,562.135563,Escherichia coli MGL_86,Disk diffusion,,562,,,Escherichia coli
penicillin,Resistant,Laboratory Method,562.135563,Escherichia coli MGL_86,Disk diffusion,,562,,,Escherichia coli
doxycycline,Susceptible,Laboratory Method,562.135563,Escherichia coli MGL_86,Disk diffusion,,562,21,mm,Escherichia coli
rifampin,Resistant,Laboratory Method,562.135563,Escherichia coli MGL_86,Disk diffusion,,562,13,mm,Escherichia coli
erythromycin,Resistant,Laboratory Method,562.135563,Escherichia coli MGL_86,Disk diffusion,,562,21,mm,Escherichia coli
imipenem,Resistant,Laboratory Method,562.135563,Escherichia coli MGL_86,Disk diffusion,,562,14,mm,Escherichia coli
carbenicillin,Resistant,Laboratory Method,562.135563,Escherichia coli MGL_86,Disk diffusion,,562,,,Escherichia coli
trimethoprim/sulfamethoxazole,Resistant,Laboratory Method,562.135563,Escherichia coli MGL_86,Disk diffusion,,562,,,Escherichia coli
ampicillin,Resistant,Laboratory Method,562.135563,Escherichia coli MGL_86,Disk diffusion,,562,,,Escherichia coli
nalidixic acid,Resistant,Laboratory Method,562.135563,Escherichia coli MGL_86,Disk diffusion,,562,,,Escherichia coli
chloramphenicol,Susceptible,Laboratory Method,562.135563,Escherichia coli MGL_86,Disk diffusion,,562,28,mm,Escherichia coli
imipenem,Resistant,Laboratory Method,562.135567,Escherichia coli 20200622_MGL_66,Disk diffusion,,562,,,Escherichia coli
ciprofloxacin,Resistant,Laboratory Method,562.135567,Escherichia coli 20200622_MGL_66,Disk diffusion,,562,,,Escherichia coli
erythromycin,Resistant,Laboratory Method,562.135567,Escherichia coli 20200622_MGL_66,Disk diffusion,,562,,,Escherichia coli
carbenicillin,Resistant,Laboratory Method,562.135567,Escherichia coli 20200622_MGL_66,Disk diffusion,,562,,,Escherichia coli
penicillin,Resistant,Laboratory Method,562.135567,Escherichia coli 20200622_MGL_66,Disk diffusion,,562,,,Escherichia coli
chloramphenicol,Resistant,Laboratory Method,562.135567,Escherichia coli 20200622_MGL_66,Disk diffusion,,562,,,Escherichia coli
kanamycin,Resistant,Laboratory Method,562.135567,Escherichia coli 20200622_MGL_66,Disk diffusion,,562,,,Escherichia coli
nalidixic acid,Resistant,Laboratory Method,562.135567,Escherichia coli 20200622_MGL_66,Disk diffusion,,562,,,Escherichia coli
doxycycline,Resistant,Laboratory Method,562.135567,Escherichia coli 20200622_MGL_66,Disk diffusion,,562,,,Escherichia coli
streptomycin,Resistant,Laboratory Method,562.135567,Escherichia coli 20200622_MGL_66,Disk diffusion,,562,9,mm,Escherichia coli
rifampin,Resistant,Laboratory Method,562.135567,Escherichia coli 20200622_MGL_66,Disk diffusion,,562,,,Escherichia coli
trimethoprim/sulfamethoxazole,Resistant,Laboratory Method,562.135567,Escherichia coli 20200622_MGL_66,Disk diffusion,,562,,,Escherichia coli
ampicillin,Resistant,Laboratory Method,562.135567,Escherichia coli 20200622_MGL_66,Disk diffusion,,562,,,Escherichia coli
tetracycline,Resistant,Laboratory Method,562.135567,Escherichia coli 20200622_MGL_66,Disk diffusion,,562,,,Escherichia coli
nalidixic acid,Resistant,Laboratory Method,562.135568,Escherichia coli 20200622_MGL_67,Disk diffusion,,562,,,Escherichia coli
trimethoprim/sulfamethoxazole,Resistant,Laboratory Method,562.135568,Escherichia coli 20200622_MGL_67,Disk diffusion,,562,,,Escherichia coli
rifampin,Resistant,Laboratory Method,562.135568,Escherichia coli 20200622_MGL_67,Disk diffusion,,562,,,Escherichia coli
kanamycin,Resistant,Laboratory Method,562.135568,Escherichia coli 20200622_MGL_67,Disk diffusion,,562,,,Escherichia coli
doxycycline,Susceptible,Laboratory Method,562.135568,Escherichia coli 20200622_MGL_67,Disk diffusion,,562,14,mm,Escherichia coli
imipenem,Resistant,Laboratory Method,562.135568,Escherichia coli 20200622_MGL_67,Disk diffusion,,562,,,Escherichia coli
ampicillin,Resistant,Laboratory Method,562.135568,Escherichia coli 20200622_MGL_67,Disk diffusion,,562,,,Escherichia coli
streptomycin,Resistant,Laboratory Method,562.135568,Escherichia coli 20200622_MGL_67,Disk diffusion,,562,10,mm,Escherichia coli
ciprofloxacin,Resistant,Laboratory Method,562.135568,Escherichia coli 20200622_MGL_67,Disk diffusion,,562,,,Escherichia coli
carbenicillin,Resistant,Laboratory Method,562.135568,Escherichia coli 20200622_MGL_67,Disk diffusion,,562,,,Escherichia coli
penicillin,Resistant,Laboratory Method,562.135568,Escherichia coli 20200622_MGL_67,Disk diffusion,,562,,,Escherichia coli
erythromycin,Resistant,Laboratory Method,562.135568,Escherichia coli 20200622_MGL_67,Disk diffusion,,562,,,Escherichia coli
chloramphenicol,Resistant,Laboratory Method,562.135568,Escherichia coli 20200622_MGL_67,Disk diffusion,,562,,,Escherichia coli
trimethoprim/sulfamethoxazole,Resistant,Laboratory Method,562.135569,Escherichia coli 20200203_MGL_07,Disk diffusion,,562,,,Escherichia coli
tetracycline,Resistant,Laboratory Method,562.135569,Escherichia coli 20200203_MGL_07,Disk diffusion,,562,,,Escherichia coli
chloramphenicol,Resistant,Laboratory Method,562.135569,Escherichia coli 20200203_MGL_07,Disk diffusion,,562,11,mm,Escherichia coli
penicillin,Resistant,Laboratory Method,562.135569,Escherichia coli 20200203_MGL_07,Disk diffusion,,562,,,Escherichia coli
imipenem,Resistant,Laboratory Method,562.135569,Escherichia coli 20200203_MGL_07,Disk diffusion,,562,,,Escherichia coli
carbenicillin,Resistant,Laboratory Method,562.135569,Escherichia coli 20200203_MGL_07,Disk diffusion,,562,,,Escherichia coli
nalidixic acid,Resistant,Laboratory Method,562.135569,Escherichia coli 20200203_MGL_07,Disk diffusion,,562,,,Escherichia coli
kanamycin,Resistant,Laboratory Method,562.135569,Escherichia coli 20200203_MGL_07,Disk diffusion,,562,,,Escherichia coli
polymyxin B,Resistant,Laboratory Method,562.135569,Escherichia coli 20200203_MGL_07,Disk diffusion,,562,,,Escherichia coli
ciprofloxacin,Resistant,Laboratory Method,562.135569,Escherichia coli 20200203_MGL_07,Disk diffusion,,562,,,Escherichia coli
doxycycline,Resistant,Laboratory Method,562.135569,Escherichia coli 20200203_MGL_07,Disk diffusion,,562,,,Escherichia coli
rifampin,Resistant,Laboratory Method,562.135569,Escherichia coli 20200203_MGL_07,Disk diffusion,,562,,,Escherichia coli
ampicillin,Resistant,Laboratory Method,562.135569,Escherichia coli 20200203_MGL_07,Disk diffusion,,562,,,Escherichia coli
erythromycin,Resistant,Laboratory Method,562.135569,Escherichia coli 20200203_MGL_07,Disk diffusion,,562,,,Escherichia coli
ampicillin,Resistant,Laboratory Method,562.135570,Escherichia coli 20200203_MGL_22,Disk diffusion,,562,,,Escherichia coli
tetracycline,Resistant,Laboratory Method,562.135570,Escherichia coli 20200203_MGL_22,Disk diffusion,,562,,,Escherichia coli
streptomycin,Resistant,Laboratory Method,562.135570,Escherichia coli 20200203_MGL_22,Disk diffusion,,562,8,mm,Escherichia coli
carbenicillin,Resistant,Laboratory Method,562.135570,Escherichia coli 20200203_MGL_22,Disk diffusion,,562,,,Escherichia coli
trimethoprim/sulfamethoxazole,Resistant,Laboratory Method,562.135570,Escherichia coli 20200203_MGL_22,Disk diffusion,,562,,,Escherichia coli
erythromycin,Resistant,Laboratory Method,562.135570,Escherichia coli 20200203_MGL_22,Disk diffusion,,562,,,Escherichia coli
kanamycin,Resistant,Laboratory Method,562.135570,Escherichia coli 20200203_MGL_22,Disk diffusion,,562,,,Escherichia coli
chloramphenicol,Resistant,Laboratory Method,562.135570,Escherichia coli 20200203_MGL_22,Disk diffusion,,562,10,mm,Escherichia coli
ciprofloxacin,Resistant,Laboratory Method,562.135570,Escherichia coli 20200203_MGL_22,Disk diffusion,,562,,,Escherichia coli
nalidixic acid,Resistant,Laboratory Method,562.135570,Escherichia coli 20200203_MGL_22,Disk diffusion,,562,,,Escherichia coli
rifampin,Resistant,Laboratory Method,562.135570,Escherichia coli 20200203_MGL_22,Disk diffusion,,562,8,mm,Escherichia coli
imipenem,Resistant,Laboratory Method,562.135570,Escherichia coli 20200203_MGL_22,Disk diffusion,,562,,,Escherichia coli
penicillin,Resistant,Laboratory Method,562.135570,Escherichia coli 20200203_MGL_22,Disk diffusion,,562,,,Escherichia coli
nalidixic acid,Resistant,Laboratory Method,562.135571,Escherichia coli MGL_125,Disk diffusion,,562,,,Escherichia coli
carbenicillin,Resistant,Laboratory Method,562.135571,Escherichia coli MGL_125,Disk diffusion,,562,,,Escherichia coli
trimethoprim/sulfamethoxazole,Resistant,Laboratory Method,562.135571,Escherichia coli MGL_125,Disk diffusion,,562,,,Escherichia coli
doxycycline,Susceptible,Laboratory Method,562.135571,Escherichia coli MGL_125,Disk diffusion,,562,16,mm,Escherichia coli
imipenem,Resistant,Laboratory Method,562.135571,Escherichia coli MGL_125,Disk diffusion,,562,,,Escherichia coli
penicillin,Resistant,Laboratory Method,562.135571,Escherichia coli MGL_125,Disk diffusion,,562,,,Escherichia coli
kanamycin,Resistant,Laboratory Method,562.135571,Escherichia coli MGL_125,Disk diffusion,,562,,,Escherichia coli
chloramphenicol,Susceptible,Laboratory Method,562.135571,Escherichia coli MGL_125,Disk diffusion,,562,18,mm,Escherichia coli
ciprofloxacin,Resistant,Laboratory Method,562.135571,Escherichia coli MGL_125,Disk diffusion,,562,,,Escherichia coli
rifampin,Resistant,Laboratory Method,562.135571,Escherichia coli MGL_125,Disk diffusion,,562,,,Escherichia coli
erythromycin,Resistant,Laboratory Method,562.135571,Escherichia coli MGL_125,Disk diffusion,,562,,,Escherichia coli
ampicillin,Resistant,Laboratory Method,562.135571,Escherichia coli MGL_125,Disk diffusion,,562,,,Escherichia coli
imipenem,Resistant,Laboratory Method,562.135572,Escherichia coli MGL_123,Disk diffusion,,562,,,Escherichia coli
ampicillin,Resistant,Laboratory Method,562.135572,Escherichia coli MGL_123,Disk diffusion,,562,,,Escherichia coli
kanamycin,Resistant,Laboratory Method,562.135572,Escherichia coli MGL_123,Disk diffusion,,562,,,Escherichia coli
neomycin,Resistant,Laboratory Method,562.135572,Escherichia coli MGL_123,Disk diffusion,,562,,,Escherichia coli
ciprofloxacin,Resistant,Laboratory Method,562.135572,Escherichia coli MGL_123,Disk diffusion,,562,,,Escherichia coli
carbenicillin,Resistant,Laboratory Method,562.135572,Escherichia coli MGL_123,Disk diffusion,,562,,,Escherichia coli
trimethoprim/sulfamethoxazole,Resistant,Laboratory Method,562.135572,Escherichia coli MGL_123,Disk diffusion,,562,,,Escherichia coli
doxycycline,Resistant,Laboratory Method,562.135572,Escherichia coli MGL_123,Disk diffusion,,562,,,Escherichia coli
nalidixic acid,Resistant,Laboratory Method,562.135572,Escherichia coli MGL_123,Disk diffusion,,562,,,Escherichia coli
penicillin,Resistant,Laboratory Method,562.135572,Escherichia coli MGL_123,Disk diffusion,,562,,,Escherichia coli
chloramphenicol,Resistant,Laboratory Method,562.135572,Escherichia coli MGL_123,Disk diffusion,,562,,,Escherichia coli
rifampin,Resistant,Laboratory Method,562.135572,Escherichia coli MGL_123,Disk diffusion,,562,,,Escherichia coli
tetracycline,Resistant,Laboratory Method,562.135572,Escherichia coli MGL_123,Disk diffusion,,562,,,Escherichia coli
erythromycin,Resistant,Laboratory Method,562.135572,Escherichia coli MGL_123,Disk diffusion,,562,,,Escherichia coli
streptomycin,Resistant,Laboratory Method,562.135572,Escherichia coli MGL_123,Disk diffusion,,562,,,Escherichia coli
tetracycline,Resistant,Laboratory Method,562.135573,Escherichia coli MGL_117,Disk diffusion,,562,,,Escherichia coli
penicillin,Resistant,Laboratory Method,562.135573,Escherichia coli MGL_117,Disk diffusion,,562,,,Escherichia coli
chloramphenicol,Susceptible,Laboratory Method,562.135573,Escherichia coli MGL_117,Disk diffusion,,562,22,mm,Escherichia coli
nalidixic acid,Resistant,Laboratory Method,562.135573,Escherichia coli MGL_117,Disk diffusion,,562,,,Escherichia coli
ciprofloxacin,Resistant,Laboratory Method,562.135573,Escherichia coli MGL_117,Disk diffusion,,562,,,Escherichia coli
trimethoprim/sulfamethoxazole,Resistant,Laboratory Method,562.135573,Escherichia coli MGL_117,Disk diffusion,,562,,,Escherichia coli
ampicillin,Resistant,Laboratory Method,562.135573,Escherichia coli MGL_117,Disk diffusion,,562,,,Escherichia coli
imipenem,Resistant,Laboratory Method,562.135573,Escherichia coli MGL_117,Disk diffusion,,562,12,mm,Escherichia coli
doxycycline,Resistant,Laboratory Method,562.135573,Escherichia coli MGL_117,Disk diffusion,,562,10,mm,Escherichia coli
erythromycin,Resistant,Laboratory Method,562.135573,Escherichia coli MGL_117,Disk diffusion,,562,,,Escherichia coli
rifampin,Resistant,Laboratory Method,562.135573,Escherichia coli MGL_117,Disk diffusion,,562,,,Escherichia coli
carbenicillin,Resistant,Laboratory Method,562.135573,Escherichia coli MGL_117,Disk diffusion,,562,,,Escherichia coli
kanamycin,Resistant,Laboratory Method,562.135573,Escherichia coli MGL_117,Disk diffusion,,562,,,Escherichia coli
trimethoprim/sulfamethoxazole,Resistant,Laboratory Method,562.135574,Escherichia coli MGL_116,Disk diffusion,,562,,,Escherichia coli
streptomycin,Resistant,Laboratory Method,562.135574,Escherichia coli MGL_116,Disk diffusion,,562,11,mm,Escherichia coli
kanamycin,Resistant,Laboratory Method,562.135574,Escherichia coli MGL_116,Disk diffusion,,562,,,Escherichia coli
carbenicillin,Resistant,Laboratory Method,562.135574,Escherichia coli MGL_116,Disk diffusion,,562,,,Escherichia coli
chloramphenicol,Resistant,Laboratory Method,562.135574,Escherichia coli MGL_116,Disk diffusion,,562,,,Escherichia coli
rifampin,Resistant,Laboratory Method,562.135574,Escherichia coli MGL_116,Disk diffusion,,562,,,Escherichia coli
nalidixic acid,Resistant,Laboratory Method,562.135574,Escherichia coli MGL_116,Disk diffusion,,562,,,Escherichia coli
penicillin,Resistant,Laboratory Method,562.135574,Escherichia coli MGL_116,Disk diffusion,,562,,,Escherichia coli
erythromycin,Resistant,Laboratory Method,562.135574,Escherichia coli MGL_116,Disk diffusion,,562,,,Escherichia coli
ampicillin,Resistant,Laboratory Method,562.135574,Escherichia coli MGL_116,Disk diffusion,,562,,,Escherichia coli
imipenem,Resistant,Laboratory Method,562.135574,Escherichia coli MGL_116,Disk diffusion,,562,11,mm,Escherichia coli
ciprofloxacin,Resistant,Laboratory Method,562.135574,Escherichia coli MGL_116,Disk diffusion,,562,,,Escherichia coli
doxycycline,Resistant,Laboratory Method,562.135574,Escherichia coli MGL_116,Disk diffusion,,562,,,Escherichia coli
tetracycline,Resistant,Laboratory Method,562.135574,Escherichia coli MGL_116,Disk diffusion,,562,,,Escherichia coli
ampicillin,Resistant,Laboratory Method,562.135575,Escherichia coli MGL_118,Disk diffusion,,562,,,Escherichia coli
doxycycline,Resistant,Laboratory Method,562.135575,Escherichia coli MGL_118,Disk diffusion,,562,,,Escherichia coli
carbenicillin,Resistant,Laboratory Method,562.135575,Escherichia coli MGL_118,Disk diffusion,,562,,,Escherichia coli
rifampin,Resistant,Laboratory Method,562.135575,Escherichia coli MGL_118,Disk diffusion,,562,,,Escherichia coli
ciprofloxacin,Resistant,Laboratory Method,562.135575,Escherichia coli MGL_118,Disk diffusion,,562,,,Escherichia coli
chloramphenicol,Susceptible,Laboratory Method,562.135575,Escherichia coli MGL_118,Disk diffusion,,562,22,mm,Escherichia coli
erythromycin,Resistant,Laboratory Method,562.135575,Escherichia coli MGL_118,Disk diffusion,,562,,,Escherichia coli
trimethoprim/sulfamethoxazole,Resistant,Laboratory Method,562.135575,Escherichia coli MGL_118,Disk diffusion,,562,,,Escherichia coli
imipenem,Resistant,Laboratory Method,562.135575,Escherichia coli MGL_118,Disk diffusion,,562,14,mm,Escherichia coli
kanamycin,Resistant,Laboratory Method,562.135575,Escherichia coli MGL_118,Disk diffusion,,562,,,Escherichia coli
tetracycline,Resistant,Laboratory Method,562.135575,Escherichia coli MGL_118,Disk diffusion,,562,,,Escherichia coli
penicillin,Resistant,Laboratory Method,562.135575,Escherichia coli MGL_118,Disk diffusion,,562,,,Escherichia coli
nalidixic acid,Resistant,Laboratory Method,562.135575,Escherichia coli MGL_118,Disk diffusion,,562,,,Escherichia coli
imipenem,Resistant,Laboratory Method,562.135576,Escherichia coli 20200203_MGL_04,Disk diffusion,,562,9,mm,Escherichia coli
ampicillin,Resistant,Laboratory Method,562.135576,Escherichia coli 20200203_MGL_04,Disk diffusion,,562,,,Escherichia coli
tetracycline,Resistant,Laboratory Method,562.135576,Escherichia coli 20200203_MGL_04,Disk diffusion,,562,,,Escherichia coli
kanamycin,Resistant,Laboratory Method,562.135576,Escherichia coli 20200203_MGL_04,Disk diffusion,,562,,,Escherichia coli
streptomycin,Resistant,Laboratory Method,562.135576,Escherichia coli 20200203_MGL_04,Disk diffusion,,562,,,Escherichia coli
penicillin,Resistant,Laboratory Method,562.135576,Escherichia coli 20200203_MGL_04,Disk diffusion,,562,,,Escherichia coli
carbenicillin,Resistant,Laboratory Method,562.135576,Escherichia coli 20200203_MGL_04,Disk diffusion,,562,,,Escherichia coli
doxycycline,Resistant,Laboratory Method,562.135576,Escherichia coli 20200203_MGL_04,Disk diffusion,,562,,,Escherichia coli
nalidixic acid,Resistant,Laboratory Method,562.135576,Escherichia coli 20200203_MGL_04,Disk diffusion,,562,,,Escherichia coli
trimethoprim/sulfamethoxazole,Resistant,Laboratory Method,562.135576,Escherichia coli 20200203_MGL_04,Disk diffusion,,562,,,Escherichia coli
erythromycin,Resistant,Laboratory Method,562.135576,Escherichia coli 20200203_MGL_04,Disk diffusion,,562,,,Escherichia coli
ciprofloxacin,Resistant,Laboratory Method,562.135576,Escherichia coli 20200203_MGL_04,Disk diffusion,,562,,,Escherichia coli
rifampin,Resistant,Laboratory Method,562.135576,Escherichia coli 20200203_MGL_04,Disk diffusion,,562,,,Escherichia coli
penicillin,Resistant,Laboratory Method,562.135577,Escherichia coli 20200203_MGL_11,Disk diffusion,,562,,,Escherichia coli
erythromycin,Resistant,Laboratory Method,562.135577,Escherichia coli 20200203_MGL_11,Disk diffusion,,562,,,Escherichia coli
ampicillin,Resistant,Laboratory Method,562.135577,Escherichia coli 20200203_MGL_11,Disk diffusion,,562,,,Escherichia coli
doxycycline,Resistant,Laboratory Method,562.135577,Escherichia coli 20200203_MGL_11,Disk diffusion,,562,,,Escherichia coli
tetracycline,Resistant,Laboratory Method,562.135577,Escherichia coli 20200203_MGL_11,Disk diffusion,,562,,,Escherichia coli
imipenem,Resistant,Laboratory Method,562.135577,Escherichia coli 20200203_MGL_11,Disk diffusion,,562,17,mm,Escherichia coli
carbenicillin,Resistant,Laboratory Method,562.135577,Escherichia coli 20200203_MGL_11,Disk diffusion,,562,,,Escherichia coli
trimethoprim/sulfamethoxazole,Resistant,Laboratory Method,562.135577,Escherichia coli 20200203_MGL_11,Disk diffusion,,562,,,Escherichia coli
nalidixic acid,Resistant,Laboratory Method,562.135577,Escherichia coli 20200203_MGL_11,Disk diffusion,,562,,,Escherichia coli
rifampin,Resistant,Laboratory Method,562.135577,Escherichia coli 20200203_MGL_11,Disk diffusion,,562,,,Escherichia coli
ciprofloxacin,Resistant,Laboratory Method,562.135577,Escherichia coli 20200203_MGL_11,Disk diffusion,,562,,,Escherichia coli
kanamycin,Resistant,Laboratory Method,562.135577,Escherichia coli 20200203_MGL_11,Disk diffusion,,562,,,Escherichia coli
imipenem,Resistant,Laboratory Method,562.135578,Escherichia coli 20200203_MGL_16,Disk diffusion,,562,,,Escherichia coli
erythromycin,Resistant,Laboratory Method,562.135578,Escherichia coli 20200203_MGL_16,Disk diffusion,,562,,,Escherichia coli
trimethoprim/sulfamethoxazole,Resistant,Laboratory Method,562.135578,Escherichia coli 20200203_MGL_16,Disk diffusion,,562,,,Escherichia coli
chloramphenicol,Resistant,Laboratory Method,562.135578,Escherichia coli 20200203_MGL_16,Disk diffusion,,562,,,Escherichia coli
kanamycin,Resistant,Laboratory Method,562.135578,Escherichia coli 20200203_MGL_16,Disk diffusion,,562,,,Escherichia coli
streptomycin,Resistant,Laboratory Method,562.135578,Escherichia coli 20200203_MGL_16,Disk diffusion,,562,11,mm,Escherichia coli
ampicillin,Resistant,Laboratory Method,562.135578,Escherichia coli 20200203_MGL_16,Disk diffusion,,562,,,Escherichia coli
penicillin,Resistant,Laboratory Method,562.135578,Escherichia coli 20200203_MGL_16,Disk diffusion,,562,,,Escherichia coli
ciprofloxacin,Resistant,Laboratory Method,562.135578,Escherichia coli 20200203_MGL_16,Disk diffusion,,562,,,Escherichia coli
carbenicillin,Resistant,Laboratory Method,562.135578,Escherichia coli 20200203_MGL_16,Disk diffusion,,562,,,Escherichia coli
nalidixic acid,Resistant,Laboratory Method,562.135578,Escherichia coli 20200203_MGL_16,Disk diffusion,,562,,,Escherichia coli
rifampin,Resistant,Laboratory Method,562.135578,Escherichia coli 20200203_MGL_16,Disk diffusion,,562,,,Escherichia coli
trimethoprim/sulfamethoxazole,Susceptible,Laboratory Method,562.135579,Escherichia coli MGL_1560,Disk diffusion,,562,22,mm,Escherichia coli
rifampin,Resistant,Laboratory Method,562.135579,Escherichia coli MGL_1560,Disk diffusion,,562,,,Escherichia coli
ampicillin,Resistant,Laboratory Method,562.135579,Escherichia coli MGL_1560,Disk diffusion,,562,,,Escherichia coli
ciprofloxacin,Resistant,Laboratory Method,562.135579,Escherichia coli MGL_1560,Disk diffusion,,562,,,Escherichia coli
kanamycin,Resistant,Laboratory Method,562.135579,Escherichia coli MGL_1560,Disk diffusion,,562,,,Escherichia coli
nalidixic acid,Resistant,Laboratory Method,562.135579,Escherichia coli MGL_1560,Disk diffusion,,562,,,Escherichia coli
chloramphenicol,Resistant,Laboratory Method,562.135579,Escherichia coli MGL_1560,Disk diffusion,,562,,,Escherichia coli
tetracycline,Resistant,Laboratory Method,562.135579,Escherichia coli MGL_1560,Disk diffusion,,562,,,Escherichia coli
erythromycin,Resistant,Laboratory Method,562.135579,Escherichia coli MGL_1560,Disk diffusion,,562,,,Escherichia coli
doxycycline,Resistant,Laboratory Method,562.135579,Escherichia coli MGL_1560,Disk diffusion,,562,,,Escherichia coli
imipenem,Resistant,Laboratory Method,562.135579,Escherichia coli MGL_1560,Disk diffusion,,562,12,mm,Escherichia coli
carbenicillin,Resistant,Laboratory Method,562.135579,Escherichia coli MGL_1560,Disk diffusion,,562,,,Escherichia coli
penicillin,Resistant,Laboratory Method,562.135579,Escherichia coli MGL_1560,Disk diffusion,,562,,,Escherichia coli
ciprofloxacin,Resistant,Laboratory Method,562.135581,Escherichia coli 20200203_MGL_06,Disk diffusion,,562,,,Escherichia coli
nalidixic acid,Resistant,Laboratory Method,562.135581,Escherichia coli 20200203_MGL_06,Disk diffusion,,562,,,Escherichia coli
chloramphenicol,Resistant,Laboratory Method,562.135581,Escherichia coli 20200203_MGL_06,Disk diffusion,,562,11,mm,Escherichia coli
imipenem,Resistant,Laboratory Method,562.135581,Escherichia coli 20200203_MGL_06,Disk diffusion,,562,11,mm,Escherichia coli
ampicillin,Resistant,Laboratory Method,562.135581,Escherichia coli 20200203_MGL_06,Disk diffusion,,562,,,Escherichia coli
erythromycin,Resistant,Laboratory Method,562.135581,Escherichia coli 20200203_MGL_06,Disk diffusion,,562,,,Escherichia coli
rifampin,Resistant,Laboratory Method,562.135581,Escherichia coli 20200203_MGL_06,Disk diffusion,,562,,,Escherichia coli
doxycycline,Resistant,Laboratory Method,562.135581,Escherichia coli 20200203_MGL_06,Disk diffusion,,562,,,Escherichia coli
kanamycin,Resistant,Laboratory Method,562.135581,Escherichia coli 20200203_MGL_06,Disk diffusion,,562,,,Escherichia coli
trimethoprim/sulfamethoxazole,Resistant,Laboratory Method,562.135581,Escherichia coli 20200203_MGL_06,Disk diffusion,,562,,,Escherichia coli
carbenicillin,Resistant,Laboratory Method,562.135581,Escherichia coli 20200203_MGL_06,Disk diffusion,,562,,,Escherichia coli
tetracycline,Resistant,Laboratory Method,562.135581,Escherichia coli 20200203_MGL_06,Disk diffusion,,562,,,Escherichia coli
penicillin,Resistant,Laboratory Method,562.135581,Escherichia coli 20200203_MGL_06,Disk diffusion,,562,,,Escherichia coli
chloramphenicol,Resistant,Laboratory Method,562.135582,Escherichia coli 20200203_MGL_05,Disk diffusion,,562,11,mm,Escherichia coli
penicillin,Resistant,Laboratory Method,562.135582,Escherichia coli 20200203_MGL_05,Disk diffusion,,562,,,Escherichia coli
carbenicillin,Resistant,Laboratory Method,562.135582,Escherichia coli 20200203_MGL_05,Disk diffusion,,562,,,Escherichia coli
rifampin,Resistant,Laboratory Method,562.135582,Escherichia coli 20200203_MGL_05,Disk diffusion,,562,,,Escherichia coli
imipenem,Resistant,Laboratory Method,562.135582,Escherichia coli 20200203_MGL_05,Disk diffusion,,562,7,mm,Escherichia coli
erythromycin,Resistant,Laboratory Method,562.135582,Escherichia coli 20200203_MGL_05,Disk diffusion,,562,,,Escherichia coli
tetracycline,Resistant,Laboratory Method,562.135582,Escherichia coli 20200203_MGL_05,Disk diffusion,,562,,,Escherichia coli
nalidixic acid,Resistant,Laboratory Method,562.135582,Escherichia coli 20200203_MGL_05,Disk diffusion,,562,,,Escherichia coli
doxycycline,Resistant,Laboratory Method,562.135582,Escherichia coli 20200203_MGL_05,Disk diffusion,,562,,,Escherichia coli
trimethoprim/sulfamethoxazole,Resistant,Laboratory Method,562.135582,Escherichia coli 20200203_MGL_05,Disk diffusion,,562,,,Escherichia coli
ciprofloxacin,Resistant,Laboratory Method,562.135582,Escherichia coli 20200203_MGL_05,Disk diffusion,,562,,,Escherichia coli
ampicillin,Resistant,Laboratory Method,562.135582,Escherichia coli 20200203_MGL_05,Disk diffusion,,562,,,Escherichia coli
kanamycin,Resistant,Laboratory Method,562.135582,Escherichia coli 20200203_MGL_05,Disk diffusion,,562,,,Escherichia coli
erythromycin,Resistant,Laboratory Method,562.135583,Escherichia coli 20200317_MGL_35,Disk diffusion,,562,,,Escherichia coli
rifampin,Resistant,Laboratory Method,562.135583,Escherichia coli 20200317_MGL_35,Disk diffusion,,562,,,Escherichia coli
trimethoprim/sulfamethoxazole,Resistant,Laboratory Method,562.135583,Escherichia coli 20200317_MGL_35,Disk diffusion,,562,,,Escherichia coli
ciprofloxacin,Resistant,Laboratory Method,562.135583,Escherichia coli 20200317_MGL_35,Disk diffusion,,562,,,Escherichia coli
imipenem,Resistant,Laboratory Method,562.135583,Escherichia coli 20200317_MGL_35,Disk diffusion,,562,,,Escherichia coli
penicillin,Resistant,Laboratory Method,562.135583,Escherichia coli 20200317_MGL_35,Disk diffusion,,562,,,Escherichia coli
kanamycin,Resistant,Laboratory Method,562.135583,Escherichia coli 20200317_MGL_35,Disk diffusion,,562,10,mm,Escherichia coli
streptomycin,Resistant,Laboratory Method,562.135583,Escherichia coli 20200317_MGL_35,Disk diffusion,,562,11,mm,Escherichia coli
carbenicillin,Resistant,Laboratory Method,562.135583,Escherichia coli 20200317_MGL_35,Disk diffusion,,562,,,Escherichia coli
ampicillin,Resistant,Laboratory Method,562.135583,Escherichia coli 20200317_MGL_35,Disk diffusion,,562,,,Escherichia coli
doxycycline,Resistant,Laboratory Method,562.135583,Escherichia coli 20200317_MGL_35,Disk diffusion,,562,,,Escherichia coli
tetracycline,Resistant,Laboratory Method,562.135583,Escherichia coli 20200317_MGL_35,Disk diffusion,,562,,,Escherichia coli
nalidixic acid,Resistant,Laboratory Method,562.135583,Escherichia coli 20200317_MGL_35,Disk diffusion,,562,,,Escherichia coli
kanamycin,Resistant,Laboratory Method,562.135584,Escherichia coli 20200203_MGL_20,Disk diffusion,,562,13,mm,Escherichia coli
rifampin,Resistant,Laboratory Method,562.135584,Escherichia coli 20200203_MGL_20,Disk diffusion,,562,12,mm,Escherichia coli
ampicillin,Resistant,Laboratory Method,562.135584,Escherichia coli 20200203_MGL_20,Disk diffusion,,562,12,mm,Escherichia coli
doxycycline,Resistant,Laboratory Method,562.135584,Escherichia coli 20200203_MGL_20,Disk diffusion,,562,10,mm,Escherichia coli
trimethoprim/sulfamethoxazole,Susceptible,Laboratory Method,562.135584,Escherichia coli 20200203_MGL_20,Disk diffusion,,562,18,mm,Escherichia coli
carbenicillin,Resistant,Laboratory Method,562.135584,Escherichia coli 20200203_MGL_20,Disk diffusion,,562,18,mm,Escherichia coli
penicillin,Resistant,Laboratory Method,562.135584,Escherichia coli 20200203_MGL_20,Disk diffusion,,562,10,mm,Escherichia coli
nalidixic acid,Resistant,Laboratory Method,562.135584,Escherichia coli 20200203_MGL_20,Disk diffusion,,562,7,mm,Escherichia coli
ciprofloxacin,Resistant,Laboratory Method,562.135584,Escherichia coli 20200203_MGL_20,Disk diffusion,,562,13,mm,Escherichia coli
streptomycin,Resistant,Laboratory Method,562.135584,Escherichia coli 20200203_MGL_20,Disk diffusion,,562,8,mm,Escherichia coli
imipenem,Resistant,Laboratory Method,562.135584,Escherichia coli 20200203_MGL_20,Disk diffusion,,562,,,Escherichia coli
chloramphenicol,Resistant,Laboratory Method,562.135584,Escherichia coli 20200203_MGL_20,Disk diffusion,,562,10,mm,Escherichia coli
erythromycin,Resistant,Laboratory Method,562.135584,Escherichia coli 20200203_MGL_20,Disk diffusion,,562,16,mm,Escherichia coli
streptomycin,Resistant,Laboratory Method,562.135585,Escherichia coli 20200203_MGL_19,Disk diffusion,,562,10,mm,Escherichia coli
nalidixic acid,Resistant,Laboratory Method,562.135585,Escherichia coli 20200203_MGL_19,Disk diffusion,,562,,,Escherichia coli
rifampin,Resistant,Laboratory Method,562.135585,Escherichia coli 20200203_MGL_19,Disk diffusion,,562,10,mm,Escherichia coli
penicillin,Resistant,Laboratory Method,562.135585,Escherichia coli 20200203_MGL_19,Disk diffusion,,562,,,Escherichia coli
imipenem,Resistant,Laboratory Method,562.135585,Escherichia coli 20200203_MGL_19,Disk diffusion,,562,,,Escherichia coli
kanamycin,Resistant,Laboratory Method,562.135585,Escherichia coli 20200203_MGL_19,Disk diffusion,,562,,,Escherichia coli
tetracycline,Resistant,Laboratory Method,562.135585,Escherichia coli 20200203_MGL_19,Disk diffusion,,562,,,Escherichia coli
trimethoprim/sulfamethoxazole,Resistant,Laboratory Method,562.135585,Escherichia coli 20200203_MGL_19,Disk diffusion,,562,,,Escherichia coli
ciprofloxacin,Resistant,Laboratory Method,562.135585,Escherichia coli 20200203_MGL_19,Disk diffusion,,562,,,Escherichia coli
erythromycin,Resistant,Laboratory Method,562.135585,Escherichia coli 20200203_MGL_19,Disk diffusion,,562,,,Escherichia coli
carbenicillin,Resistant,Laboratory Method,562.135585,Escherichia coli 20200203_MGL_19,Disk diffusion,,562,,,Escherichia coli
ampicillin,Resistant,Laboratory Method,562.135585,Escherichia coli 20200203_MGL_19,Disk diffusion,,562,,,Escherichia coli
carbenicillin,Resistant,Laboratory Method,562.135586,Escherichia coli MGL_150,Disk diffusion,,562,,,Escherichia coli
erythromycin,Resistant,Laboratory Method,562.135586,Escherichia coli MGL_150,Disk diffusion,,562,,,Escherichia coli
penicillin,Resistant,Laboratory Method,562.135586,Escherichia coli MGL_150,Disk diffusion,,562,,,Escherichia coli
rifampin,Resistant,Laboratory Method,562.135586,Escherichia coli MGL_150,Disk diffusion,,562,8,mm,Escherichia coli
trimethoprim/sulfamethoxazole,Resistant,Laboratory Method,562.135586,Escherichia coli MGL_150,Disk diffusion,,562,,,Escherichia coli
chloramphenicol,Susceptible,Laboratory Method,562.135586,Escherichia coli MGL_150,Disk diffusion,,562,18,mm,Escherichia coli
ampicillin,Resistant,Laboratory Method,562.135586,Escherichia coli MGL_150,Disk diffusion,,562,,,Escherichia coli
kanamycin,Resistant,Laboratory Method,562.135586,Escherichia coli MGL_150,Disk diffusion,,562,,,Escherichia coli
imipenem,Resistant,Laboratory Method,562.135586,Escherichia coli MGL_150,Disk diffusion,,562,13,mm,Escherichia coli
nalidixic acid,Resistant,Laboratory Method,562.135586,Escherichia coli MGL_150,Disk diffusion,,562,,,Escherichia coli
doxycycline,Susceptible,Laboratory Method,562.135586,Escherichia coli MGL_150,Disk diffusion,,562,20,mm,Escherichia coli
ciprofloxacin,Resistant,Laboratory Method,562.135586,Escherichia coli MGL_150,Disk diffusion,,562,,,Escherichia coli
chloramphenicol,Susceptible,Laboratory Method,562.135590,Escherichia coli 20200203_MGL_01,Disk diffusion,,562,20,mm,Escherichia coli
erythromycin,Resistant,Laboratory Method,562.135590,Escherichia coli 20200203_MGL_01,Disk diffusion,,562,,,Escherichia coli
carbenicillin,Resistant,Laboratory Method,562.135590,Escherichia coli 20200203_MGL_01,Disk diffusion,,562,,,Escherichia coli
ciprofloxacin,Resistant,Laboratory Method,562.135590,Escherichia coli 20200203_MGL_01,Disk diffusion,,562,,,Escherichia coli
kanamycin,Resistant,Laboratory Method,562.135590,Escherichia coli 20200203_MGL_01,Disk diffusion,,562,,,Escherichia coli
nalidixic acid,Resistant,Laboratory Method,562.135590,Escherichia coli 20200203_MGL_01,Disk diffusion,,562,,,Escherichia coli
penicillin,Resistant,Laboratory Method,562.135590,Escherichia coli 20200203_MGL_01,Disk diffusion,,562,,,Escherichia coli
rifampin,Resistant,Laboratory Method,562.135590,Escherichia coli 20200203_MGL_01,Disk diffusion,,562,11,mm,Escherichia coli
trimethoprim/sulfamethoxazole,Resistant,Laboratory Method,562.135590,Escherichia coli 20200203_MGL_01,Disk diffusion,,562,,,Escherichia coli
imipenem,Resistant,Laboratory Method,562.135590,Escherichia coli 20200203_MGL_01,Disk diffusion,,562,9,mm,Escherichia coli
doxycycline,Resistant,Laboratory Method,562.135590,Escherichia coli 20200203_MGL_01,Disk diffusion,,562,,,Escherichia coli
ampicillin,Resistant,Laboratory Method,562.135590,Escherichia coli 20200203_MGL_01,Disk diffusion,,562,,,Escherichia coli
tetracycline,Resistant,Laboratory Method,562.135590,Escherichia coli 20200203_MGL_01,Disk diffusion,,562,,,Escherichia coli
streptomycin,Resistant,Laboratory Method,562.135590,Escherichia coli 20200203_MGL_01,Disk diffusion,,562,11,mm,Escherichia coli
kanamycin,Resistant,Laboratory Method,562.135591,Escherichia coli 20200203_MGL_12,Disk diffusion,,562,,,Escherichia coli
erythromycin,Resistant,Laboratory Method,562.135591,Escherichia coli 20200203_MGL_12,Disk diffusion,,562,,,Escherichia coli
carbenicillin,Resistant,Laboratory Method,562.135591,Escherichia coli 20200203_MGL_12,Disk diffusion,,562,,,Escherichia coli
chloramphenicol,Resistant,Laboratory Method,562.135591,Escherichia coli 20200203_MGL_12,Disk diffusion,,562,11,mm,Escherichia coli
streptomycin,Resistant,Laboratory Method,562.135591,Escherichia coli 20200203_MGL_12,Disk diffusion,,562,,,Escherichia coli
tetracycline,Resistant,Laboratory Method,562.135591,Escherichia coli 20200203_MGL_12,Disk diffusion,,562,,,Escherichia coli
ampicillin,Resistant,Laboratory Method,562.135591,Escherichia coli 20200203_MGL_12,Disk diffusion,,562,,,Escherichia coli
trimethoprim/sulfamethoxazole,Resistant,Laboratory Method,562.135591,Escherichia coli 20200203_MGL_12,Disk diffusion,,562,,,Escherichia coli
doxycycline,Resistant,Laboratory Method,562.135591,Escherichia coli 20200203_MGL_12,Disk diffusion,,562,9,mm,Escherichia coli
rifampin,Resistant,Laboratory Method,562.135591,Escherichia coli 20200203_MGL_12,Disk diffusion,,562,,,Escherichia coli
imipenem,Resistant,Laboratory Method,562.135591,Escherichia coli 20200203_MGL_12,Disk diffusion,,562,11,mm,Escherichia coli
ciprofloxacin,Resistant,Laboratory Method,562.135591,Escherichia coli 20200203_MGL_12,Disk diffusion,,562,,,Escherichia coli
penicillin,Resistant,Laboratory Method,562.135591,Escherichia coli 20200203_MGL_12,Disk diffusion,,562,,,Escherichia coli
nalidixic acid,Resistant,Laboratory Method,562.135591,Escherichia coli 20200203_MGL_12,Disk diffusion,,562,,,Escherichia coli
chloramphenicol,Resistant,Laboratory Method,562.135592,Escherichia coli MGL_131,Disk diffusion,,562,10,mm,Escherichia coli
carbenicillin,Resistant,Laboratory Method,562.135592,Escherichia coli MGL_131,Disk diffusion,,562,,,Escherichia coli
tetracycline,Resistant,Laboratory Method,562.135592,Escherichia coli MGL_131,Disk diffusion,,562,,,Escherichia coli
ampicillin,Resistant,Laboratory Method,562.135592,Escherichia coli MGL_131,Disk diffusion,,562,,,Escherichia coli
ciprofloxacin,Resistant,Laboratory Method,562.135592,Escherichia coli MGL_131,Disk diffusion,,562,,,Escherichia coli
doxycycline,Resistant,Laboratory Method,562.135592,Escherichia coli MGL_131,Disk diffusion,,562,,,Escherichia coli
trimethoprim/sulfamethoxazole,Resistant,Laboratory Method,562.135592,Escherichia coli MGL_131,Disk diffusion,,562,,,Escherichia coli
imipenem,Resistant,Laboratory Method,562.135592,Escherichia coli MGL_131,Disk diffusion,,562,13,mm,Escherichia coli
penicillin,Resistant,Laboratory Method,562.135592,Escherichia coli MGL_131,Disk diffusion,,562,,,Escherichia coli
erythromycin,Resistant,Laboratory Method,562.135592,Escherichia coli MGL_131,Disk diffusion,,562,,,Escherichia coli
rifampin,Resistant,Laboratory Method,562.135592,Escherichia coli MGL_131,Disk diffusion,,562,,,Escherichia coli
nalidixic acid,Resistant,Laboratory Method,562.135592,Escherichia coli MGL_131,Disk diffusion,,562,,,Escherichia coli
streptomycin,Resistant,Laboratory Method,562.135592,Escherichia coli MGL_131,Disk diffusion,,562,10,mm,Escherichia coli
kanamycin,Resistant,Laboratory Method,562.135592,Escherichia coli MGL_131,Disk diffusion,,562,,,Escherichia coli
erythromycin,Resistant,Laboratory Method,562.135593,Escherichia coli MGL_126,Disk diffusion,,562,,,Escherichia coli
nalidixic acid,Resistant,Laboratory Method,562.135593,Escherichia coli MGL_126,Disk diffusion,,562,,,Escherichia coli
chloramphenicol,Resistant,Laboratory Method,562.135593,Escherichia coli MGL_126,Disk diffusion,,562,,,Escherichia coli
ampicillin,Resistant,Laboratory Method,562.135593,Escherichia coli MGL_126,Disk diffusion,,562,,,Escherichia coli
rifampin,Resistant,Laboratory Method,562.135593,Escherichia coli MGL_126,Disk diffusion,,562,,,Escherichia coli
kanamycin,Resistant,Laboratory Method,562.135593,Escherichia coli MGL_126,Disk diffusion,,562,,,Escherichia coli
carbenicillin,Resistant,Laboratory Method,562.135593,Escherichia coli MGL_126,Disk diffusion,,562,,,Escherichia coli
trimethoprim/sulfamethoxazole,Susceptible,Laboratory Method,562.135593,Escherichia coli MGL_126,Disk diffusion,,562,18,mm,Escherichia coli
doxycycline,Resistant,Laboratory Method,562.135593,Escherichia coli MGL_126,Disk diffusion,,562,,,Escherichia coli
imipenem,Resistant,Laboratory Method,562.135593,Escherichia coli MGL_126,Disk diffusion,,562,14,mm,Escherichia coli
penicillin,Resistant,Laboratory Method,562.135593,Escherichia coli MGL_126,Disk diffusion,,562,,,Escherichia coli
tetracycline,Resistant,Laboratory Method,562.135593,Escherichia coli MGL_126,Disk diffusion,,562,,,Escherichia coli
streptomycin,Resistant,Laboratory Method,562.135593,Escherichia coli MGL_126,Disk diffusion,,562,11,mm,Escherichia coli
ciprofloxacin,Resistant,Laboratory Method,562.135593,Escherichia coli MGL_126,Disk diffusion,,562,,,Escherichia coli
ciprofloxacin,Resistant,Laboratory Method,562.135594,Escherichia coli 20200203_MGL_03,Disk diffusion,,562,,,Escherichia coli
imipenem,Resistant,Laboratory Method,562.135594,Escherichia coli 20200203_MGL_03,Disk diffusion,,562,8,mm,Escherichia coli
ampicillin,Resistant,Laboratory Method,562.135594,Escherichia coli 20200203_MGL_03,Disk diffusion,,562,,,Escherichia coli
trimethoprim/sulfamethoxazole,Resistant,Laboratory Method,562.135594,Escherichia coli 20200203_MGL_03,Disk diffusion,,562,,,Escherichia coli
streptomycin,Resistant,Laboratory Method,562.135594,Escherichia coli 20200203_MGL_03,Disk diffusion,,562,10,mm,Escherichia coli
erythromycin,Resistant,Laboratory Method,562.135594,Escherichia coli 20200203_MGL_03,Disk diffusion,,562,,,Escherichia coli
doxycycline,Susceptible,Laboratory Method,562.135594,Escherichia coli 20200203_MGL_03,Disk diffusion,,562,18,mm,Escherichia coli
penicillin,Resistant,Laboratory Method,562.135594,Escherichia coli 20200203_MGL_03,Disk diffusion,,562,,,Escherichia coli
kanamycin,Resistant,Laboratory Method,562.135594,Escherichia coli 20200203_MGL_03,Disk diffusion,,562,,,Escherichia coli
rifampin,Resistant,Laboratory Method,562.135594,Escherichia coli 20200203_MGL_03,Disk diffusion,,562,11,mm,Escherichia coli
chloramphenicol,Susceptible,Laboratory Method,562.135594,Escherichia coli 20200203_MGL_03,Disk diffusion,,562,19,mm,Escherichia coli
nalidixic acid,Resistant,Laboratory Method,562.135594,Escherichia coli 20200203_MGL_03,Disk diffusion,,562,,,Escherichia coli
carbenicillin,Resistant,Laboratory Method,562.135594,Escherichia coli 20200203_MGL_03,Disk diffusion,,562,,,Escherichia coli
levofloxacin,Susceptible,Laboratory Method,573.12771,Klebsiella pneumoniae strain AR_0126,Broth dilution,CLSI,573,<=0.25,mg/L,Klebsiella pneumoniae
imipenem,Resistant,Laboratory Method,573.12771,Klebsiella pneumoniae strain AR_0126,Broth dilution,CLSI,573,==8,mg/L,Klebsiella pneumoniae
cefazolin,Resistant,Laboratory Method,573.12771,Klebsiella pneumoniae strain AR_0126,Broth dilution,CLSI,573,>32,mg/L,Klebsiella pneumoniae
amoxicillin/clavulanic acid,Resistant,Laboratory Method,573.12771,Klebsiella pneumoniae strain AR_0126,Broth dilution,CLSI,573,>32/16,mg/L,Klebsiella pneumoniae
gentamicin,Susceptible,Laboratory Method,573.12771,Klebsiella pneumoniae strain AR_0126,Broth dilution,CLSI,573,<=0.25,mg/L,Klebsiella pneumoniae
ampicillin,Resistant,Laboratory Method,573.12771,Klebsiella pneumoniae strain AR_0126,Broth dilution,CLSI,573,>32,mg/L,Klebsiella pneumoniae
amikacin,Susceptible,Laboratory Method,573.12771,Klebsiella pneumoniae strain AR_0126,Broth dilution,CLSI,573,==4,mg/L,Klebsiella pneumoniae
ertapenem,Resistant,Laboratory Method,573.12771,Klebsiella pneumoniae strain AR_0126,Broth dilution,CLSI,573,==8,mg/L,Klebsiella pneumoniae
trimethoprim/sulfamethoxazole,Resistant,Laboratory Method,573.12771,Klebsiella pneumoniae strain AR_0126,Broth dilution,CLSI,573,>8/152,mg/L,Klebsiella pneumoniae
ciprofloxacin,Susceptible,Laboratory Method,573.12771,Klebsiella pneumoniae strain AR_0126,Broth dilution,CLSI,573,==0.25,mg/L,Klebsiella pneumoniae
ceftriaxone,Resistant,Laboratory Method,573.12771,Klebsiella pneumoniae strain AR_0126,Broth dilution,CLSI,573,==64,mg/L,Klebsiella pneumoniae
aztreonam,Resistant,Laboratory Method,573.12771,Klebsiella pneumoniae strain AR_0126,Broth dilution,CLSI,573,==32,mg/L,Klebsiella pneumoniae
tetracycline,Susceptible,Laboratory Method,573.12771,Klebsiella pneumoniae strain AR_0126,Broth dilution,CLSI,573,<=2,mg/L,Klebsiella pneumoniae
cefoxitin,Resistant,Laboratory Method,573.12771,Klebsiella pneumoniae strain AR_0126,Broth dilution,CLSI,573,>32,mg/L,Klebsiella pneumoniae
ceftazidime,Resistant,Laboratory Method,573.12771,Klebsiella pneumoniae strain AR_0126,Broth dilution,CLSI,573,==16,mg/L,Klebsiella pneumoniae
tigecycline,Susceptible,Laboratory Method,573.12771,Klebsiella pneumoniae strain AR_0126,Broth dilution,CLSI,573,==0.5,mg/L,Klebsiella pneumoniae
ampicillin/sulbactam,Resistant,Laboratory Method,573.12771,Klebsiella pneumoniae strain AR_0126,Broth dilution,CLSI,573,>32/16,mg/L,Klebsiella pneumoniae
cefepime,Resistant,Laboratory Method,573.12771,Klebsiella pneumoniae strain AR_0126,Broth dilution,CLSI,573,==32,mg/L,Klebsiella pneumoniae
cefotaxime,Resistant,Laboratory Method,573.12771,Klebsiella pneumoniae strain AR_0126,Broth dilution,CLSI,573,==128,mg/L,Klebsiella pneumoniae
meropenem,Resistant,Laboratory Method,573.12771,Klebsiella pneumoniae strain AR_0126,Broth dilution,CLSI,573,==16,mg/L,Klebsiella pneumoniae
ciprofloxacin,Resistant,Laboratory Method,573.12772,Klebsiella pneumoniae strain AR_0113,Broth dilution,CLSI,573,>8,mg/L,Klebsiella pneumoniae
amoxicillin/clavulanic acid,Resistant,Laboratory Method,573.12772,Klebsiella pneumoniae strain AR_0113,Broth dilution,CLSI,573,>32/16,mg/L,Klebsiella pneumoniae
gentamicin,Resistant,Laboratory Method,573.12772,Klebsiella pneumoniae strain AR_0113,Broth dilution,CLSI,573,>16,mg/L,Klebsiella pneumoniae
ceftriaxone,Resistant,Laboratory Method,573.12772,Klebsiella pneumoniae strain AR_0113,Broth dilution,CLSI,573,>64,mg/L,Klebsiella pneumoniae
imipenem,Resistant,Laboratory Method,573.12772,Klebsiella pneumoniae strain AR_0113,Broth dilution,CLSI,573,>64,mg/L,Klebsiella pneumoniae
cefotaxime,Resistant,Laboratory Method,573.12772,Klebsiella pneumoniae strain AR_0113,Broth dilution,CLSI,573,>64,mg/L,Klebsiella pneumoniae
cefoxitin,Resistant,Laboratory Method,573.12772,Klebsiella pneumoniae strain AR_0113,Broth dilution,CLSI,573,>32,mg/L,Klebsiella pneumoniae
ceftazidime,Resistant,Laboratory Method,573.12772,Klebsiella pneumoniae strain AR_0113,Broth dilution,CLSI,573,>128,mg/L,Klebsiella pneumoniae
aztreonam,Resistant,Laboratory Method,573.12772,Klebsiella pneumoniae strain AR_0113,Broth dilution,CLSI,573,>64,mg/L,Klebsiella pneumoniae
piperacillin/tazobactam,Resistant,Laboratory Method,573.12772,Klebsiella pneumoniae strain AR_0113,Broth dilution,CLSI,573,>128/4,mg/L,Klebsiella pneumoniae
doripenem,Resistant,Laboratory Method,573.12772,Klebsiella pneumoniae strain AR_0113,Broth dilution,CLSI,573,>8,mg/L,Klebsiella pneumoniae
ampicillin,Resistant,Laboratory Method,573.12772,Klebsiella pneumoniae strain AR_0113,Broth dilution,CLSI,573,>64,mg/L,Klebsiella pneumoniae
cefepime,Resistant,Laboratory Method,573.12772,Klebsiella pneumoniae strain AR_0113,Broth dilution,CLSI,573,>32,mg/L,Klebsiella pneumoniae
ertapenem,Resistant,Laboratory Method,573.12772,Klebsiella pneumoniae strain AR_0113,Broth dilution,CLSI,573,>8,mg/L,Klebsiella pneumoniae
tobramycin,Resistant,Laboratory Method,573.12772,Klebsiella pneumoniae strain AR_0113,Broth dilution,CLSI,573,>16,mg/L,Klebsiella pneumoniae
levofloxacin,Resistant,Laboratory Method,573.12772,Klebsiella pneumoniae strain AR_0113,Broth dilution,CLSI,573,>8,mg/L,Klebsiella pneumoniae
meropenem,Resistant,Laboratory Method,573.12772,Klebsiella pneumoniae strain AR_0113,Broth dilution,CLSI,573,>8,mg/L,Klebsiella pneumoniae
tetracycline,Susceptible,Laboratory Method,573.12772,Klebsiella pneumoniae strain AR_0113,Broth dilution,CLSI,573,==4,mg/L,Klebsiella pneumoniae
trimethoprim/sulfamethoxazole,Resistant,Laboratory Method,573.12772,Klebsiella pneumoniae strain AR_0113,Broth dilution,CLSI,573,>8/152,mg/L,Klebsiella pneumoniae
cefazolin,Resistant,Laboratory Method,573.12772,Klebsiella pneumoniae strain AR_0113,Broth dilution,CLSI,573,>32,mg/L,Klebsiella pneumoniae
ertapenem,Resistant,Laboratory Method,573.12773,Klebsiella pneumoniae strain AR_0138,Broth dilution,CLSI,573,>8,mg/L,Klebsiella pneumoniae
cefoxitin,Resistant,Laboratory Method,573.12773,Klebsiella pneumoniae strain AR_0138,Broth dilution,CLSI,573,>16,mg/L,Klebsiella pneumoniae
aztreonam,Resistant,Laboratory Method,573.12773,Klebsiella pneumoniae strain AR_0138,Broth dilution,CLSI,573,>64,mg/L,Klebsiella pneumoniae
doripenem,Resistant,Laboratory Method,573.12773,Klebsiella pneumoniae strain AR_0138,Broth dilution,CLSI,573,>8,mg/L,Klebsiella pneumoniae
cefotaxime,Resistant,Laboratory Method,573.12773,Klebsiella pneumoniae strain AR_0138,Broth dilution,CLSI,573,>64,mg/L,Klebsiella pneumoniae
ceftriaxone,Resistant,Laboratory Method,573.12773,Klebsiella pneumoniae strain AR_0138,Broth dilution,CLSI,573,>32,mg/L,Klebsiella pneumoniae
meropenem,Resistant,Laboratory Method,573.12773,Klebsiella pneumoniae strain AR_0138,Broth dilution,CLSI,573,>8,mg/L,Klebsiella pneumoniae
gentamicin,Resistant,Laboratory Method,573.12773,Klebsiella pneumoniae strain AR_0138,Broth dilution,CLSI,573,>16,mg/L,Klebsiella pneumoniae
ampicillin/sulbactam,Resistant,Laboratory Method,573.12773,Klebsiella pneumoniae strain AR_0138,Broth dilution,CLSI,573,>32/16,mg/L,Klebsiella pneumoniae
cefepime,Resistant,Laboratory Method,573.12773,Klebsiella pneumoniae strain AR_0138,Broth dilution,CLSI,573,>32,mg/L,Klebsiella pneumoniae
cefazolin,Resistant,Laboratory Method,573.12773,Klebsiella pneumoniae strain AR_0138,Broth dilution,CLSI,573,>8,mg/L,Klebsiella pneumoniae
ampicillin,Resistant,Laboratory Method,573.12773,Klebsiella pneumoniae strain AR_0138,Broth dilution,CLSI,573,>32,mg/L,Klebsiella pneumoniae
amoxicillin/clavulanic acid,Resistant,Laboratory Method,573.12773,Klebsiella pneumoniae strain AR_0138,Broth dilution,CLSI,573,>32/16,mg/L,Klebsiella pneumoniae
trimethoprim/sulfamethoxazole,Resistant,Laboratory Method,573.12773,Klebsiella pneumoniae strain AR_0138,Broth dilution,CLSI,573,>8/152,mg/L,Klebsiella pneumoniae
amikacin,Resistant,Laboratory Method,573.12773,Klebsiella pneumoniae strain AR_0138,Broth dilution,CLSI,573,>64,mg/L,Klebsiella pneumoniae
tetracycline,Resistant,Laboratory Method,573.12773,Klebsiella pneumoniae strain AR_0138,Broth dilution,CLSI,573,==16,mg/L,Klebsiella pneumoniae
tobramycin,Resistant,Laboratory Method,573.12773,Klebsiella pneumoniae strain AR_0138,Broth dilution,CLSI,573,>16,mg/L,Klebsiella pneumoniae
ciprofloxacin,Resistant,Laboratory Method,573.12773,Klebsiella pneumoniae strain AR_0138,Broth dilution,CLSI,573,>8,mg/L,Klebsiella pneumoniae
piperacillin/tazobactam,Resistant,Laboratory Method,573.12773,Klebsiella pneumoniae strain AR_0138,Broth dilution,CLSI,573,>128/4,mg/L,Klebsiella pneumoniae
imipenem,Resistant,Laboratory Method,573.12773,Klebsiella pneumoniae strain AR_0138,Broth dilution,CLSI,573,>64,mg/L,Klebsiella pneumoniae
ceftazidime,Resistant,Laboratory Method,573.12773,Klebsiella pneumoniae strain AR_0138,Broth dilution,CLSI,573,>128,mg/L,Klebsiella pneumoniae
levofloxacin,Resistant,Laboratory Method,573.12773,Klebsiella pneumoniae strain AR_0138,Broth dilution,CLSI,573,>8,mg/L,Klebsiella pneumoniae
aztreonam,Resistant,Laboratory Method,573.12777,Klebsiella pneumoniae strain AR_0120,Broth dilution,CLSI,573,>64,mg/L,Klebsiella pneumoniae
imipenem,Resistant,Laboratory Method,573.12777,Klebsiella pneumoniae strain AR_0120,Broth dilution,CLSI,573,==16,mg/L,Klebsiella pneumoniae
amikacin,Resistant,Laboratory Method,573.12777,Klebsiella pneumoniae strain AR_0120,Broth dilution,CLSI,573,==64,mg/L,Klebsiella pneumoniae
meropenem,Resistant,Laboratory Method,573.12777,Klebsiella pneumoniae strain AR_0120,Broth dilution,CLSI,573,>16,mg/L,Klebsiella pneumoniae
tetracycline,Resistant,Laboratory Method,573.12777,Klebsiella pneumoniae strain AR_0120,Broth dilution,CLSI,573,==16,mg/L,Klebsiella pneumoniae
cefotaxime,Resistant,Laboratory Method,573.12777,Klebsiella pneumoniae strain AR_0120,Broth dilution,CLSI,573,==256,mg/L,Klebsiella pneumoniae
cefepime,Resistant,Laboratory Method,573.12777,Klebsiella pneumoniae strain AR_0120,Broth dilution,CLSI,573,>32,mg/L,Klebsiella pneumoniae
tobramycin,Resistant,Laboratory Method,573.12777,Klebsiella pneumoniae strain AR_0120,Broth dilution,CLSI,573,>16,mg/L,Klebsiella pneumoniae
ceftriaxone,Resistant,Laboratory Method,573.12777,Klebsiella pneumoniae strain AR_0120,Broth dilution,CLSI,573,>64,mg/L,Klebsiella pneumoniae
ampicillin/sulbactam,Resistant,Laboratory Method,573.12777,Klebsiella pneumoniae strain AR_0120,Broth dilution,CLSI,573,>32/16,mg/L,Klebsiella pneumoniae
ceftazidime,Resistant,Laboratory Method,573.12777,Klebsiella pneumoniae strain AR_0120,Broth dilution,CLSI,573,==128,mg/L,Klebsiella pneumoniae
ampicillin,Resistant,Laboratory Method,573.12777,Klebsiella pneumoniae strain AR_0120,Broth dilution,CLSI,573,>32,mg/L,Klebsiella pneumoniae
cefoxitin,Resistant,Laboratory Method,573.12777,Klebsiella pneumoniae strain AR_0120,Broth dilution,CLSI,573,>32,mg/L,Klebsiella pneumoniae
trimethoprim/sulfamethoxazole,Susceptible,Laboratory Method,573.12777,Klebsiella pneumoniae strain AR_0120,Broth dilution,CLSI,573,==0.5/9.5,mg/L,Klebsiella pneumoniae
tigecycline,Susceptible,Laboratory Method,573.12777,Klebsiella pneumoniae strain AR_0120,Broth dilution,CLSI,573,==0.5,mg/L,Klebsiella pneumoniae
cefazolin,Resistant,Laboratory Method,573.12777,Klebsiella pneumoniae strain AR_0120,Broth dilution,CLSI,573,>32,mg/L,Klebsiella pneumoniae
ertapenem,Resistant,Laboratory Method,573.12777,Klebsiella pneumoniae strain AR_0120,Broth dilution,CLSI,573,>16,mg/L,Klebsiella pneumoniae
amoxicillin/clavulanic acid,Resistant,Laboratory Method,573.12777,Klebsiella pneumoniae strain AR_0120,Broth dilution,CLSI,573,>32/16,mg/L,Klebsiella pneumoniae
gentamicin,Resistant,Laboratory Method,573.12777,Klebsiella pneumoniae strain AR_0120,Broth dilution,CLSI,573,==16,mg/L,Klebsiella pneumoniae
ciprofloxacin,Resistant,Laboratory Method,573.12777,Klebsiella pneumoniae strain AR_0120,Broth dilution,CLSI,573,>8,mg/L,Klebsiella pneumoniae
levofloxacin,Resistant,Laboratory Method,573.12777,Klebsiella pneumoniae strain AR_0120,Broth dilution,CLSI,573,>8,mg/L,Klebsiella pneumoniae
ciprofloxacin,Resistant,Laboratory Method,573.12778,Klebsiella pneumoniae strain AR_0125,Broth dilution,CLSI,573,>8,mg/L,Klebsiella pneumoniae
ceftazidime,Resistant,Laboratory Method,573.12778,Klebsiella pneumoniae strain AR_0125,Broth dilution,CLSI,573,>256,mg/L,Klebsiella pneumoniae
ceftriaxone,Resistant,Laboratory Method,573.12778,Klebsiella pneumoniae strain AR_0125,Broth dilution,CLSI,573,>64,mg/L,Klebsiella pneumoniae
tigecycline,Susceptible,Laboratory Method,573.12778,Klebsiella pneumoniae strain AR_0125,Broth dilution,CLSI,573,==1,mg/L,Klebsiella pneumoniae
imipenem,Resistant,Laboratory Method,573.12778,Klebsiella pneumoniae strain AR_0125,Broth dilution,CLSI,573,==16,mg/L,Klebsiella pneumoniae
cefotaxime,Resistant,Laboratory Method,573.12778,Klebsiella pneumoniae strain AR_0125,Broth dilution,CLSI,573,==64,mg/L,Klebsiella pneumoniae
trimethoprim/sulfamethoxazole,Resistant,Laboratory Method,573.12778,Klebsiella pneumoniae strain AR_0125,Broth dilution,CLSI,573,>8/152,mg/L,Klebsiella pneumoniae
aztreonam,Resistant,Laboratory Method,573.12778,Klebsiella pneumoniae strain AR_0125,Broth dilution,CLSI,573,>64,mg/L,Klebsiella pneumoniae
gentamicin,Resistant,Laboratory Method,573.12778,Klebsiella pneumoniae strain AR_0125,Broth dilution,CLSI,573,>16,mg/L,Klebsiella pneumoniae
ampicillin,Resistant,Laboratory Method,573.12778,Klebsiella pneumoniae strain AR_0125,Broth dilution,CLSI,573,>32,mg/L,Klebsiella pneumoniae
cefoxitin,Resistant,Laboratory Method,573.12778,Klebsiella pneumoniae strain AR_0125,Broth dilution,CLSI,573,>32,mg/L,Klebsiella pneumoniae
cefepime,Resistant,Laboratory Method,573.12778,Klebsiella pneumoniae strain AR_0125,Broth dilution,CLSI,573,==32,mg/L,Klebsiella pneumoniae
tetracycline,Susceptible,Laboratory Method,573.12778,Klebsiella pneumoniae strain AR_0125,Broth dilution,CLSI,573,==4,mg/L,Klebsiella pneumoniae
ampicillin/sulbactam,Resistant,Laboratory Method,573.12778,Klebsiella pneumoniae strain AR_0125,Broth dilution,CLSI,573,>32/16,mg/L,Klebsiella pneumoniae
levofloxacin,Resistant,Laboratory Method,573.12778,Klebsiella pneumoniae strain AR_0125,Broth dilution,CLSI,573,>8,mg/L,Klebsiella pneumoniae
tobramycin,Resistant,Laboratory Method,573.12778,Klebsiella pneumoniae strain AR_0125,Broth dilution,CLSI,573,>16,mg/L,Klebsiella pneumoniae
meropenem,Resistant,Laboratory Method,573.12778,Klebsiella pneumoniae strain AR_0125,Broth dilution,CLSI,573,>16,mg/L,Klebsiella pneumoniae
amoxicillin/clavulanic acid,Resistant,Laboratory Method,573.12778,Klebsiella pneumoniae strain AR_0125,Broth dilution,CLSI,573,>32/16,mg/L,Klebsiella pneumoniae
cefazolin,Resistant,Laboratory Method,573.12778,Klebsiella pneumoniae strain AR_0125,Broth dilution,CLSI,573,>32,mg/L,Klebsiella pneumoniae
ertapenem,Resistant,Laboratory Method,573.12778,Klebsiella pneumoniae strain AR_0125,Broth dilution,CLSI,573,>16,mg/L,Klebsiella pneumoniae
ceftriaxone,Resistant,Laboratory Method,573.12779,Klebsiella pneumoniae strain AR_0139,Broth dilution,CLSI,573,>32,mg/L,Klebsiella pneumoniae
cefotaxime,Resistant,Laboratory Method,573.12779,Klebsiella pneumoniae strain AR_0139,Broth dilution,CLSI,573,>128,mg/L,Klebsiella pneumoniae
cefoxitin,Resistant,Laboratory Method,573.12779,Klebsiella pneumoniae strain AR_0139,Broth dilution,CLSI,573,>16,mg/L,Klebsiella pneumoniae
tigecycline,Susceptible,Laboratory Method,573.12779,Klebsiella pneumoniae strain AR_0139,Broth dilution,CLSI,573,==1,mg/L,Klebsiella pneumoniae
tetracycline,Resistant,Laboratory Method,573.12779,Klebsiella pneumoniae strain AR_0139,Broth dilution,CLSI,573,>32,mg/L,Klebsiella pneumoniae
cefepime,Resistant,Laboratory Method,573.12779,Klebsiella pneumoniae strain AR_0139,Broth dilution,CLSI,573,>32,mg/L,Klebsiella pneumoniae
levofloxacin,Resistant,Laboratory Method,573.12779,Klebsiella pneumoniae strain AR_0139,Broth dilution,CLSI,573,==8,mg/L,Klebsiella pneumoniae
ertapenem,Resistant,Laboratory Method,573.12779,Klebsiella pneumoniae strain AR_0139,Broth dilution,CLSI,573,>8,mg/L,Klebsiella pneumoniae
meropenem,Resistant,Laboratory Method,573.12779,Klebsiella pneumoniae strain AR_0139,Broth dilution,CLSI,573,>8,mg/L,Klebsiella pneumoniae
piperacillin/tazobactam,Resistant,Laboratory Method,573.12779,Klebsiella pneumoniae strain AR_0139,Broth dilution,CLSI,573,>128/4,mg/L,Klebsiella pneumoniae
trimethoprim/sulfamethoxazole,Resistant,Laboratory Method,573.12779,Klebsiella pneumoniae strain AR_0139,Broth dilution,CLSI,573,>8/152,mg/L,Klebsiella pneumoniae
doripenem,Resistant,Laboratory Method,573.12779,Klebsiella pneumoniae strain AR_0139,Broth dilution,CLSI,573,>8,mg/L,Klebsiella pneumoniae
imipenem,Susceptible,Laboratory Method,573.12779,Klebsiella pneumoniae strain AR_0139,Broth dilution,CLSI,573,<=0.5,mg/L,Klebsiella pneumoniae
aztreonam,Resistant,Laboratory Method,573.12779,Klebsiella pneumoniae strain AR_0139,Broth dilution,CLSI,573,>64,mg/L,Klebsiella pneumoniae
tobramycin,Resistant,Laboratory Method,573.12779,Klebsiella pneumoniae strain AR_0139,Broth dilution,CLSI,573,>16,mg/L,Klebsiella pneumoniae
cefazolin,Resistant,Laboratory Method,573.12779,Klebsiella pneumoniae strain AR_0139,Broth dilution,CLSI,573,>16,mg/L,Klebsiella pneumoniae
ciprofloxacin,Resistant,Laboratory Method,573.12779,Klebsiella pneumoniae strain AR_0139,Broth dilution,CLSI,573,>8,mg/L,Klebsiella pneumoniae
ampicillin,Resistant,Laboratory Method,573.12779,Klebsiella pneumoniae strain AR_0139,Broth dilution,CLSI,573,>32,mg/L,Klebsiella pneumoniae
ceftazidime,Resistant,Laboratory Method,573.12779,Klebsiella pneumoniae strain AR_0139,Broth dilution,CLSI,573,>128,mg/L,Klebsiella pneumoniae
gentamicin,Resistant,Laboratory Method,573.12779,Klebsiella pneumoniae strain AR_0139,Broth dilution,CLSI,573,>16,mg/L,Klebsiella pneumoniae
amoxicillin/clavulanic acid,Resistant,Laboratory Method,573.12779,Klebsiella pneumoniae strain AR_0139,Broth dilution,CLSI,573,>32/16,mg/L,Klebsiella pneumoniae
amikacin,Resistant,Laboratory Method,573.12779,Klebsiella pneumoniae strain AR_0139,Broth dilution,CLSI,573,>64,mg/L,Klebsiella pneumoniae
ampicillin/sulbactam,Resistant,Laboratory Method,573.12779,Klebsiella pneumoniae strain AR_0139,Broth dilution,CLSI,573,>32/16,mg/L,Klebsiella pneumoniae
ampicillin,Resistant,Laboratory Method,573.12780,Klebsiella pneumoniae strain AR_0145,Broth dilution,CLSI,573,>32,mg/L,Klebsiella pneumoniae
ampicillin/sulbactam,Resistant,Laboratory Method,573.12780,Klebsiella pneumoniae strain AR_0145,Broth dilution,CLSI,573,>32/16,mg/L,Klebsiella pneumoniae
ceftazidime,Resistant,Laboratory Method,573.12780,Klebsiella pneumoniae strain AR_0145,Broth dilution,CLSI,573,>128,mg/L,Klebsiella pneumoniae
tigecycline,Susceptible,Laboratory Method,573.12780,Klebsiella pneumoniae strain AR_0145,Broth dilution,CLSI,573,==1,mg/L,Klebsiella pneumoniae
cefotaxime,Resistant,Laboratory Method,573.12780,Klebsiella pneumoniae strain AR_0145,Broth dilution,CLSI,573,>64,mg/L,Klebsiella pneumoniae
aztreonam,Resistant,Laboratory Method,573.12780,Klebsiella pneumoniae strain AR_0145,Broth dilution,CLSI,573,>64,mg/L,Klebsiella pneumoniae
tetracycline,Susceptible,Laboratory Method,573.12780,Klebsiella pneumoniae strain AR_0145,Broth dilution,CLSI,573,==4,mg/L,Klebsiella pneumoniae
piperacillin/tazobactam,Resistant,Laboratory Method,573.12780,Klebsiella pneumoniae strain AR_0145,Broth dilution,CLSI,573,>128/4,mg/L,Klebsiella pneumoniae
imipenem,Resistant,Laboratory Method,573.12780,Klebsiella pneumoniae strain AR_0145,Broth dilution,CLSI,573,==16,mg/L,Klebsiella pneumoniae
cefoxitin,Resistant,Laboratory Method,573.12780,Klebsiella pneumoniae strain AR_0145,Broth dilution,CLSI,573,>16,mg/L,Klebsiella pneumoniae
gentamicin,Susceptible,Laboratory Method,573.12780,Klebsiella pneumoniae strain AR_0145,Broth dilution,CLSI,573,==1,mg/L,Klebsiella pneumoniae
meropenem,Resistant,Laboratory Method,573.12780,Klebsiella pneumoniae strain AR_0145,Broth dilution,CLSI,573,>8,mg/L,Klebsiella pneumoniae
doripenem,Resistant,Laboratory Method,573.12780,Klebsiella pneumoniae strain AR_0145,Broth dilution,CLSI,573,>8,mg/L,Klebsiella pneumoniae
cefepime,Resistant,Laboratory Method,573.12780,Klebsiella pneumoniae strain AR_0145,Broth dilution,CLSI,573,>32,mg/L,Klebsiella pneumoniae
trimethoprim/sulfamethoxazole,Susceptible,Laboratory Method,573.12780,Klebsiella pneumoniae strain AR_0145,Broth dilution,CLSI,573,==0.5/9.5,mg/L,Klebsiella pneumoniae
levofloxacin,Resistant,Laboratory Method,573.12780,Klebsiella pneumoniae strain AR_0145,Broth dilution,CLSI,573,>8,mg/L,Klebsiella pneumoniae
cefazolin,Resistant,Laboratory Method,573.12780,Klebsiella pneumoniae strain AR_0145,Broth dilution,CLSI,573,>8,mg/L,Klebsiella pneumoniae
amikacin,Susceptible,Laboratory Method,573.12780,Klebsiella pneumoniae strain AR_0145,Broth dilution,CLSI,573,==16,mg/L,Klebsiella pneumoniae
ertapenem,Resistant,Laboratory Method,573.12780,Klebsiella pneumoniae strain AR_0145,Broth dilution,CLSI,573,>8,mg/L,Klebsiella pneumoniae
ceftriaxone,Resistant,Laboratory Method,573.12780,Klebsiella pneumoniae strain AR_0145,Broth dilution,CLSI,573,>32,mg/L,Klebsiella pneumoniae
ciprofloxacin,Resistant,Laboratory Method,573.12780,Klebsiella pneumoniae strain AR_0145,Broth dilution,CLSI,573,>8,mg/L,Klebsiella pneumoniae
amoxicillin/clavulanic acid,Resistant,Laboratory Method,573.12780,Klebsiella pneumoniae strain AR_0145,Broth dilution,CLSI,573,>32/16,mg/L,Klebsiella pneumoniae
tobramycin,Resistant,Laboratory Method,573.12780,Klebsiella pneumoniae strain AR_0145,Broth dilution,CLSI,573,==16,mg/L,Klebsiella pneumoniae
cefazolin,Resistant,Laboratory Method,573.12781,Klebsiella pneumoniae strain AR_0152,Broth dilution,CLSI,573,>8,mg/L,Klebsiella pneumoniae
doripenem,Resistant,Laboratory Method,573.12781,Klebsiella pneumoniae strain AR_0152,Broth dilution,CLSI,573,>8,mg/L,Klebsiella pneumoniae
ceftazidime,Resistant,Laboratory Method,573.12781,Klebsiella pneumoniae strain AR_0152,Broth dilution,CLSI,573,>128,mg/L,Klebsiella pneumoniae
amikacin,Susceptible,Laboratory Method,573.12781,Klebsiella pneumoniae strain AR_0152,Broth dilution,CLSI,573,==16,mg/L,Klebsiella pneumoniae
ceftriaxone,Resistant,Laboratory Method,573.12781,Klebsiella pneumoniae strain AR_0152,Broth dilution,CLSI,573,>32,mg/L,Klebsiella pneumoniae
piperacillin/tazobactam,Resistant,Laboratory Method,573.12781,Klebsiella pneumoniae strain AR_0152,Broth dilution,CLSI,573,>128/4,mg/L,Klebsiella pneumoniae
ampicillin,Resistant,Laboratory Method,573.12781,Klebsiella pneumoniae strain AR_0152,Broth dilution,CLSI,573,>32,mg/L,Klebsiella pneumoniae
cefepime,Resistant,Laboratory Method,573.12781,Klebsiella pneumoniae strain AR_0152,Broth dilution,CLSI,573,>32,mg/L,Klebsiella pneumoniae
meropenem,Resistant,Laboratory Method,573.12781,Klebsiella pneumoniae strain AR_0152,Broth dilution,CLSI,573,>8,mg/L,Klebsiella pneumoniae
ampicillin/sulbactam,Resistant,Laboratory Method,573.12781,Klebsiella pneumoniae strain AR_0152,Broth dilution,CLSI,573,>32/16,mg/L,Klebsiella pneumoniae
cefoxitin,Resistant,Laboratory Method,573.12781,Klebsiella pneumoniae strain AR_0152,Broth dilution,CLSI,573,>16,mg/L,Klebsiella pneumoniae
ciprofloxacin,Resistant,Laboratory Method,573.12781,Klebsiella pneumoniae strain AR_0152,Broth dilution,CLSI,573,>8,mg/L,Klebsiella pneumoniae
amoxicillin/clavulanic acid,Resistant,Laboratory Method,573.12781,Klebsiella pneumoniae strain AR_0152,Broth dilution,CLSI,573,>32/16,mg/L,Klebsiella pneumoniae
levofloxacin,Resistant,Laboratory Method,573.12781,Klebsiella pneumoniae strain AR_0152,Broth dilution,CLSI,573,>8,mg/L,Klebsiella pneumoniae
cefotaxime,Resistant,Laboratory Method,573.12781,Klebsiella pneumoniae strain AR_0152,Broth dilution,CLSI,573,>64,mg/L,Klebsiella pneumoniae
ertapenem,Resistant,Laboratory Method,573.12781,Klebsiella pneumoniae strain AR_0152,Broth dilution,CLSI,573,>8,mg/L,Klebsiella pneumoniae
trimethoprim/sulfamethoxazole,Resistant,Laboratory Method,573.12781,Klebsiella pneumoniae strain AR_0152,Broth dilution,CLSI,573,>8/152,mg/L,Klebsiella pneumoniae
gentamicin,Susceptible,Laboratory Method,573.12781,Klebsiella pneumoniae strain AR_0152,Broth dilution,CLSI,573,==0.5,mg/L,Klebsiella pneumoniae
aztreonam,Resistant,Laboratory Method,573.12781,Klebsiella pneumoniae strain AR_0152,Broth dilution,CLSI,573,>64,mg/L,Klebsiella pneumoniae
tobramycin,Resistant,Laboratory Method,573.12781,Klebsiella pneumoniae strain AR_0152,Broth dilution,CLSI,573,==16,mg/L,Klebsiella pneumoniae
imipenem,Resistant,Laboratory Method,573.12781,Klebsiella pneumoniae strain AR_0152,Broth dilution,CLSI,573,==4,mg/L,Klebsiella pneumoniae
tigecycline,Susceptible,Laboratory Method,573.12781,Klebsiella pneumoniae strain AR_0152,Broth dilution,CLSI,573,==2,mg/L,Klebsiella pneumoniae
tetracycline,Resistant,Laboratory Method,573.12781,Klebsiella pneumoniae strain AR_0152,Broth dilution,CLSI,573,>32,mg/L,Klebsiella pneumoniae
amoxicillin/clavulanic acid,Resistant,Laboratory Method,573.12782,Klebsiella pneumoniae strain AR_0148,Broth dilution,CLSI,573,>32/16,mg/L,Klebsiella pneumoniae
levofloxacin,Resistant,Laboratory Method,573.12782,Klebsiella pneumoniae strain AR_0148,Broth dilution,CLSI,573,>8,mg/L,Klebsiella pneumoniae
ciprofloxacin,Resistant,Laboratory Method,573.12782,Klebsiella pneumoniae strain AR_0148,Broth dilution,CLSI,573,>8,mg/L,Klebsiella pneumoniae
cefepime,Resistant,Laboratory Method,573.12782,Klebsiella pneumoniae strain AR_0148,Broth dilution,CLSI,573,>32,mg/L,Klebsiella pneumoniae
ampicillin/sulbactam,Resistant,Laboratory Method,573.12782,Klebsiella pneumoniae strain AR_0148,Broth dilution,CLSI,573,>32/16,mg/L,Klebsiella pneumoniae
cefazolin,Resistant,Laboratory Method,573.12782,Klebsiella pneumoniae strain AR_0148,Broth dilution,CLSI,573,>8,mg/L,Klebsiella pneumoniae
ceftazidime,Resistant,Laboratory Method,573.12782,Klebsiella pneumoniae strain AR_0148,Broth dilution,CLSI,573,>128,mg/L,Klebsiella pneumoniae
ceftriaxone,Resistant,Laboratory Method,573.12782,Klebsiella pneumoniae strain AR_0148,Broth dilution,CLSI,573,>32,mg/L,Klebsiella pneumoniae
doripenem,Resistant,Laboratory Method,573.12782,Klebsiella pneumoniae strain AR_0148,Broth dilution,CLSI,573,>8,mg/L,Klebsiella pneumoniae
tobramycin,Resistant,Laboratory Method,573.12782,Klebsiella pneumoniae strain AR_0148,Broth dilution,CLSI,573,>16,mg/L,Klebsiella pneumoniae
meropenem,Resistant,Laboratory Method,573.12782,Klebsiella pneumoniae strain AR_0148,Broth dilution,CLSI,573,>8,mg/L,Klebsiella pneumoniae
cefoxitin,Resistant,Laboratory Method,573.12782,Klebsiella pneumoniae strain AR_0148,Broth dilution,CLSI,573,>16,mg/L,Klebsiella pneumoniae
ertapenem,Resistant,Laboratory Method,573.12782,Klebsiella pneumoniae strain AR_0148,Broth dilution,CLSI,573,>8,mg/L,Klebsiella pneumoniae
piperacillin/tazobactam,Resistant,Laboratory Method,573.12782,Klebsiella pneumoniae strain AR_0148,Broth dilution,CLSI,573,>128/4,mg/L,Klebsiella pneumoniae
cefotaxime,Resistant,Laboratory Method,573.12782,Klebsiella pneumoniae strain AR_0148,Broth dilution,CLSI,573,>64,mg/L,Klebsiella pneumoniae
imipenem,Resistant,Laboratory Method,573.12782,Klebsiella pneumoniae strain AR_0148,Broth dilution,CLSI,573,==16,mg/L,Klebsiella pneumoniae
amikacin,Resistant,Laboratory Method,573.12782,Klebsiella pneumoniae strain AR_0148,Broth dilution,CLSI,573,>64,mg/L,Klebsiella pneumoniae
tetracycline,Resistant,Laboratory Method,573.12782,Klebsiella pneumoniae strain AR_0148,Broth dilution,CLSI,573,>32,mg/L,Klebsiella pneumoniae
gentamicin,Resistant,Laboratory Method,573.12782,Klebsiella pneumoniae strain AR_0148,Broth dilution,CLSI,573,>16,mg/L,Klebsiella pneumoniae
ampicillin,Resistant,Laboratory Method,573.12782,Klebsiella pneumoniae strain AR_0148,Broth dilution,CLSI,573,>32,mg/L,Klebsiella pneumoniae
tigecycline,Susceptible,Laboratory Method,573.12782,Klebsiella pneumoniae strain AR_0148,Broth dilution,CLSI,573,==2,mg/L,Klebsiella pneumoniae
trimethoprim/sulfamethoxazole,Resistant,Laboratory Method,573.12782,Klebsiella pneumoniae strain AR_0148,Broth dilution,CLSI,573,>8/152,mg/L,Klebsiella pneumoniae
aztreonam,Resistant,Laboratory Method,573.12782,Klebsiella pneumoniae strain AR_0148,Broth dilution,CLSI,573,>64,mg/L,Klebsiella pneumoniae
piperacillin/tazobactam,Resistant,Laboratory Method,573.12783,Klebsiella pneumoniae strain AR_0107,Broth dilution,CLSI,573,>128/4,mg/L,Klebsiella pneumoniae
meropenem,Resistant,Laboratory Method,573.12783,Klebsiella pneumoniae strain AR_0107,Broth dilution,CLSI,573,>8,mg/L,Klebsiella pneumoniae
amoxicillin/clavulanic acid,Resistant,Laboratory Method,573.12783,Klebsiella pneumoniae strain AR_0107,Broth dilution,CLSI,573,==32/16,mg/L,Klebsiella pneumoniae
amikacin,Resistant,Laboratory Method,573.12783,Klebsiella pneumoniae strain AR_0107,Broth dilution,CLSI,573,>64,mg/L,Klebsiella pneumoniae
trimethoprim/sulfamethoxazole,Resistant,Laboratory Method,573.12783,Klebsiella pneumoniae strain AR_0107,Broth dilution,CLSI,573,==4/76,mg/L,Klebsiella pneumoniae
ampicillin/sulbactam,Resistant,Laboratory Method,573.12783,Klebsiella pneumoniae strain AR_0107,Broth dilution,CLSI,573,>32/16,mg/L,Klebsiella pneumoniae
ceftazidime,Resistant,Laboratory Method,573.12783,Klebsiella pneumoniae strain AR_0107,Broth dilution,CLSI,573,==128,mg/L,Klebsiella pneumoniae
tobramycin,Resistant,Laboratory Method,573.12783,Klebsiella pneumoniae strain AR_0107,Broth dilution,CLSI,573,>16,mg/L,Klebsiella pneumoniae
cefoxitin,Resistant,Laboratory Method,573.12783,Klebsiella pneumoniae strain AR_0107,Broth dilution,CLSI,573,>16,mg/L,Klebsiella pneumoniae
cefazolin,Resistant,Laboratory Method,573.12783,Klebsiella pneumoniae strain AR_0107,Broth dilution,CLSI,573,>8,mg/L,Klebsiella pneumoniae
levofloxacin,Resistant,Laboratory Method,573.12783,Klebsiella pneumoniae strain AR_0107,Broth dilution,CLSI,573,>8,mg/L,Klebsiella pneumoniae
doripenem,Resistant,Laboratory Method,573.12783,Klebsiella pneumoniae strain AR_0107,Broth dilution,CLSI,573,>8,mg/L,Klebsiella pneumoniae
ceftriaxone,Resistant,Laboratory Method,573.12783,Klebsiella pneumoniae strain AR_0107,Broth dilution,CLSI,573,>32,mg/L,Klebsiella pneumoniae
imipenem,Resistant,Laboratory Method,573.12783,Klebsiella pneumoniae strain AR_0107,Broth dilution,CLSI,573,==8,mg/L,Klebsiella pneumoniae
tigecycline,Susceptible,Laboratory Method,573.12783,Klebsiella pneumoniae strain AR_0107,Broth dilution,CLSI,573,==1,mg/L,Klebsiella pneumoniae
gentamicin,Resistant,Laboratory Method,573.12783,Klebsiella pneumoniae strain AR_0107,Broth dilution,CLSI,573,>16,mg/L,Klebsiella pneumoniae
tetracycline,Susceptible,Laboratory Method,573.12783,Klebsiella pneumoniae strain AR_0107,Broth dilution,CLSI,573,<=2,mg/L,Klebsiella pneumoniae
ciprofloxacin,Resistant,Laboratory Method,573.12783,Klebsiella pneumoniae strain AR_0107,Broth dilution,CLSI,573,>8,mg/L,Klebsiella pneumoniae
ertapenem,Resistant,Laboratory Method,573.12783,Klebsiella pneumoniae strain AR_0107,Broth dilution,CLSI,573,>8,mg/L,Klebsiella pneumoniae
ampicillin,Resistant,Laboratory Method,573.12783,Klebsiella pneumoniae strain AR_0107,Broth dilution,CLSI,573,>32,mg/L,Klebsiella pneumoniae
cefotaxime,Resistant,Laboratory Method,573.12783,Klebsiella pneumoniae strain AR_0107,Broth dilution,CLSI,573,>64,mg/L,Klebsiella pneumoniae
aztreonam,Resistant,Laboratory Method,573.12783,Klebsiella pneumoniae strain AR_0107,Broth dilution,CLSI,573,>64,mg/L,Klebsiella pneumoniae
cefepime,Resistant,Laboratory Method,573.12783,Klebsiella pneumoniae strain AR_0107,Broth dilution,CLSI,573,>32,mg/L,Klebsiella pneumoniae
cefotaxime,Resistant,Laboratory Method,573.12796,Klebsiella pneumoniae strain MLST-15,Broth dilution,CLSI,573,>64,mg/L,Klebsiella pneumoniae
piperacillin/tazobactam,Resistant,Laboratory Method,573.12796,Klebsiella pneumoniae strain MLST-15,Broth dilution,CLSI,573,>128/4,mg/L,Klebsiella pneumoniae
ertapenem,Resistant,Laboratory Method,573.12796,Klebsiella pneumoniae strain MLST-15,Broth dilution,CLSI,573,>8,mg/L,Klebsiella pneumoniae
cefazolin,Resistant,Laboratory Method,573.12796,Klebsiella pneumoniae strain MLST-15,Broth dilution,CLSI,573,>8,mg/L,Klebsiella pneumoniae
tetracycline,Resistant,Laboratory Method,573.12796,Klebsiella pneumoniae strain MLST-15,Broth dilution,CLSI,573,>32,mg/L,Klebsiella pneumoniae
meropenem,Resistant,Laboratory Method,573.12796,Klebsiella pneumoniae strain MLST-15,Broth dilution,CLSI,573,>8,mg/L,Klebsiella pneumoniae
trimethoprim/sulfamethoxazole,Resistant,Laboratory Method,573.12796,Klebsiella pneumoniae strain MLST-15,Broth dilution,CLSI,573,==8/152,mg/L,Klebsiella pneumoniae
ceftazidime,Resistant,Laboratory Method,573.12796,Klebsiella pneumoniae strain MLST-15,Broth dilution,CLSI,573,>128,mg/L,Klebsiella pneumoniae
ampicillin,Resistant,Laboratory Method,573.12796,Klebsiella pneumoniae strain MLST-15,Broth dilution,CLSI,573,>32,mg/L,Klebsiella pneumoniae
ceftriaxone,Resistant,Laboratory Method,573.12796,Klebsiella pneumoniae strain MLST-15,Broth dilution,CLSI,573,>32,mg/L,Klebsiella pneumoniae
chloramphenicol,Resistant,Laboratory Method,573.12796,Klebsiella pneumoniae strain MLST-15,Broth dilution,CLSI,573,>16,mg/L,Klebsiella pneumoniae
tobramycin,Resistant,Laboratory Method,573.12796,Klebsiella pneumoniae strain MLST-15,Broth dilution,CLSI,573,>16,mg/L,Klebsiella pneumoniae
doripenem,Resistant,Laboratory Method,573.12796,Klebsiella pneumoniae strain MLST-15,Broth dilution,CLSI,573,>8,mg/L,Klebsiella pneumoniae
cefoxitin,Resistant,Laboratory Method,573.12796,Klebsiella pneumoniae strain MLST-15,Broth dilution,CLSI,573,>16,mg/L,Klebsiella pneumoniae
amikacin,Resistant,Laboratory Method,573.12796,Klebsiella pneumoniae strain MLST-15,Broth dilution,CLSI,573,>64,mg/L,Klebsiella pneumoniae
cefepime,Resistant,Laboratory Method,573.12796,Klebsiella pneumoniae strain MLST-15,Broth dilution,CLSI,573,>32,mg/L,Klebsiella pneumoniae
levofloxacin,Resistant,Laboratory Method,573.12796,Klebsiella pneumoniae strain MLST-15,Broth dilution,CLSI,573,>8,mg/L,Klebsiella pneumoniae
ceftazidime/avibactam,Resistant,Laboratory Method,573.12796,Klebsiella pneumoniae strain MLST-15,Broth dilution,CLSI,573,==16/4,mg/L,Klebsiella pneumoniae
imipenem,Resistant,Laboratory Method,573.12796,Klebsiella pneumoniae strain MLST-15,Broth dilution,CLSI,573,==32,mg/L,Klebsiella pneumoniae
aztreonam,Resistant,Laboratory Method,573.12796,Klebsiella pneumoniae strain MLST-15,Broth dilution,CLSI,573,>64,mg/L,Klebsiella pneumoniae
ciprofloxacin,Resistant,Laboratory Method,573.12796,Klebsiella pneumoniae strain MLST-15,Broth dilution,CLSI,573,>8,mg/L,Klebsiella pneumoniae
gentamicin,Resistant,Laboratory Method,573.12796,Klebsiella pneumoniae strain MLST-15,Broth dilution,CLSI,573,>16,mg/L,Klebsiella pneumoniae
amikacin,Susceptible,Laboratory Method,573.12868,Klebsiella pneumoniae 78,Broth dilution,CLSI,573,<=4,mg/L,Klebsiella pneumoniae
meropenem,Susceptible,Laboratory Method,573.12868,Klebsiella pneumoniae 78,Broth dilution,CLSI,573,<=0.125,mg/L,Klebsiella pneumoniae
cefuroxime,Susceptible,Laboratory Method,573.12868,Klebsiella pneumoniae 78,Broth dilution,CLSI,573,<=4,mg/L,Klebsiella pneumoniae
piperacillin/tazobactam,Susceptible,Laboratory Method,573.12868,Klebsiella pneumoniae 78,Broth dilution,CLSI,573,4/4,mg/L,Klebsiella pneumoniae
tetracycline,Susceptible,Laboratory Method,573.12868,Klebsiella pneumoniae 78,Broth dilution,CLSI,573,<=1,mg/L,Klebsiella pneumoniae
ceftriaxone,Susceptible,Laboratory Method,573.12868,Klebsiella pneumoniae 78,Broth dilution,CLSI,573,<=0.5,mg/L,Klebsiella pneumoniae
cefepime,Susceptible,Laboratory Method,573.12868,Klebsiella pneumoniae 78,Broth dilution,CLSI,573,<=0.5,mg/L,Klebsiella pneumoniae
trimethoprim/sulfamethoxazole,Susceptible,Laboratory Method,573.12868,Klebsiella pneumoniae 78,Broth dilution,CLSI,573,<=0.5/9.5,mg/L,Klebsiella pneumoniae
gentamicin,Susceptible,Laboratory Method,573.12868,Klebsiella pneumoniae 78,Broth dilution,CLSI,573,1,mg/L,Klebsiella pneumoniae
ciprofloxacin,Susceptible,Laboratory Method,573.12868,Klebsiella pneumoniae 78,Broth dilution,CLSI,573,<=0.5,mg/L,Klebsiella pneumoniae
cefoxitin,Susceptible,Laboratory Method,573.12868,Klebsiella pneumoniae 78,Broth dilution,CLSI,573,<=4,mg/L,Klebsiella pneumoniae
cefazolin,Susceptible,Laboratory Method,573.12868,Klebsiella pneumoniae 78,Broth dilution,CLSI,573,<=1,mg/L,Klebsiella pneumoniae
imipenem,Susceptible,Laboratory Method,573.12868,Klebsiella pneumoniae 78,Broth dilution,CLSI,573,<=0.25,mg/L,Klebsiella pneumoniae
ceftazidime,Susceptible,Laboratory Method,573.12868,Klebsiella pneumoniae 78,Broth dilution,CLSI,573,<=0.5,mg/L,Klebsiella pneumoniae
nitrofurantoin,Susceptible,Laboratory Method,573.12868,Klebsiella pneumoniae 78,Broth dilution,CLSI,573,32,mg/L,Klebsiella pneumoniae
ampicillin,Resistant,Laboratory Method,573.12868,Klebsiella pneumoniae 78,Broth dilution,CLSI,573,>16,mg/L,Klebsiella pneumoniae
ampicillin/sulbactam,Susceptible,Laboratory Method,573.12868,Klebsiella pneumoniae 78,Broth dilution,CLSI,573,8/4,mg/L,Klebsiella pneumoniae
levofloxacin,Susceptible,Laboratory Method,573.12868,Klebsiella pneumoniae 78,Broth dilution,CLSI,573,<=1,mg/L,Klebsiella pneumoniae
aztreonam,Susceptible,Laboratory Method,573.12868,Klebsiella pneumoniae 78,Broth dilution,CLSI,573,<=1,mg/L,Klebsiella pneumoniae
tobramycin,Susceptible,Laboratory Method,573.12868,Klebsiella pneumoniae 78,Broth dilution,CLSI,573,1,mg/L,Klebsiella pneumoniae
cefepime,Susceptible,Laboratory Method,573.12871,Klebsiella pneumoniae 94,Broth dilution,CLSI,573,<=0.5,mg/L,Klebsiella pneumoniae
tobramycin,Susceptible,Laboratory Method,573.12871,Klebsiella pneumoniae 94,Broth dilution,CLSI,573,1,mg/L,Klebsiella pneumoniae
piperacillin/tazobactam,Susceptible,Laboratory Method,573.12871,Klebsiella pneumoniae 94,Broth dilution,CLSI,573,4/4,mg/L,Klebsiella pneumoniae
meropenem,Susceptible,Laboratory Method,573.12871,Klebsiella pneumoniae 94,Broth dilution,CLSI,573,<=0.125,mg/L,Klebsiella pneumoniae
trimethoprim/sulfamethoxazole,Susceptible,Laboratory Method,573.12871,Klebsiella pneumoniae 94,Broth dilution,CLSI,573,<=0.5/9.5,mg/L,Klebsiella pneumoniae
imipenem,Susceptible,Laboratory Method,573.12871,Klebsiella pneumoniae 94,Broth dilution,CLSI,573,0.5,mg/L,Klebsiella pneumoniae
ciprofloxacin,Susceptible,Laboratory Method,573.12871,Klebsiella pneumoniae 94,Broth dilution,CLSI,573,<=0.5,mg/L,Klebsiella pneumoniae
ampicillin,Resistant,Laboratory Method,573.12871,Klebsiella pneumoniae 94,Broth dilution,CLSI,573,>16,mg/L,Klebsiella pneumoniae
tetracycline,Susceptible,Laboratory Method,573.12871,Klebsiella pneumoniae 94,Broth dilution,CLSI,573,2,mg/L,Klebsiella pneumoniae
cefazolin,Susceptible,Laboratory Method,573.12871,Klebsiella pneumoniae 94,Broth dilution,CLSI,573,<=1,mg/L,Klebsiella pneumoniae
ceftazidime,Susceptible,Laboratory Method,573.12871,Klebsiella pneumoniae 94,Broth dilution,CLSI,573,<=0.5,mg/L,Klebsiella pneumoniae
ampicillin/sulbactam,Susceptible,Laboratory Method,573.12871,Klebsiella pneumoniae 94,Broth dilution,CLSI,573,8/4,mg/L,Klebsiella pneumoniae
levofloxacin,Susceptible,Laboratory Method,573.12871,Klebsiella pneumoniae 94,Broth dilution,CLSI,573,<=1,mg/L,Klebsiella pneumoniae
nitrofurantoin,Resistant,Laboratory Method,573.12871,Klebsiella pneumoniae 94,Broth dilution,CLSI,573,>64,mg/L,Klebsiella pneumoniae
amikacin,Susceptible,Laboratory Method,573.12871,Klebsiella pneumoniae 94,Broth dilution,CLSI,573,<=4,mg/L,Klebsiella pneumoniae
cefoxitin,Susceptible,Laboratory Method,573.12871,Klebsiella pneumoniae 94,Broth dilution,CLSI,573,<=4,mg/L,Klebsiella pneumoniae
cefuroxime,Susceptible,Laboratory Method,573.12871,Klebsiella pneumoniae 94,Broth dilution,CLSI,573,<=4,mg/L,Klebsiella pneumoniae
gentamicin,Susceptible,Laboratory Method,573.12871,Klebsiella pneumoniae 94,Broth dilution,CLSI,573,1,mg/L,Klebsiella pneumoniae
aztreonam,Susceptible,Laboratory Method,573.12871,Klebsiella pneumoniae 94,Broth dilution,CLSI,573,<=1,mg/L,Klebsiella pneumoniae
ceftriaxone,Susceptible,Laboratory Method,573.12871,Klebsiella pneumoniae 94,Broth dilution,CLSI,573,<=0.5,mg/L,Klebsiella pneumoniae
nitrofurantoin,Resistant,Laboratory Method,573.12889,Klebsiella pneumoniae 51,Broth dilution,CLSI,573,>64,mg/L,Klebsiella pneumoniae
aztreonam,Susceptible,Laboratory Method,573.12889,Klebsiella pneumoniae 51,Broth dilution,CLSI,573,<=1,mg/L,Klebsiella pneumoniae
imipenem,Susceptible,Laboratory Method,573.12889,Klebsiella pneumoniae 51,Broth dilution,CLSI,573,<=0.25,mg/L,Klebsiella pneumoniae
cefuroxime,Susceptible,Laboratory Method,573.12889,Klebsiella pneumoniae 51,Broth dilution,CLSI,573,<=4,mg/L,Klebsiella pneumoniae
piperacillin/tazobactam,Susceptible,Laboratory Method,573.12889,Klebsiella pneumoniae 51,Broth dilution,CLSI,573,4/4,mg/L,Klebsiella pneumoniae
cefepime,Susceptible,Laboratory Method,573.12889,Klebsiella pneumoniae 51,Broth dilution,CLSI,573,<=0.5,mg/L,Klebsiella pneumoniae
ceftriaxone,Susceptible,Laboratory Method,573.12889,Klebsiella pneumoniae 51,Broth dilution,CLSI,573,<=0.5,mg/L,Klebsiella pneumoniae
cefazolin,Susceptible,Laboratory Method,573.12889,Klebsiella pneumoniae 51,Broth dilution,CLSI,573,<=1,mg/L,Klebsiella pneumoniae
meropenem,Susceptible,Laboratory Method,573.12889,Klebsiella pneumoniae 51,Broth dilution,CLSI,573,<=0.125,mg/L,Klebsiella pneumoniae
tobramycin,Susceptible,Laboratory Method,573.12889,Klebsiella pneumoniae 51,Broth dilution,CLSI,573,1,mg/L,Klebsiella pneumoniae
ampicillin/sulbactam,Susceptible,Laboratory Method,573.12889,Klebsiella pneumoniae 51,Broth dilution,CLSI,573,8/4,mg/L,Klebsiella pneumoniae
levofloxacin,Susceptible,Laboratory Method,573.12889,Klebsiella pneumoniae 51,Broth dilution,CLSI,573,<=1,mg/L,Klebsiella pneumoniae
ceftazidime,Susceptible,Laboratory Method,573.12889,Klebsiella pneumoniae 51,Broth dilution,CLSI,573,<=0.5,mg/L,Klebsiella pneumoniae
gentamicin,Susceptible,Laboratory Method,573.12889,Klebsiella pneumoniae 51,Broth dilution,CLSI,573,1,mg/L,Klebsiella pneumoniae
amikacin,Susceptible,Laboratory Method,573.12889,Klebsiella pneumoniae 51,Broth dilution,CLSI,573,<=4,mg/L,Klebsiella pneumoniae
trimethoprim/sulfamethoxazole,Susceptible,Laboratory Method,573.12889,Klebsiella pneumoniae 51,Broth dilution,CLSI,573,<=0.5/9.5,mg/L,Klebsiella pneumoniae
cefoxitin,Susceptible,Laboratory Method,573.12889,Klebsiella pneumoniae 51,Broth dilution,CLSI,573,<=4,mg/L,Klebsiella pneumoniae
ampicillin,Resistant,Laboratory Method,573.12889,Klebsiella pneumoniae 51,Broth dilution,CLSI,573,>16,mg/L,Klebsiella pneumoniae
tetracycline,Susceptible,Laboratory Method,573.12889,Klebsiella pneumoniae 51,Broth dilution,CLSI,573,<=1,mg/L,Klebsiella pneumoniae
ciprofloxacin,Susceptible,Laboratory Method,573.12889,Klebsiella pneumoniae 51,Broth dilution,CLSI,573,<=0.5,mg/L,Klebsiella pneumoniae
gentamicin,Susceptible,Laboratory Method,573.12902,Klebsiella pneumoniae 119,Broth dilution,CLSI,573,1,mg/L,Klebsiella pneumoniae
cefepime,Susceptible,Laboratory Method,573.12902,Klebsiella pneumoniae 119,Broth dilution,CLSI,573,<=0.5,mg/L,Klebsiella pneumoniae
cefoxitin,Susceptible,Laboratory Method,573.12902,Klebsiella pneumoniae 119,Broth dilution,CLSI,573,8,mg/L,Klebsiella pneumoniae
ampicillin/sulbactam,Susceptible,Laboratory Method,573.12902,Klebsiella pneumoniae 119,Broth dilution,CLSI,573,8/4,mg/L,Klebsiella pneumoniae
ampicillin,Resistant,Laboratory Method,573.12902,Klebsiella pneumoniae 119,Broth dilution,CLSI,573,>16,mg/L,Klebsiella pneumoniae
aztreonam,Susceptible,Laboratory Method,573.12902,Klebsiella pneumoniae 119,Broth dilution,CLSI,573,<=1,mg/L,Klebsiella pneumoniae
tobramycin,Susceptible,Laboratory Method,573.12902,Klebsiella pneumoniae 119,Broth dilution,CLSI,573,1,mg/L,Klebsiella pneumoniae
ceftriaxone,Susceptible,Laboratory Method,573.12902,Klebsiella pneumoniae 119,Broth dilution,CLSI,573,<=0.5,mg/L,Klebsiella pneumoniae
meropenem,Susceptible,Laboratory Method,573.12902,Klebsiella pneumoniae 119,Broth dilution,CLSI,573,<=0.125,mg/L,Klebsiella pneumoniae
nitrofurantoin,Resistant,Laboratory Method,573.12902,Klebsiella pneumoniae 119,Broth dilution,CLSI,573,>64,mg/L,Klebsiella pneumoniae
piperacillin/tazobactam,Susceptible,Laboratory Method,573.12902,Klebsiella pneumoniae 119,Broth dilution,CLSI,573,4/4,mg/L,Klebsiella pneumoniae
cefazolin,Susceptible,Laboratory Method,573.12902,Klebsiella pneumoniae 119,Broth dilution,CLSI,573,2,mg/L,Klebsiella pneumoniae
ceftazidime,Susceptible,Laboratory Method,573.12902,Klebsiella pneumoniae 119,Broth dilution,CLSI,573,<=0.5,mg/L,Klebsiella pneumoniae
ciprofloxacin,Susceptible,Laboratory Method,573.12902,Klebsiella pneumoniae 119,Broth dilution,CLSI,573,<=0.5,mg/L,Klebsiella pneumoniae
amikacin,Susceptible,Laboratory Method,573.12902,Klebsiella pneumoniae 119,Broth dilution,CLSI,573,<=4,mg/L,Klebsiella pneumoniae
trimethoprim/sulfamethoxazole,Susceptible,Laboratory Method,573.12902,Klebsiella pneumoniae 119,Broth dilution,CLSI,573,<=0.5/9.5,mg/L,Klebsiella pneumoniae
levofloxacin,Susceptible,Laboratory Method,573.12902,Klebsiella pneumoniae 119,Broth dilution,CLSI,573,<=1,mg/L,Klebsiella pneumoniae
imipenem,Susceptible,Laboratory Method,573.12902,Klebsiella pneumoniae 119,Broth dilution,CLSI,573,<=0.25,mg/L,Klebsiella pneumoniae
cefuroxime,Susceptible,Laboratory Method,573.12902,Klebsiella pneumoniae 119,Broth dilution,CLSI,573,8,mg/L,Klebsiella pneumoniae
tetracycline,Susceptible,Laboratory Method,573.12902,Klebsiella pneumoniae 119,Broth dilution,CLSI,573,4,mg/L,Klebsiella pneumoniae
tobramycin,Susceptible,Laboratory Method,573.12908,Klebsiella pneumoniae 74,Broth dilution,CLSI,573,1,mg/L,Klebsiella pneumoniae
ampicillin/sulbactam,Susceptible,Laboratory Method,573.12908,Klebsiella pneumoniae 74,Broth dilution,CLSI,573,8/4,mg/L,Klebsiella pneumoniae
ceftriaxone,Susceptible,Laboratory Method,573.12908,Klebsiella pneumoniae 74,Broth dilution,CLSI,573,<=0.5,mg/L,Klebsiella pneumoniae
cefuroxime,Susceptible,Laboratory Method,573.12908,Klebsiella pneumoniae 74,Broth dilution,CLSI,573,8,mg/L,Klebsiella pneumoniae
ampicillin,Resistant,Laboratory Method,573.12908,Klebsiella pneumoniae 74,Broth dilution,CLSI,573,>16,mg/L,Klebsiella pneumoniae
ceftazidime,Susceptible,Laboratory Method,573.12908,Klebsiella pneumoniae 74,Broth dilution,CLSI,573,<=0.5,mg/L,Klebsiella pneumoniae
trimethoprim/sulfamethoxazole,Susceptible,Laboratory Method,573.12908,Klebsiella pneumoniae 74,Broth dilution,CLSI,573,<=0.5/9.5,mg/L,Klebsiella pneumoniae
cefazolin,Susceptible,Laboratory Method,573.12908,Klebsiella pneumoniae 74,Broth dilution,CLSI,573,2,mg/L,Klebsiella pneumoniae
cefoxitin,Susceptible,Laboratory Method,573.12908,Klebsiella pneumoniae 74,Broth dilution,CLSI,573,8,mg/L,Klebsiella pneumoniae
aztreonam,Susceptible,Laboratory Method,573.12908,Klebsiella pneumoniae 74,Broth dilution,CLSI,573,<=1,mg/L,Klebsiella pneumoniae
amikacin,Susceptible,Laboratory Method,573.12908,Klebsiella pneumoniae 74,Broth dilution,CLSI,573,<=4,mg/L,Klebsiella pneumoniae
imipenem,Susceptible,Laboratory Method,573.12908,Klebsiella pneumoniae 74,Broth dilution,CLSI,573,0.5,mg/L,Klebsiella pneumoniae
levofloxacin,Susceptible,Laboratory Method,573.12908,Klebsiella pneumoniae 74,Broth dilution,CLSI,573,<=1,mg/L,Klebsiella pneumoniae
tetracycline,Susceptible,Laboratory Method,573.12908,Klebsiella pneumoniae 74,Broth dilution,CLSI,573,2,mg/L,Klebsiella pneumoniae
gentamicin,Susceptible,Laboratory Method,573.12908,Klebsiella pneumoniae 74,Broth dilution,CLSI,573,1,mg/L,Klebsiella pneumoniae
piperacillin/tazobactam,Susceptible,Laboratory Method,573.12908,Klebsiella pneumoniae 74,Broth dilution,CLSI,573,8/4,mg/L,Klebsiella pneumoniae
cefepime,Susceptible,Laboratory Method,573.12908,Klebsiella pneumoniae 74,Broth dilution,CLSI,573,<=0.5,mg/L,Klebsiella pneumoniae
nitrofurantoin,Susceptible,Laboratory Method,573.12908,Klebsiella pneumoniae 74,Broth dilution,CLSI,573,32,mg/L,Klebsiella pneumoniae
ciprofloxacin,Susceptible,Laboratory Method,573.12908,Klebsiella pneumoniae 74,Broth dilution,CLSI,573,<=0.5,mg/L,Klebsiella pneumoniae
meropenem,Susceptible,Laboratory Method,573.12908,Klebsiella pneumoniae 74,Broth dilution,CLSI,573,<=0.125,mg/L,Klebsiella pneumoniae
ceftriaxone,Susceptible,Laboratory Method,573.12917,Klebsiella pneumoniae 112,Broth dilution,CLSI,573,<=0.5,mg/L,Klebsiella pneumoniae
trimethoprim/sulfamethoxazole,Susceptible,Laboratory Method,573.12917,Klebsiella pneumoniae 112,Broth dilution,CLSI,573,<=0.5/9.5,mg/L,Klebsiella pneumoniae
cefepime,Susceptible,Laboratory Method,573.12917,Klebsiella pneumoniae 112,Broth dilution,CLSI,573,<=0.5,mg/L,Klebsiella pneumoniae
nitrofurantoin,Resistant,Laboratory Method,573.12917,Klebsiella pneumoniae 112,Broth dilution,CLSI,573,>64,mg/L,Klebsiella pneumoniae
levofloxacin,Susceptible,Laboratory Method,573.12917,Klebsiella pneumoniae 112,Broth dilution,CLSI,573,<=1,mg/L,Klebsiella pneumoniae
tetracycline,Susceptible,Laboratory Method,573.12917,Klebsiella pneumoniae 112,Broth dilution,CLSI,573,<=1,mg/L,Klebsiella pneumoniae
cefoxitin,Susceptible,Laboratory Method,573.12917,Klebsiella pneumoniae 112,Broth dilution,CLSI,573,<=4,mg/L,Klebsiella pneumoniae
ampicillin/sulbactam,Susceptible,Laboratory Method,573.12917,Klebsiella pneumoniae 112,Broth dilution,CLSI,573,8/4,mg/L,Klebsiella pneumoniae
amikacin,Susceptible,Laboratory Method,573.12917,Klebsiella pneumoniae 112,Broth dilution,CLSI,573,<=4,mg/L,Klebsiella pneumoniae
ciprofloxacin,Susceptible,Laboratory Method,573.12917,Klebsiella pneumoniae 112,Broth dilution,CLSI,573,<=0.5,mg/L,Klebsiella pneumoniae
aztreonam,Susceptible,Laboratory Method,573.12917,Klebsiella pneumoniae 112,Broth dilution,CLSI,573,<=1,mg/L,Klebsiella pneumoniae
piperacillin/tazobactam,Susceptible,Laboratory Method,573.12917,Klebsiella pneumoniae 112,Broth dilution,CLSI,573,4/4,mg/L,Klebsiella pneumoniae
ceftazidime,Susceptible,Laboratory Method,573.12917,Klebsiella pneumoniae 112,Broth dilution,CLSI,573,<=0.5,mg/L,Klebsiella pneumoniae
gentamicin,Susceptible,Laboratory Method,573.12917,Klebsiella pneumoniae 112,Broth dilution,CLSI,573,1,mg/L,Klebsiella pneumoniae
tobramycin,Susceptible,Laboratory Method,573.12917,Klebsiella pneumoniae 112,Broth dilution,CLSI,573,1,mg/L,Klebsiella pneumoniae
imipenem,Susceptible,Laboratory Method,573.12917,Klebsiella pneumoniae 112,Broth dilution,CLSI,573,0.5,mg/L,Klebsiella pneumoniae
meropenem,Susceptible,Laboratory Method,573.12917,Klebsiella pneumoniae 112,Broth dilution,CLSI,573,<=0.125,mg/L,Klebsiella pneumoniae
ampicillin,Resistant,Laboratory Method,573.12917,Klebsiella pneumoniae 112,Broth dilution,CLSI,573,>16,mg/L,Klebsiella pneumoniae
cefazolin,Susceptible,Laboratory Method,573.12917,Klebsiella pneumoniae 112,Broth dilution,CLSI,573,2,mg/L,Klebsiella pneumoniae
cefuroxime,Susceptible,Laboratory Method,573.12917,Klebsiella pneumoniae 112,Broth dilution,CLSI,573,<=4,mg/L,Klebsiella pneumoniae
tobramycin,Susceptible,Laboratory Method,573.12925,Klebsiella pneumoniae 93,Broth dilution,CLSI,573,1,mg/L,Klebsiella pneumoniae
cefuroxime,Susceptible,Laboratory Method,573.12925,Klebsiella pneumoniae 93,Broth dilution,CLSI,573,<=4,mg/L,Klebsiella pneumoniae
aztreonam,Susceptible,Laboratory Method,573.12925,Klebsiella pneumoniae 93,Broth dilution,CLSI,573,<=1,mg/L,Klebsiella pneumoniae
nitrofurantoin,Susceptible,Laboratory Method,573.12925,Klebsiella pneumoniae 93,Broth dilution,CLSI,573,32,mg/L,Klebsiella pneumoniae
ampicillin/sulbactam,Susceptible,Laboratory Method,573.12925,Klebsiella pneumoniae 93,Broth dilution,CLSI,573,4/2,mg/L,Klebsiella pneumoniae
cefoxitin,Susceptible,Laboratory Method,573.12925,Klebsiella pneumoniae 93,Broth dilution,CLSI,573,<=4,mg/L,Klebsiella pneumoniae
ceftazidime,Susceptible,Laboratory Method,573.12925,Klebsiella pneumoniae 93,Broth dilution,CLSI,573,<=0.5,mg/L,Klebsiella pneumoniae
ampicillin,Susceptible,Laboratory Method,573.12925,Klebsiella pneumoniae 93,Broth dilution,CLSI,573,8,mg/L,Klebsiella pneumoniae
piperacillin/tazobactam,Susceptible,Laboratory Method,573.12925,Klebsiella pneumoniae 93,Broth dilution,CLSI,573,<=2/4,mg/L,Klebsiella pneumoniae
levofloxacin,Susceptible,Laboratory Method,573.12925,Klebsiella pneumoniae 93,Broth dilution,CLSI,573,<=1,mg/L,Klebsiella pneumoniae
cefepime,Susceptible,Laboratory Method,573.12925,Klebsiella pneumoniae 93,Broth dilution,CLSI,573,<=0.5,mg/L,Klebsiella pneumoniae
meropenem,Susceptible,Laboratory Method,573.12925,Klebsiella pneumoniae 93,Broth dilution,CLSI,573,<=0.125,mg/L,Klebsiella pneumoniae
gentamicin,Susceptible,Laboratory Method,573.12925,Klebsiella pneumoniae 93,Broth dilution,CLSI,573,1,mg/L,Klebsiella pneumoniae
amikacin,Susceptible,Laboratory Method,573.12925,Klebsiella pneumoniae 93,Broth dilution,CLSI,573,<=4,mg/L,Klebsiella pneumoniae
ciprofloxacin,Susceptible,Laboratory Method,573.12925,Klebsiella pneumoniae 93,Broth dilution,CLSI,573,<=0.5,mg/L,Klebsiella pneumoniae
trimethoprim/sulfamethoxazole,Susceptible,Laboratory Method,573.12925,Klebsiella pneumoniae 93,Broth dilution,CLSI,573,<=0.5/9.5,mg/L,Klebsiella pneumoniae
imipenem,Susceptible,Laboratory Method,573.12925,Klebsiella pneumoniae 93,Broth dilution,CLSI,573,0.5,mg/L,Klebsiella pneumoniae
cefazolin,Susceptible,Laboratory Method,573.12925,Klebsiella pneumoniae 93,Broth dilution,CLSI,573,<=1,mg/L,Klebsiella pneumoniae
tetracycline,Susceptible,Laboratory Method,573.12925,Klebsiella pneumoniae 93,Broth dilution,CLSI,573,<=1,mg/L,Klebsiella pneumoniae
ceftriaxone,Susceptible,Laboratory Method,573.12925,Klebsiella pneumoniae 93,Broth dilution,CLSI,573,<=0.5,mg/L,Klebsiella pneumoniae
tobramycin,Susceptible,Laboratory Method,573.12935,Klebsiella pneumoniae 104,Broth dilution,CLSI,573,1,mg/L,Klebsiella pneumoniae
levofloxacin,Susceptible,Laboratory Method,573.12935,Klebsiella pneumoniae 104,Broth dilution,CLSI,573,<=1,mg/L,Klebsiella pneumoniae
cefuroxime,Susceptible,Laboratory Method,573.12935,Klebsiella pneumoniae 104,Broth dilution,CLSI,573,<=4,mg/L,Klebsiella pneumoniae
cefepime,Susceptible,Laboratory Method,573.12935,Klebsiella pneumoniae 104,Broth dilution,CLSI,573,<=0.5,mg/L,Klebsiella pneumoniae
ceftazidime,Susceptible,Laboratory Method,573.12935,Klebsiella pneumoniae 104,Broth dilution,CLSI,573,<=0.5,mg/L,Klebsiella pneumoniae
cefazolin,Susceptible,Laboratory Method,573.12935,Klebsiella pneumoniae 104,Broth dilution,CLSI,573,<=1,mg/L,Klebsiella pneumoniae
ciprofloxacin,Susceptible,Laboratory Method,573.12935,Klebsiella pneumoniae 104,Broth dilution,CLSI,573,<=0.5,mg/L,Klebsiella pneumoniae
amikacin,Susceptible,Laboratory Method,573.12935,Klebsiella pneumoniae 104,Broth dilution,CLSI,573,<=4,mg/L,Klebsiella pneumoniae
imipenem,Susceptible,Laboratory Method,573.12935,Klebsiella pneumoniae 104,Broth dilution,CLSI,573,<=0.25,mg/L,Klebsiella pneumoniae
ampicillin/sulbactam,Susceptible,Laboratory Method,573.12935,Klebsiella pneumoniae 104,Broth dilution,CLSI,573,8/4,mg/L,Klebsiella pneumoniae
meropenem,Susceptible,Laboratory Method,573.12935,Klebsiella pneumoniae 104,Broth dilution,CLSI,573,<=0.125,mg/L,Klebsiella pneumoniae
cefoxitin,Susceptible,Laboratory Method,573.12935,Klebsiella pneumoniae 104,Broth dilution,CLSI,573,<=4,mg/L,Klebsiella pneumoniae
trimethoprim/sulfamethoxazole,Susceptible,Laboratory Method,573.12935,Klebsiella pneumoniae 104,Broth dilution,CLSI,573,<=0.5/9.5,mg/L,Klebsiella pneumoniae
ceftriaxone,Susceptible,Laboratory Method,573.12935,Klebsiella pneumoniae 104,Broth dilution,CLSI,573,<=0.5,mg/L,Klebsiella pneumoniae
tetracycline,Susceptible,Laboratory Method,573.12935,Klebsiella pneumoniae 104,Broth dilution,CLSI,573,<=1,mg/L,Klebsiella pneumoniae
aztreonam,Susceptible,Laboratory Method,573.12935,Klebsiella pneumoniae 104,Broth dilution,CLSI,573,<=1,mg/L,Klebsiella pneumoniae
ampicillin,Resistant,Laboratory Method,573.12935,Klebsiella pneumoniae 104,Broth dilution,CLSI,573,>16,mg/L,Klebsiella pneumoniae
gentamicin,Susceptible,Laboratory Method,573.12935,Klebsiella pneumoniae 104,Broth dilution,CLSI,573,1,mg/L,Klebsiella pneumoniae
piperacillin/tazobactam,Susceptible,Laboratory Method,573.12935,Klebsiella pneumoniae 104,Broth dilution,CLSI,573,4/4,mg/L,Klebsiella pneumoniae
nitrofurantoin,Susceptible,Laboratory Method,573.12935,Klebsiella pneumoniae 104,Broth dilution,CLSI,573,32,mg/L,Klebsiella pneumoniae
ciprofloxacin,Susceptible,Laboratory Method,573.12951,Klebsiella pneumoniae 97,Broth dilution,CLSI,573,<=0.5,mg/L,Klebsiella pneumoniae
tobramycin,Susceptible,Laboratory Method,573.12951,Klebsiella pneumoniae 97,Broth dilution,CLSI,573,1,mg/L,Klebsiella pneumoniae
cefuroxime,Susceptible,Laboratory Method,573.12951,Klebsiella pneumoniae 97,Broth dilution,CLSI,573,<=4,mg/L,Klebsiella pneumoniae
nitrofurantoin,Susceptible,Laboratory Method,573.12951,Klebsiella pneumoniae 97,Broth dilution,CLSI,573,32,mg/L,Klebsiella pneumoniae
cefepime,Susceptible,Laboratory Method,573.12951,Klebsiella pneumoniae 97,Broth dilution,CLSI,573,<=0.5,mg/L,Klebsiella pneumoniae
aztreonam,Susceptible,Laboratory Method,573.12951,Klebsiella pneumoniae 97,Broth dilution,CLSI,573,<=1,mg/L,Klebsiella pneumoniae
trimethoprim/sulfamethoxazole,Susceptible,Laboratory Method,573.12951,Klebsiella pneumoniae 97,Broth dilution,CLSI,573,<=0.5/9.5,mg/L,Klebsiella pneumoniae
levofloxacin,Susceptible,Laboratory Method,573.12951,Klebsiella pneumoniae 97,Broth dilution,CLSI,573,<=1,mg/L,Klebsiella pneumoniae
cefoxitin,Susceptible,Laboratory Method,573.12951,Klebsiella pneumoniae 97,Broth dilution,CLSI,573,<=4,mg/L,Klebsiella pneumoniae
ampicillin/sulbactam,Susceptible,Laboratory Method,573.12951,Klebsiella pneumoniae 97,Broth dilution,CLSI,573,8/4,mg/L,Klebsiella pneumoniae
piperacillin/tazobactam,Susceptible,Laboratory Method,573.12951,Klebsiella pneumoniae 97,Broth dilution,CLSI,573,4/4,mg/L,Klebsiella pneumoniae
amikacin,Susceptible,Laboratory Method,573.12951,Klebsiella pneumoniae 97,Broth dilution,CLSI,573,<=4,mg/L,Klebsiella pneumoniae
imipenem,Susceptible,Laboratory Method,573.12951,Klebsiella pneumoniae 97,Broth dilution,CLSI,573,<=0.25,mg/L,Klebsiella pneumoniae
ampicillin,Resistant,Laboratory Method,573.12951,Klebsiella pneumoniae 97,Broth dilution,CLSI,573,>16,mg/L,Klebsiella pneumoniae
ceftriaxone,Susceptible,Laboratory Method,573.12951,Klebsiella pneumoniae 97,Broth dilution,CLSI,573,<=0.5,mg/L,Klebsiella pneumoniae
gentamicin,Susceptible,Laboratory Method,573.12951,Klebsiella pneumoniae 97,Broth dilution,CLSI,573,1,mg/L,Klebsiella pneumoniae
meropenem,Susceptible,Laboratory Method,573.12951,Klebsiella pneumoniae 97,Broth dilution,CLSI,573,<=0.125,mg/L,Klebsiella pneumoniae
ceftazidime,Susceptible,Laboratory Method,573.12951,Klebsiella pneumoniae 97,Broth dilution,CLSI,573,<=0.5,mg/L,Klebsiella pneumoniae
cefazolin,Susceptible,Laboratory Method,573.12951,Klebsiella pneumoniae 97,Broth dilution,CLSI,573,<=1,mg/L,Klebsiella pneumoniae
tetracycline,Susceptible,Laboratory Method,573.12951,Klebsiella pneumoniae 97,Broth dilution,CLSI,573,<=1,mg/L,Klebsiella pneumoniae
imipenem,Susceptible,Laboratory Method,573.12960,Klebsiella pneumoniae 123,Broth dilution,CLSI,573,0.5,mg/L,Klebsiella pneumoniae
ampicillin,Susceptible,Laboratory Method,573.12960,Klebsiella pneumoniae 123,Broth dilution,CLSI,573,<=2,mg/L,Klebsiella pneumoniae
aztreonam,Susceptible,Laboratory Method,573.12960,Klebsiella pneumoniae 123,Broth dilution,CLSI,573,<=1,mg/L,Klebsiella pneumoniae
nitrofurantoin,Resistant,Laboratory Method,573.12960,Klebsiella pneumoniae 123,Broth dilution,CLSI,573,>64,mg/L,Klebsiella pneumoniae
gentamicin,Susceptible,Laboratory Method,573.12960,Klebsiella pneumoniae 123,Broth dilution,CLSI,573,1,mg/L,Klebsiella pneumoniae
ceftazidime,Susceptible,Laboratory Method,573.12960,Klebsiella pneumoniae 123,Broth dilution,CLSI,573,<=0.5,mg/L,Klebsiella pneumoniae
tetracycline,Susceptible,Laboratory Method,573.12960,Klebsiella pneumoniae 123,Broth dilution,CLSI,573,<=1,mg/L,Klebsiella pneumoniae
cefuroxime,Susceptible,Laboratory Method,573.12960,Klebsiella pneumoniae 123,Broth dilution,CLSI,573,<=4,mg/L,Klebsiella pneumoniae
cefepime,Susceptible,Laboratory Method,573.12960,Klebsiella pneumoniae 123,Broth dilution,CLSI,573,<=0.5,mg/L,Klebsiella pneumoniae
ciprofloxacin,Susceptible,Laboratory Method,573.12960,Klebsiella pneumoniae 123,Broth dilution,CLSI,573,<=0.5,mg/L,Klebsiella pneumoniae
meropenem,Susceptible,Laboratory Method,573.12960,Klebsiella pneumoniae 123,Broth dilution,CLSI,573,<=0.125,mg/L,Klebsiella pneumoniae
trimethoprim/sulfamethoxazole,Susceptible,Laboratory Method,573.12960,Klebsiella pneumoniae 123,Broth dilution,CLSI,573,<=0.5/9.5,mg/L,Klebsiella pneumoniae
ampicillin/sulbactam,Susceptible,Laboratory Method,573.12960,Klebsiella pneumoniae 123,Broth dilution,CLSI,573,2/1,mg/L,Klebsiella pneumoniae
amikacin,Susceptible,Laboratory Method,573.12960,Klebsiella pneumoniae 123,Broth dilution,CLSI,573,<=4,mg/L,Klebsiella pneumoniae
cefoxitin,Susceptible,Laboratory Method,573.12960,Klebsiella pneumoniae 123,Broth dilution,CLSI,573,<=4,mg/L,Klebsiella pneumoniae
ceftriaxone,Susceptible,Laboratory Method,573.12960,Klebsiella pneumoniae 123,Broth dilution,CLSI,573,<=0.5,mg/L,Klebsiella pneumoniae
cefazolin,Susceptible,Laboratory Method,573.12960,Klebsiella pneumoniae 123,Broth dilution,CLSI,573,<=1,mg/L,Klebsiella pneumoniae
piperacillin/tazobactam,Susceptible,Laboratory Method,573.12960,Klebsiella pneumoniae 123,Broth dilution,CLSI,573,<=2/4,mg/L,Klebsiella pneumoniae
tobramycin,Susceptible,Laboratory Method,573.12960,Klebsiella pneumoniae 123,Broth dilution,CLSI,573,2,mg/L,Klebsiella pneumoniae
levofloxacin,Susceptible,Laboratory Method,573.12960,Klebsiella pneumoniae 123,Broth dilution,CLSI,573,<=1,mg/L,Klebsiella pneumoniae
cefoxitin,Resistant,Laboratory Method,573.12962,Klebsiella pneumoniae 28,Broth dilution,CLSI,573,>16,mg/L,Klebsiella pneumoniae
cefepime,Susceptible,Laboratory Method,573.12962,Klebsiella pneumoniae 28,Broth dilution,CLSI,573,<=0.5,mg/L,Klebsiella pneumoniae
ampicillin,Resistant,Laboratory Method,573.12962,Klebsiella pneumoniae 28,Broth dilution,CLSI,573,>16,mg/L,Klebsiella pneumoniae
tetracycline,Susceptible,Laboratory Method,573.12962,Klebsiella pneumoniae 28,Broth dilution,CLSI,573,<=1,mg/L,Klebsiella pneumoniae
ceftriaxone,Susceptible,Laboratory Method,573.12962,Klebsiella pneumoniae 28,Broth dilution,CLSI,573,<=0.5,mg/L,Klebsiella pneumoniae
imipenem,Susceptible,Laboratory Method,573.12962,Klebsiella pneumoniae 28,Broth dilution,CLSI,573,<=0.25,mg/L,Klebsiella pneumoniae
cefuroxime,Susceptible,Laboratory Method,573.12962,Klebsiella pneumoniae 28,Broth dilution,CLSI,573,<=4,mg/L,Klebsiella pneumoniae
nitrofurantoin,Susceptible,Laboratory Method,573.12962,Klebsiella pneumoniae 28,Broth dilution,CLSI,573,<=16,mg/L,Klebsiella pneumoniae
meropenem,Susceptible,Laboratory Method,573.12962,Klebsiella pneumoniae 28,Broth dilution,CLSI,573,<=0.125,mg/L,Klebsiella pneumoniae
ceftazidime,Susceptible,Laboratory Method,573.12962,Klebsiella pneumoniae 28,Broth dilution,CLSI,573,<=0.5,mg/L,Klebsiella pneumoniae
ampicillin/sulbactam,Susceptible,Laboratory Method,573.12962,Klebsiella pneumoniae 28,Broth dilution,CLSI,573,8/4,mg/L,Klebsiella pneumoniae
ciprofloxacin,Susceptible,Laboratory Method,573.12962,Klebsiella pneumoniae 28,Broth dilution,CLSI,573,<=0.5,mg/L,Klebsiella pneumoniae
levofloxacin,Susceptible,Laboratory Method,573.12962,Klebsiella pneumoniae 28,Broth dilution,CLSI,573,<=1,mg/L,Klebsiella pneumoniae
trimethoprim/sulfamethoxazole,Susceptible,Laboratory Method,573.12962,Klebsiella pneumoniae 28,Broth dilution,CLSI,573,<=0.5/9.5,mg/L,Klebsiella pneumoniae
gentamicin,Susceptible,Laboratory Method,573.12962,Klebsiella pneumoniae 28,Broth dilution,CLSI,573,1,mg/L,Klebsiella pneumoniae
tobramycin,Susceptible,Laboratory Method,573.12962,Klebsiella pneumoniae 28,Broth dilution,CLSI,573,1,mg/L,Klebsiella pneumoniae
aztreonam,Susceptible,Laboratory Method,573.12962,Klebsiella pneumoniae 28,Broth dilution,CLSI,573,<=1,mg/L,Klebsiella pneumoniae
amikacin,Susceptible,Laboratory Method,573.12962,Klebsiella pneumoniae 28,Broth dilution,CLSI,573,<=4,mg/L,Klebsiella pneumoniae
piperacillin/tazobactam,Susceptible,Laboratory Method,573.12962,Klebsiella pneumoniae 28,Broth dilution,CLSI,573,4/4,mg/L,Klebsiella pneumoniae
cefazolin,Resistant,Laboratory Method,573.12962,Klebsiella pneumoniae 28,Broth dilution,CLSI,573,>32,mg/L,Klebsiella pneumoniae
tetracycline,Susceptible,Laboratory Method,573.12963,Klebsiella pneumoniae 31,Broth dilution,CLSI,573,2,mg/L,Klebsiella pneumoniae
imipenem,Susceptible,Laboratory Method,573.12963,Klebsiella pneumoniae 31,Broth dilution,CLSI,573,<=0.25,mg/L,Klebsiella pneumoniae
cefepime,Susceptible,Laboratory Method,573.12963,Klebsiella pneumoniae 31,Broth dilution,CLSI,573,<=0.5,mg/L,Klebsiella pneumoniae
ampicillin,Resistant,Laboratory Method,573.12963,Klebsiella pneumoniae 31,Broth dilution,CLSI,573,>16,mg/L,Klebsiella pneumoniae
nitrofurantoin,Susceptible,Laboratory Method,573.12963,Klebsiella pneumoniae 31,Broth dilution,CLSI,573,32,mg/L,Klebsiella pneumoniae
ceftazidime,Resistant,Laboratory Method,573.12963,Klebsiella pneumoniae 31,Broth dilution,CLSI,573,16,mg/L,Klebsiella pneumoniae
ceftriaxone,Susceptible,Laboratory Method,573.12963,Klebsiella pneumoniae 31,Broth dilution,CLSI,573,<=0.5,mg/L,Klebsiella pneumoniae
tobramycin,Susceptible,Laboratory Method,573.12963,Klebsiella pneumoniae 31,Broth dilution,CLSI,573,1,mg/L,Klebsiella pneumoniae
amikacin,Susceptible,Laboratory Method,573.12963,Klebsiella pneumoniae 31,Broth dilution,CLSI,573,<=4,mg/L,Klebsiella pneumoniae
cefoxitin,Susceptible,Laboratory Method,573.12963,Klebsiella pneumoniae 31,Broth dilution,CLSI,573,<=4,mg/L,Klebsiella pneumoniae
gentamicin,Susceptible,Laboratory Method,573.12963,Klebsiella pneumoniae 31,Broth dilution,CLSI,573,1,mg/L,Klebsiella pneumoniae
piperacillin/tazobactam,Susceptible,Laboratory Method,573.12963,Klebsiella pneumoniae 31,Broth dilution,CLSI,573,4/4,mg/L,Klebsiella pneumoniae
ampicillin/sulbactam,Susceptible,Laboratory Method,573.12963,Klebsiella pneumoniae 31,Broth dilution,CLSI,573,8/4,mg/L,Klebsiella pneumoniae
ciprofloxacin,Susceptible,Laboratory Method,573.12963,Klebsiella pneumoniae 31,Broth dilution,CLSI,573,<=0.5,mg/L,Klebsiella pneumoniae
cefuroxime,Susceptible,Laboratory Method,573.12963,Klebsiella pneumoniae 31,Broth dilution,CLSI,573,<=4,mg/L,Klebsiella pneumoniae
meropenem,Susceptible,Laboratory Method,573.12963,Klebsiella pneumoniae 31,Broth dilution,CLSI,573,0.023,mg/L,Klebsiella pneumoniae
trimethoprim/sulfamethoxazole,Susceptible,Laboratory Method,573.12963,Klebsiella pneumoniae 31,Broth dilution,CLSI,573,<=0.5/9.5,mg/L,Klebsiella pneumoniae
levofloxacin,Susceptible,Laboratory Method,573.12963,Klebsiella pneumoniae 31,Broth dilution,CLSI,573,<=1,mg/L,Klebsiella pneumoniae
aztreonam,Susceptible,Laboratory Method,573.12963,Klebsiella pneumoniae 31,Broth dilution,CLSI,573,<=1,mg/L,Klebsiella pneumoniae
cefazolin,Susceptible,Laboratory Method,573.12963,Klebsiella pneumoniae 31,Broth dilution,CLSI,573,2,mg/L,Klebsiella pneumoniae
gentamicin,Susceptible,Laboratory Method,573.12967,Klebsiella pneumoniae 18,Broth dilution,CLSI,573,1,mg/L,Klebsiella pneumoniae
ampicillin,Resistant,Laboratory Method,573.12967,Klebsiella pneumoniae 18,Broth dilution,CLSI,573,>16,mg/L,Klebsiella pneumoniae
tobramycin,Susceptible,Laboratory Method,573.12967,Klebsiella pneumoniae 18,Broth dilution,CLSI,573,1,mg/L,Klebsiella pneumoniae
nitrofurantoin,Resistant,Laboratory Method,573.12967,Klebsiella pneumoniae 18,Broth dilution,CLSI,573,>64,mg/L,Klebsiella pneumoniae
cefuroxime,Susceptible,Laboratory Method,573.12967,Klebsiella pneumoniae 18,Broth dilution,CLSI,573,<=4,mg/L,Klebsiella pneumoniae
aztreonam,Susceptible,Laboratory Method,573.12967,Klebsiella pneumoniae 18,Broth dilution,CLSI,573,<=1,mg/L,Klebsiella pneumoniae
piperacillin/tazobactam,Susceptible,Laboratory Method,573.12967,Klebsiella pneumoniae 18,Broth dilution,CLSI,573,4/4,mg/L,Klebsiella pneumoniae
trimethoprim/sulfamethoxazole,Susceptible,Laboratory Method,573.12967,Klebsiella pneumoniae 18,Broth dilution,CLSI,573,<=0.5/9.5,mg/L,Klebsiella pneumoniae
ceftazidime,Susceptible,Laboratory Method,573.12967,Klebsiella pneumoniae 18,Broth dilution,CLSI,573,<=0.5,mg/L,Klebsiella pneumoniae
cefazolin,Susceptible,Laboratory Method,573.12967,Klebsiella pneumoniae 18,Broth dilution,CLSI,573,2,mg/L,Klebsiella pneumoniae
tetracycline,Susceptible,Laboratory Method,573.12967,Klebsiella pneumoniae 18,Broth dilution,CLSI,573,2,mg/L,Klebsiella pneumoniae
amikacin,Susceptible,Laboratory Method,573.12967,Klebsiella pneumoniae 18,Broth dilution,CLSI,573,<=4,mg/L,Klebsiella pneumoniae
ceftriaxone,Susceptible,Laboratory Method,573.12967,Klebsiella pneumoniae 18,Broth dilution,CLSI,573,<=0.5,mg/L,Klebsiella pneumoniae
meropenem,Susceptible,Laboratory Method,573.12967,Klebsiella pneumoniae 18,Broth dilution,CLSI,573,<=0.125,mg/L,Klebsiella pneumoniae
levofloxacin,Susceptible,Laboratory Method,573.12967,Klebsiella pneumoniae 18,Broth dilution,CLSI,573,<=1,mg/L,Klebsiella pneumoniae
cefoxitin,Susceptible,Laboratory Method,573.12967,Klebsiella pneumoniae 18,Broth dilution,CLSI,573,<=4,mg/L,Klebsiella pneumoniae
cefepime,Susceptible,Laboratory Method,573.12967,Klebsiella pneumoniae 18,Broth dilution,CLSI,573,<=0.5,mg/L,Klebsiella pneumoniae
imipenem,Susceptible,Laboratory Method,573.12967,Klebsiella pneumoniae 18,Broth dilution,CLSI,573,0.5,mg/L,Klebsiella pneumoniae
ampicillin/sulbactam,Susceptible,Laboratory Method,573.12967,Klebsiella pneumoniae 18,Broth dilution,CLSI,573,8/4,mg/L,Klebsiella pneumoniae
ciprofloxacin,Susceptible,Laboratory Method,573.12967,Klebsiella pneumoniae 18,Broth dilution,CLSI,573,<=0.5,mg/L,Klebsiella pneumoniae
gentamicin,Susceptible,Laboratory Method,573.12989,Klebsiella pneumoniae 46,Broth dilution,CLSI,573,1,mg/L,Klebsiella pneumoniae
piperacillin/tazobactam,Susceptible,Laboratory Method,573.12989,Klebsiella pneumoniae 46,Broth dilution,CLSI,573,8/4,mg/L,Klebsiella pneumoniae
ciprofloxacin,Susceptible,Laboratory Method,573.12989,Klebsiella pneumoniae 46,Broth dilution,CLSI,573,<=0.5,mg/L,Klebsiella pneumoniae
cefoxitin,Susceptible,Laboratory Method,573.12989,Klebsiella pneumoniae 46,Broth dilution,CLSI,573,<=4,mg/L,Klebsiella pneumoniae
nitrofurantoin,Resistant,Laboratory Method,573.12989,Klebsiella pneumoniae 46,Broth dilution,CLSI,573,>64,mg/L,Klebsiella pneumoniae
ampicillin,Resistant,Laboratory Method,573.12989,Klebsiella pneumoniae 46,Broth dilution,CLSI,573,>16,mg/L,Klebsiella pneumoniae
levofloxacin,Susceptible,Laboratory Method,573.12989,Klebsiella pneumoniae 46,Broth dilution,CLSI,573,<=1,mg/L,Klebsiella pneumoniae
cefuroxime,Susceptible,Laboratory Method,573.12989,Klebsiella pneumoniae 46,Broth dilution,CLSI,573,<=4,mg/L,Klebsiella pneumoniae
cefepime,Susceptible,Laboratory Method,573.12989,Klebsiella pneumoniae 46,Broth dilution,CLSI,573,<=0.5,mg/L,Klebsiella pneumoniae
ampicillin/sulbactam,Susceptible,Laboratory Method,573.12989,Klebsiella pneumoniae 46,Broth dilution,CLSI,573,8/4,mg/L,Klebsiella pneumoniae
cefazolin,Susceptible,Laboratory Method,573.12989,Klebsiella pneumoniae 46,Broth dilution,CLSI,573,2,mg/L,Klebsiella pneumoniae
amikacin,Susceptible,Laboratory Method,573.12989,Klebsiella pneumoniae 46,Broth dilution,CLSI,573,<=4,mg/L,Klebsiella pneumoniae
imipenem,Susceptible,Laboratory Method,573.12989,Klebsiella pneumoniae 46,Broth dilution,CLSI,573,<=0.25,mg/L,Klebsiella pneumoniae
tobramycin,Susceptible,Laboratory Method,573.12989,Klebsiella pneumoniae 46,Broth dilution,CLSI,573,1,mg/L,Klebsiella pneumoniae
tetracycline,Susceptible,Laboratory Method,573.12989,Klebsiella pneumoniae 46,Broth dilution,CLSI,573,<=1,mg/L,Klebsiella pneumoniae
ceftriaxone,Susceptible,Laboratory Method,573.12989,Klebsiella pneumoniae 46,Broth dilution,CLSI,573,<=0.5,mg/L,Klebsiella pneumoniae
meropenem,Susceptible,Laboratory Method,573.12989,Klebsiella pneumoniae 46,Broth dilution,CLSI,573,<=0.125,mg/L,Klebsiella pneumoniae
aztreonam,Susceptible,Laboratory Method,573.12989,Klebsiella pneumoniae 46,Broth dilution,CLSI,573,<=1,mg/L,Klebsiella pneumoniae
trimethoprim/sulfamethoxazole,Susceptible,Laboratory Method,573.12989,Klebsiella pneumoniae 46,Broth dilution,CLSI,573,<=0.5/9.5,mg/L,Klebsiella pneumoniae
ceftazidime,Susceptible,Laboratory Method,573.12989,Klebsiella pneumoniae 46,Broth dilution,CLSI,573,<=0.5,mg/L,Klebsiella pneumoniae
amikacin,Susceptible,Laboratory Method,573.12997,Klebsiella pneumoniae 99,Broth dilution,CLSI,573,<=4,mg/L,Klebsiella pneumoniae
cefepime,Susceptible,Laboratory Method,573.12997,Klebsiella pneumoniae 99,Broth dilution,CLSI,573,<=0.5,mg/L,Klebsiella pneumoniae
levofloxacin,Susceptible,Laboratory Method,573.12997,Klebsiella pneumoniae 99,Broth dilution,CLSI,573,<=1,mg/L,Klebsiella pneumoniae
cefoxitin,Susceptible,Laboratory Method,573.12997,Klebsiella pneumoniae 99,Broth dilution,CLSI,573,<=4,mg/L,Klebsiella pneumoniae
tobramycin,Susceptible,Laboratory Method,573.12997,Klebsiella pneumoniae 99,Broth dilution,CLSI,573,1,mg/L,Klebsiella pneumoniae
piperacillin/tazobactam,Susceptible,Laboratory Method,573.12997,Klebsiella pneumoniae 99,Broth dilution,CLSI,573,8/4,mg/L,Klebsiella pneumoniae
aztreonam,Susceptible,Laboratory Method,573.12997,Klebsiella pneumoniae 99,Broth dilution,CLSI,573,<=1,mg/L,Klebsiella pneumoniae
imipenem,Susceptible,Laboratory Method,573.12997,Klebsiella pneumoniae 99,Broth dilution,CLSI,573,0.5,mg/L,Klebsiella pneumoniae
ampicillin/sulbactam,Susceptible,Laboratory Method,573.12997,Klebsiella pneumoniae 99,Broth dilution,CLSI,573,8/4,mg/L,Klebsiella pneumoniae
cefazolin,Susceptible,Laboratory Method,573.12997,Klebsiella pneumoniae 99,Broth dilution,CLSI,573,2,mg/L,Klebsiella pneumoniae
ceftazidime,Susceptible,Laboratory Method,573.12997,Klebsiella pneumoniae 99,Broth dilution,CLSI,573,<=0.5,mg/L,Klebsiella pneumoniae
cefuroxime,Susceptible,Laboratory Method,573.12997,Klebsiella pneumoniae 99,Broth dilution,CLSI,573,<=4,mg/L,Klebsiella pneumoniae
tetracycline,Susceptible,Laboratory Method,573.12997,Klebsiella pneumoniae 99,Broth dilution,CLSI,573,2,mg/L,Klebsiella pneumoniae
trimethoprim/sulfamethoxazole,Susceptible,Laboratory Method,573.12997,Klebsiella pneumoniae 99,Broth dilution,CLSI,573,<=0.5/9.5,mg/L,Klebsiella pneumoniae
ceftriaxone,Susceptible,Laboratory Method,573.12997,Klebsiella pneumoniae 99,Broth dilution,CLSI,573,<=0.5,mg/L,Klebsiella pneumoniae
ampicillin,Resistant,Laboratory Method,573.12997,Klebsiella pneumoniae 99,Broth dilution,CLSI,573,>16,mg/L,Klebsiella pneumoniae
nitrofurantoin,Susceptible,Laboratory Method,573.12997,Klebsiella pneumoniae 99,Broth dilution,CLSI,573,32,mg/L,Klebsiella pneumoniae
gentamicin,Susceptible,Laboratory Method,573.12997,Klebsiella pneumoniae 99,Broth dilution,CLSI,573,1,mg/L,Klebsiella pneumoniae
ciprofloxacin,Susceptible,Laboratory Method,573.12997,Klebsiella pneumoniae 99,Broth dilution,CLSI,573,<=0.5,mg/L,Klebsiella pneumoniae
meropenem,Susceptible,Laboratory Method,573.12997,Klebsiella pneumoniae 99,Broth dilution,CLSI,573,<=0.125,mg/L,Klebsiella pneumoniae
cefuroxime,Susceptible,Laboratory Method,573.13000,Klebsiella pneumoniae 33,Broth dilution,CLSI,573,<=4,mg/L,Klebsiella pneumoniae
meropenem,Susceptible,Laboratory Method,573.13000,Klebsiella pneumoniae 33,Broth dilution,CLSI,573,<=0.125,mg/L,Klebsiella pneumoniae
ceftazidime,Susceptible,Laboratory Method,573.13000,Klebsiella pneumoniae 33,Broth dilution,CLSI,573,<=0.5,mg/L,Klebsiella pneumoniae
ceftriaxone,Susceptible,Laboratory Method,573.13000,Klebsiella pneumoniae 33,Broth dilution,CLSI,573,<=0.5,mg/L,Klebsiella pneumoniae
trimethoprim/sulfamethoxazole,Resistant,Laboratory Method,573.13000,Klebsiella pneumoniae 33,Broth dilution,CLSI,573,>2/38,mg/L,Klebsiella pneumoniae
imipenem,Susceptible,Laboratory Method,573.13000,Klebsiella pneumoniae 33,Broth dilution,CLSI,573,0.5,mg/L,Klebsiella pneumoniae
tobramycin,Susceptible,Laboratory Method,573.13000,Klebsiella pneumoniae 33,Broth dilution,CLSI,573,1,mg/L,Klebsiella pneumoniae
levofloxacin,Susceptible,Laboratory Method,573.13000,Klebsiella pneumoniae 33,Broth dilution,CLSI,573,<=1,mg/L,Klebsiella pneumoniae
gentamicin,Susceptible,Laboratory Method,573.13000,Klebsiella pneumoniae 33,Broth dilution,CLSI,573,1,mg/L,Klebsiella pneumoniae
cefazolin,Susceptible,Laboratory Method,573.13000,Klebsiella pneumoniae 33,Broth dilution,CLSI,573,2,mg/L,Klebsiella pneumoniae
nitrofurantoin,Resistant,Laboratory Method,573.13000,Klebsiella pneumoniae 33,Broth dilution,CLSI,573,>64,mg/L,Klebsiella pneumoniae
amikacin,Susceptible,Laboratory Method,573.13000,Klebsiella pneumoniae 33,Broth dilution,CLSI,573,<=4,mg/L,Klebsiella pneumoniae
cefoxitin,Susceptible,Laboratory Method,573.13000,Klebsiella pneumoniae 33,Broth dilution,CLSI,573,<=4,mg/L,Klebsiella pneumoniae
ciprofloxacin,Susceptible,Laboratory Method,573.13000,Klebsiella pneumoniae 33,Broth dilution,CLSI,573,<=0.5,mg/L,Klebsiella pneumoniae
cefepime,Susceptible,Laboratory Method,573.13000,Klebsiella pneumoniae 33,Broth dilution,CLSI,573,<=0.5,mg/L,Klebsiella pneumoniae
aztreonam,Susceptible,Laboratory Method,573.13000,Klebsiella pneumoniae 33,Broth dilution,CLSI,573,<=1,mg/L,Klebsiella pneumoniae
piperacillin/tazobactam,Susceptible,Laboratory Method,573.13000,Klebsiella pneumoniae 33,Broth dilution,CLSI,573,4/4,mg/L,Klebsiella pneumoniae
ampicillin/sulbactam,Resistant,Laboratory Method,573.13000,Klebsiella pneumoniae 33,Broth dilution,CLSI,573,>16/8,mg/L,Klebsiella pneumoniae
tetracycline,Resistant,Laboratory Method,573.13000,Klebsiella pneumoniae 33,Broth dilution,CLSI,573,>8,mg/L,Klebsiella pneumoniae
ampicillin,Resistant,Laboratory Method,573.13000,Klebsiella pneumoniae 33,Broth dilution,CLSI,573,>16,mg/L,Klebsiella pneumoniae
cefepime,Susceptible,Laboratory Method,573.13009,Klebsiella pneumoniae 16,Broth dilution,CLSI,573,<=0.5,mg/L,Klebsiella pneumoniae
tobramycin,Susceptible,Laboratory Method,573.13009,Klebsiella pneumoniae 16,Broth dilution,CLSI,573,1,mg/L,Klebsiella pneumoniae
ciprofloxacin,Susceptible,Laboratory Method,573.13009,Klebsiella pneumoniae 16,Broth dilution,CLSI,573,<=0.5,mg/L,Klebsiella pneumoniae
cefuroxime,Resistant,Laboratory Method,573.13009,Klebsiella pneumoniae 16,Broth dilution,CLSI,573,>16,mg/L,Klebsiella pneumoniae
trimethoprim/sulfamethoxazole,Susceptible,Laboratory Method,573.13009,Klebsiella pneumoniae 16,Broth dilution,CLSI,573,<=0.5/9.5,mg/L,Klebsiella pneumoniae
gentamicin,Susceptible,Laboratory Method,573.13009,Klebsiella pneumoniae 16,Broth dilution,CLSI,573,<=0.5,mg/L,Klebsiella pneumoniae
cefoxitin,Resistant,Laboratory Method,573.13009,Klebsiella pneumoniae 16,Broth dilution,CLSI,573,>16,mg/L,Klebsiella pneumoniae
ampicillin/sulbactam,Susceptible,Laboratory Method,573.13009,Klebsiella pneumoniae 16,Broth dilution,CLSI,573,8/4,mg/L,Klebsiella pneumoniae
cefazolin,Susceptible,Laboratory Method,573.13009,Klebsiella pneumoniae 16,Broth dilution,CLSI,573,8,mg/L,Klebsiella pneumoniae
aztreonam,Susceptible,Laboratory Method,573.13009,Klebsiella pneumoniae 16,Broth dilution,CLSI,573,<=1,mg/L,Klebsiella pneumoniae
imipenem,Susceptible,Laboratory Method,573.13009,Klebsiella pneumoniae 16,Broth dilution,CLSI,573,<=0.25,mg/L,Klebsiella pneumoniae
tetracycline,Resistant,Laboratory Method,573.13009,Klebsiella pneumoniae 16,Broth dilution,CLSI,573,>8,mg/L,Klebsiella pneumoniae
amikacin,Susceptible,Laboratory Method,573.13009,Klebsiella pneumoniae 16,Broth dilution,CLSI,573,<=4,mg/L,Klebsiella pneumoniae
nitrofurantoin,Resistant,Laboratory Method,573.13009,Klebsiella pneumoniae 16,Broth dilution,CLSI,573,>64,mg/L,Klebsiella pneumoniae
ceftriaxone,Susceptible,Laboratory Method,573.13009,Klebsiella pneumoniae 16,Broth dilution,CLSI,573,<=0.5,mg/L,Klebsiella pneumoniae
levofloxacin,Susceptible,Laboratory Method,573.13009,Klebsiella pneumoniae 16,Broth dilution,CLSI,573,<=1,mg/L,Klebsiella pneumoniae
ampicillin,Resistant,Laboratory Method,573.13009,Klebsiella pneumoniae 16,Broth dilution,CLSI,573,>16,mg/L,Klebsiella pneumoniae
meropenem,Susceptible,Laboratory Method,573.13009,Klebsiella pneumoniae 16,Broth dilution,CLSI,573,<=0.125,mg/L,Klebsiella pneumoniae
piperacillin/tazobactam,Susceptible,Laboratory Method,573.13009,Klebsiella pneumoniae 16,Broth dilution,CLSI,573,16/4,mg/L,Klebsiella pneumoniae
ceftazidime,Susceptible,Laboratory Method,573.13009,Klebsiella pneumoniae 16,Broth dilution,CLSI,573,<=0.5,mg/L,Klebsiella pneumoniae
gentamicin,Susceptible,Laboratory Method,573.13013,Klebsiella pneumoniae 125,Broth dilution,CLSI,573,1,mg/L,Klebsiella pneumoniae
ampicillin,Resistant,Laboratory Method,573.13013,Klebsiella pneumoniae 125,Broth dilution,CLSI,573,>16,mg/L,Klebsiella pneumoniae
cefuroxime,Susceptible,Laboratory Method,573.13013,Klebsiella pneumoniae 125,Broth dilution,CLSI,573,<=4,mg/L,Klebsiella pneumoniae
ampicillin/sulbactam,Susceptible,Laboratory Method,573.13013,Klebsiella pneumoniae 125,Broth dilution,CLSI,573,8/4,mg/L,Klebsiella pneumoniae
piperacillin/tazobactam,Susceptible,Laboratory Method,573.13013,Klebsiella pneumoniae 125,Broth dilution,CLSI,573,4/4,mg/L,Klebsiella pneumoniae
ceftazidime,Susceptible,Laboratory Method,573.13013,Klebsiella pneumoniae 125,Broth dilution,CLSI,573,<=0.5,mg/L,Klebsiella pneumoniae
aztreonam,Susceptible,Laboratory Method,573.13013,Klebsiella pneumoniae 125,Broth dilution,CLSI,573,<=1,mg/L,Klebsiella pneumoniae
imipenem,Susceptible,Laboratory Method,573.13013,Klebsiella pneumoniae 125,Broth dilution,CLSI,573,<=0.25,mg/L,Klebsiella pneumoniae
levofloxacin,Susceptible,Laboratory Method,573.13013,Klebsiella pneumoniae 125,Broth dilution,CLSI,573,<=1,mg/L,Klebsiella pneumoniae
trimethoprim/sulfamethoxazole,Susceptible,Laboratory Method,573.13013,Klebsiella pneumoniae 125,Broth dilution,CLSI,573,<=0.5/9.5,mg/L,Klebsiella pneumoniae
ciprofloxacin,Susceptible,Laboratory Method,573.13013,Klebsiella pneumoniae 125,Broth dilution,CLSI,573,<=0.5,mg/L,Klebsiella pneumoniae
tobramycin,Susceptible,Laboratory Method,573.13013,Klebsiella pneumoniae 125,Broth dilution,CLSI,573,1,mg/L,Klebsiella pneumoniae
amikacin,Susceptible,Laboratory Method,573.13013,Klebsiella pneumoniae 125,Broth dilution,CLSI,573,<=4,mg/L,Klebsiella pneumoniae
meropenem,Susceptible,Laboratory Method,573.13013,Klebsiella pneumoniae 125,Broth dilution,CLSI,573,<=0.125,mg/L,Klebsiella pneumoniae
ceftriaxone,Susceptible,Laboratory Method,573.13013,Klebsiella pneumoniae 125,Broth dilution,CLSI,573,<=0.5,mg/L,Klebsiella pneumoniae
cefepime,Susceptible,Laboratory Method,573.13013,Klebsiella pneumoniae 125,Broth dilution,CLSI,573,<=0.5,mg/L,Klebsiella pneumoniae
cefazolin,Susceptible,Laboratory Method,573.13013,Klebsiella pneumoniae 125,Broth dilution,CLSI,573,<=1,mg/L,Klebsiella pneumoniae
nitrofurantoin,Resistant,Laboratory Method,573.13013,Klebsiella pneumoniae 125,Broth dilution,CLSI,573,>64,mg/L,Klebsiella pneumoniae
cefoxitin,Susceptible,Laboratory Method,573.13013,Klebsiella pneumoniae 125,Broth dilution,CLSI,573,<=4,mg/L,Klebsiella pneumoniae
tetracycline,Susceptible,Laboratory Method,573.13013,Klebsiella pneumoniae 125,Broth dilution,CLSI,573,<=1,mg/L,Klebsiella pneumoniae
ampicillin/sulbactam,Resistant,Laboratory Method,573.13037,Klebsiella pneumoniae KPN1010ec,Broth dilution,CLSI,573,>16/8,mg/L,Klebsiella pneumoniae
nitrofurantoin,Resistant,Laboratory Method,573.13037,Klebsiella pneumoniae KPN1010ec,Broth dilution,CLSI,573,>64,mg/L,Klebsiella pneumoniae
ceftriaxone,Resistant,Laboratory Method,573.13037,Klebsiella pneumoniae KPN1010ec,Broth dilution,CLSI,573,>32,mg/L,Klebsiella pneumoniae
amikacin,Resistant,Laboratory Method,573.13037,Klebsiella pneumoniae KPN1010ec,Broth dilution,CLSI,573,>32,mg/L,Klebsiella pneumoniae
piperacillin/tazobactam,Resistant,Laboratory Method,573.13037,Klebsiella pneumoniae KPN1010ec,Broth dilution,CLSI,573,>64/4,mg/L,Klebsiella pneumoniae
trimethoprim/sulfamethoxazole,Resistant,Laboratory Method,573.13037,Klebsiella pneumoniae KPN1010ec,Broth dilution,CLSI,573,>2/38,mg/L,Klebsiella pneumoniae
ceftazidime,Resistant,Laboratory Method,573.13037,Klebsiella pneumoniae KPN1010ec,Broth dilution,CLSI,573,>16,mg/L,Klebsiella pneumoniae
ciprofloxacin,Resistant,Laboratory Method,573.13037,Klebsiella pneumoniae KPN1010ec,Broth dilution,CLSI,573,>2,mg/L,Klebsiella pneumoniae
aztreonam,Resistant,Laboratory Method,573.13037,Klebsiella pneumoniae KPN1010ec,Broth dilution,CLSI,573,>16,mg/L,Klebsiella pneumoniae
cefoxitin,Resistant,Laboratory Method,573.13037,Klebsiella pneumoniae KPN1010ec,Broth dilution,CLSI,573,>16,mg/L,Klebsiella pneumoniae
cefazolin,Resistant,Laboratory Method,573.13037,Klebsiella pneumoniae KPN1010ec,Broth dilution,CLSI,573,>16,mg/L,Klebsiella pneumoniae
ampicillin,Resistant,Laboratory Method,573.13037,Klebsiella pneumoniae KPN1010ec,Broth dilution,CLSI,573,>16,mg/L,Klebsiella pneumoniae
tetracycline,Susceptible,Laboratory Method,573.13037,Klebsiella pneumoniae KPN1010ec,Broth dilution,CLSI,573,4,mg/L,Klebsiella pneumoniae
tobramycin,Resistant,Laboratory Method,573.13037,Klebsiella pneumoniae KPN1010ec,Broth dilution,CLSI,573,>8,mg/L,Klebsiella pneumoniae
levofloxacin,Resistant,Laboratory Method,573.13037,Klebsiella pneumoniae KPN1010ec,Broth dilution,CLSI,573,>4,mg/L,Klebsiella pneumoniae
meropenem,Resistant,Laboratory Method,573.13037,Klebsiella pneumoniae KPN1010ec,Broth dilution,CLSI,573,>8,mg/L,Klebsiella pneumoniae
imipenem,Resistant,Laboratory Method,573.13037,Klebsiella pneumoniae KPN1010ec,Broth dilution,CLSI,573,>8,mg/L,Klebsiella pneumoniae
cefepime,Resistant,Laboratory Method,573.13037,Klebsiella pneumoniae KPN1010ec,Broth dilution,CLSI,573,>16,mg/L,Klebsiella pneumoniae
gentamicin,Resistant,Laboratory Method,573.13037,Klebsiella pneumoniae KPN1010ec,Broth dilution,CLSI,573,>8,mg/L,Klebsiella pneumoniae
cefuroxime,Resistant,Laboratory Method,573.13037,Klebsiella pneumoniae KPN1010ec,Broth dilution,CLSI,573,>16,mg/L,Klebsiella pneumoniae
gentamicin,Susceptible,Laboratory Method,573.13039,Klebsiella pneumoniae KPN1012ec,Broth dilution,CLSI,573,4,mg/L,Klebsiella pneumoniae
cefazolin,Resistant,Laboratory Method,573.13039,Klebsiella pneumoniae KPN1012ec,Broth dilution,CLSI,573,>16,mg/L,Klebsiella pneumoniae
imipenem,Resistant,Laboratory Method,573.13039,Klebsiella pneumoniae KPN1012ec,Broth dilution,CLSI,573,>8,mg/L,Klebsiella pneumoniae
levofloxacin,Resistant,Laboratory Method,573.13039,Klebsiella pneumoniae KPN1012ec,Broth dilution,CLSI,573,>4,mg/L,Klebsiella pneumoniae
trimethoprim/sulfamethoxazole,Resistant,Laboratory Method,573.13039,Klebsiella pneumoniae KPN1012ec,Broth dilution,CLSI,573,>2/38,mg/L,Klebsiella pneumoniae
piperacillin/tazobactam,Resistant,Laboratory Method,573.13039,Klebsiella pneumoniae KPN1012ec,Broth dilution,CLSI,573,>64/4,mg/L,Klebsiella pneumoniae
ampicillin,Resistant,Laboratory Method,573.13039,Klebsiella pneumoniae KPN1012ec,Broth dilution,CLSI,573,>16,mg/L,Klebsiella pneumoniae
aztreonam,Resistant,Laboratory Method,573.13039,Klebsiella pneumoniae KPN1012ec,Broth dilution,CLSI,573,>16,mg/L,Klebsiella pneumoniae
cefepime,Resistant,Laboratory Method,573.13039,Klebsiella pneumoniae KPN1012ec,Broth dilution,CLSI,573,>16,mg/L,Klebsiella pneumoniae
ciprofloxacin,Resistant,Laboratory Method,573.13039,Klebsiella pneumoniae KPN1012ec,Broth dilution,CLSI,573,>2,mg/L,Klebsiella pneumoniae
amikacin,Resistant,Laboratory Method,573.13039,Klebsiella pneumoniae KPN1012ec,Broth dilution,CLSI,573,>32,mg/L,Klebsiella pneumoniae
cefuroxime,Resistant,Laboratory Method,573.13039,Klebsiella pneumoniae KPN1012ec,Broth dilution,CLSI,573,>16,mg/L,Klebsiella pneumoniae
tobramycin,Resistant,Laboratory Method,573.13039,Klebsiella pneumoniae KPN1012ec,Broth dilution,CLSI,573,>8,mg/L,Klebsiella pneumoniae
ceftriaxone,Resistant,Laboratory Method,573.13039,Klebsiella pneumoniae KPN1012ec,Broth dilution,CLSI,573,>32,mg/L,Klebsiella pneumoniae
ampicillin/sulbactam,Resistant,Laboratory Method,573.13039,Klebsiella pneumoniae KPN1012ec,Broth dilution,CLSI,573,>16/8,mg/L,Klebsiella pneumoniae
cefoxitin,Resistant,Laboratory Method,573.13039,Klebsiella pneumoniae KPN1012ec,Broth dilution,CLSI,573,>16,mg/L,Klebsiella pneumoniae
nitrofurantoin,Resistant,Laboratory Method,573.13039,Klebsiella pneumoniae KPN1012ec,Broth dilution,CLSI,573,>64,mg/L,Klebsiella pneumoniae
meropenem,Resistant,Laboratory Method,573.13039,Klebsiella pneumoniae KPN1012ec,Broth dilution,CLSI,573,>8,mg/L,Klebsiella pneumoniae
ceftazidime,Resistant,Laboratory Method,573.13039,Klebsiella pneumoniae KPN1012ec,Broth dilution,CLSI,573,>16,mg/L,Klebsiella pneumoniae
tetracycline,Susceptible,Laboratory Method,573.13039,Klebsiella pneumoniae KPN1012ec,Broth dilution,CLSI,573,4,mg/L,Klebsiella pneumoniae
imipenem,Susceptible,Laboratory Method,573.13074,Klebsiella pneumoniae KPN1056ec,Broth dilution,CLSI,573,<=1,mg/L,Klebsiella pneumoniae
gentamicin,Resistant,Laboratory Method,573.13074,Klebsiella pneumoniae KPN1056ec,Broth dilution,CLSI,573,>8,mg/L,Klebsiella pneumoniae
piperacillin/tazobactam,Susceptible,Laboratory Method,573.13074,Klebsiella pneumoniae KPN1056ec,Broth dilution,CLSI,573,16/4,mg/L,Klebsiella pneumoniae
cefuroxime,Resistant,Laboratory Method,573.13074,Klebsiella pneumoniae KPN1056ec,Broth dilution,CLSI,573,>16,mg/L,Klebsiella pneumoniae
cefazolin,Resistant,Laboratory Method,573.13074,Klebsiella pneumoniae KPN1056ec,Broth dilution,CLSI,573,>16,mg/L,Klebsiella pneumoniae
ampicillin/sulbactam,Resistant,Laboratory Method,573.13074,Klebsiella pneumoniae KPN1056ec,Broth dilution,CLSI,573,>16/8,mg/L,Klebsiella pneumoniae
aztreonam,Resistant,Laboratory Method,573.13074,Klebsiella pneumoniae KPN1056ec,Broth dilution,CLSI,573,>16,mg/L,Klebsiella pneumoniae
meropenem,Susceptible,Laboratory Method,573.13074,Klebsiella pneumoniae KPN1056ec,Broth dilution,CLSI,573,<=1,mg/L,Klebsiella pneumoniae
tetracycline,Susceptible,Laboratory Method,573.13074,Klebsiella pneumoniae KPN1056ec,Broth dilution,CLSI,573,<=2,mg/L,Klebsiella pneumoniae
cefepime,Resistant,Laboratory Method,573.13074,Klebsiella pneumoniae KPN1056ec,Broth dilution,CLSI,573,>16,mg/L,Klebsiella pneumoniae
nitrofurantoin,Susceptible,Laboratory Method,573.13074,Klebsiella pneumoniae KPN1056ec,Broth dilution,CLSI,573,<=16,mg/L,Klebsiella pneumoniae
levofloxacin,Susceptible,Laboratory Method,573.13074,Klebsiella pneumoniae KPN1056ec,Broth dilution,CLSI,573,<=1,mg/L,Klebsiella pneumoniae
ampicillin,Resistant,Laboratory Method,573.13074,Klebsiella pneumoniae KPN1056ec,Broth dilution,CLSI,573,>16,mg/L,Klebsiella pneumoniae
ceftazidime,Resistant,Laboratory Method,573.13074,Klebsiella pneumoniae KPN1056ec,Broth dilution,CLSI,573,>16,mg/L,Klebsiella pneumoniae
ciprofloxacin,Susceptible,Laboratory Method,573.13074,Klebsiella pneumoniae KPN1056ec,Broth dilution,CLSI,573,<=0.5,mg/L,Klebsiella pneumoniae
trimethoprim/sulfamethoxazole,Resistant,Laboratory Method,573.13074,Klebsiella pneumoniae KPN1056ec,Broth dilution,CLSI,573,>2/38,mg/L,Klebsiella pneumoniae
ceftriaxone,Resistant,Laboratory Method,573.13074,Klebsiella pneumoniae KPN1056ec,Broth dilution,CLSI,573,>32,mg/L,Klebsiella pneumoniae
cefoxitin,Susceptible,Laboratory Method,573.13074,Klebsiella pneumoniae KPN1056ec,Broth dilution,CLSI,573,<=4,mg/L,Klebsiella pneumoniae
amikacin,Susceptible,Laboratory Method,573.13074,Klebsiella pneumoniae KPN1056ec,Broth dilution,CLSI,573,<=8,mg/L,Klebsiella pneumoniae
tobramycin,Resistant,Laboratory Method,573.13074,Klebsiella pneumoniae KPN1056ec,Broth dilution,CLSI,573,>8,mg/L,Klebsiella pneumoniae
levofloxacin,Resistant,Laboratory Method,573.13089,Klebsiella pneumoniae KPN1077ec,Broth dilution,CLSI,573,>4,mg/L,Klebsiella pneumoniae
piperacillin/tazobactam,Resistant,Laboratory Method,573.13089,Klebsiella pneumoniae KPN1077ec,Broth dilution,CLSI,573,>64/4,mg/L,Klebsiella pneumoniae
ceftriaxone,Resistant,Laboratory Method,573.13089,Klebsiella pneumoniae KPN1077ec,Broth dilution,CLSI,573,>32,mg/L,Klebsiella pneumoniae
cefuroxime,Resistant,Laboratory Method,573.13089,Klebsiella pneumoniae KPN1077ec,Broth dilution,CLSI,573,>16,mg/L,Klebsiella pneumoniae
amikacin,Susceptible,Laboratory Method,573.13089,Klebsiella pneumoniae KPN1077ec,Broth dilution,CLSI,573,<=8,mg/L,Klebsiella pneumoniae
tobramycin,Susceptible,Laboratory Method,573.13089,Klebsiella pneumoniae KPN1077ec,Broth dilution,CLSI,573,<=2,mg/L,Klebsiella pneumoniae
ampicillin,Resistant,Laboratory Method,573.13089,Klebsiella pneumoniae KPN1077ec,Broth dilution,CLSI,573,>16,mg/L,Klebsiella pneumoniae
ceftazidime,Resistant,Laboratory Method,573.13089,Klebsiella pneumoniae KPN1077ec,Broth dilution,CLSI,573,>16,mg/L,Klebsiella pneumoniae
meropenem,Susceptible,Laboratory Method,573.13089,Klebsiella pneumoniae KPN1077ec,Broth dilution,CLSI,573,<=1,mg/L,Klebsiella pneumoniae
imipenem,Susceptible,Laboratory Method,573.13089,Klebsiella pneumoniae KPN1077ec,Broth dilution,CLSI,573,<=1,mg/L,Klebsiella pneumoniae
ciprofloxacin,Resistant,Laboratory Method,573.13089,Klebsiella pneumoniae KPN1077ec,Broth dilution,CLSI,573,>2,mg/L,Klebsiella pneumoniae
cefepime,Resistant,Laboratory Method,573.13089,Klebsiella pneumoniae KPN1077ec,Broth dilution,CLSI,573,>16,mg/L,Klebsiella pneumoniae
cefazolin,Resistant,Laboratory Method,573.13089,Klebsiella pneumoniae KPN1077ec,Broth dilution,CLSI,573,>16,mg/L,Klebsiella pneumoniae
tetracycline,Susceptible,Laboratory Method,573.13089,Klebsiella pneumoniae KPN1077ec,Broth dilution,CLSI,573,4,mg/L,Klebsiella pneumoniae
gentamicin,Susceptible,Laboratory Method,573.13089,Klebsiella pneumoniae KPN1077ec,Broth dilution,CLSI,573,<=2,mg/L,Klebsiella pneumoniae
aztreonam,Resistant,Laboratory Method,573.13089,Klebsiella pneumoniae KPN1077ec,Broth dilution,CLSI,573,>16,mg/L,Klebsiella pneumoniae
trimethoprim/sulfamethoxazole,Susceptible,Laboratory Method,573.13089,Klebsiella pneumoniae KPN1077ec,Broth dilution,CLSI,573,<=0.5/9,mg/L,Klebsiella pneumoniae
cefoxitin,Resistant,Laboratory Method,573.13089,Klebsiella pneumoniae KPN1077ec,Broth dilution,CLSI,573,>16,mg/L,Klebsiella pneumoniae
ampicillin/sulbactam,Resistant,Laboratory Method,573.13089,Klebsiella pneumoniae KPN1077ec,Broth dilution,CLSI,573,>16/8,mg/L,Klebsiella pneumoniae
nitrofurantoin,Resistant,Laboratory Method,573.13089,Klebsiella pneumoniae KPN1077ec,Broth dilution,CLSI,573,>64,mg/L,Klebsiella pneumoniae
cefoxitin,Susceptible,Laboratory Method,573.13090,Klebsiella pneumoniae KPN1078ec,Broth dilution,CLSI,573,<=4,mg/L,Klebsiella pneumoniae
imipenem,Susceptible,Laboratory Method,573.13090,Klebsiella pneumoniae KPN1078ec,Broth dilution,CLSI,573,<=1,mg/L,Klebsiella pneumoniae
trimethoprim/sulfamethoxazole,Resistant,Laboratory Method,573.13090,Klebsiella pneumoniae KPN1078ec,Broth dilution,CLSI,573,>2/38,mg/L,Klebsiella pneumoniae
ampicillin,Resistant,Laboratory Method,573.13090,Klebsiella pneumoniae KPN1078ec,Broth dilution,CLSI,573,>16,mg/L,Klebsiella pneumoniae
aztreonam,Resistant,Laboratory Method,573.13090,Klebsiella pneumoniae KPN1078ec,Broth dilution,CLSI,573,>16,mg/L,Klebsiella pneumoniae
ceftazidime,Resistant,Laboratory Method,573.13090,Klebsiella pneumoniae KPN1078ec,Broth dilution,CLSI,573,>16,mg/L,Klebsiella pneumoniae
gentamicin,Resistant,Laboratory Method,573.13090,Klebsiella pneumoniae KPN1078ec,Broth dilution,CLSI,573,>8,mg/L,Klebsiella pneumoniae
cefuroxime,Resistant,Laboratory Method,573.13090,Klebsiella pneumoniae KPN1078ec,Broth dilution,CLSI,573,>16,mg/L,Klebsiella pneumoniae
levofloxacin,Resistant,Laboratory Method,573.13090,Klebsiella pneumoniae KPN1078ec,Broth dilution,CLSI,573,>4,mg/L,Klebsiella pneumoniae
nitrofurantoin,Resistant,Laboratory Method,573.13090,Klebsiella pneumoniae KPN1078ec,Broth dilution,CLSI,573,>64,mg/L,Klebsiella pneumoniae
cefepime,Resistant,Laboratory Method,573.13090,Klebsiella pneumoniae KPN1078ec,Broth dilution,CLSI,573,>16,mg/L,Klebsiella pneumoniae
ceftriaxone,Resistant,Laboratory Method,573.13090,Klebsiella pneumoniae KPN1078ec,Broth dilution,CLSI,573,>32,mg/L,Klebsiella pneumoniae
piperacillin/tazobactam,Susceptible,Laboratory Method,573.13090,Klebsiella pneumoniae KPN1078ec,Broth dilution,CLSI,573,8/4,mg/L,Klebsiella pneumoniae
amikacin,Susceptible,Laboratory Method,573.13090,Klebsiella pneumoniae KPN1078ec,Broth dilution,CLSI,573,<=8,mg/L,Klebsiella pneumoniae
ampicillin/sulbactam,Resistant,Laboratory Method,573.13090,Klebsiella pneumoniae KPN1078ec,Broth dilution,CLSI,573,>16/8,mg/L,Klebsiella pneumoniae
meropenem,Susceptible,Laboratory Method,573.13090,Klebsiella pneumoniae KPN1078ec,Broth dilution,CLSI,573,<=1,mg/L,Klebsiella pneumoniae
ciprofloxacin,Resistant,Laboratory Method,573.13090,Klebsiella pneumoniae KPN1078ec,Broth dilution,CLSI,573,>2,mg/L,Klebsiella pneumoniae
tetracycline,Resistant,Laboratory Method,573.13090,Klebsiella pneumoniae KPN1078ec,Broth dilution,CLSI,573,>8,mg/L,Klebsiella pneumoniae
tobramycin,Susceptible,Laboratory Method,573.13090,Klebsiella pneumoniae KPN1078ec,Broth dilution,CLSI,573,<=2,mg/L,Klebsiella pneumoniae
cefazolin,Resistant,Laboratory Method,573.13090,Klebsiella pneumoniae KPN1078ec,Broth dilution,CLSI,573,>16,mg/L,Klebsiella pneumoniae
amikacin,Susceptible,Laboratory Method,573.13092,Klebsiella pneumoniae KPN1080ec,Broth dilution,CLSI,573,<=8,mg/L,Klebsiella pneumoniae
cefoxitin,Resistant,Laboratory Method,573.13092,Klebsiella pneumoniae KPN1080ec,Broth dilution,CLSI,573,>16,mg/L,Klebsiella pneumoniae
cefepime,Resistant,Laboratory Method,573.13092,Klebsiella pneumoniae KPN1080ec,Broth dilution,CLSI,573,>16,mg/L,Klebsiella pneumoniae
nitrofurantoin,Resistant,Laboratory Method,573.13092,Klebsiella pneumoniae KPN1080ec,Broth dilution,CLSI,573,>64,mg/L,Klebsiella pneumoniae
cefuroxime,Resistant,Laboratory Method,573.13092,Klebsiella pneumoniae KPN1080ec,Broth dilution,CLSI,573,>16,mg/L,Klebsiella pneumoniae
ampicillin/sulbactam,Resistant,Laboratory Method,573.13092,Klebsiella pneumoniae KPN1080ec,Broth dilution,CLSI,573,>16/8,mg/L,Klebsiella pneumoniae
ciprofloxacin,Resistant,Laboratory Method,573.13092,Klebsiella pneumoniae KPN1080ec,Broth dilution,CLSI,573,>2,mg/L,Klebsiella pneumoniae
cefazolin,Resistant,Laboratory Method,573.13092,Klebsiella pneumoniae KPN1080ec,Broth dilution,CLSI,573,>16,mg/L,Klebsiella pneumoniae
piperacillin/tazobactam,Resistant,Laboratory Method,573.13092,Klebsiella pneumoniae KPN1080ec,Broth dilution,CLSI,573,>64/4,mg/L,Klebsiella pneumoniae
ampicillin,Resistant,Laboratory Method,573.13092,Klebsiella pneumoniae KPN1080ec,Broth dilution,CLSI,573,>16,mg/L,Klebsiella pneumoniae
aztreonam,Resistant,Laboratory Method,573.13092,Klebsiella pneumoniae KPN1080ec,Broth dilution,CLSI,573,>16,mg/L,Klebsiella pneumoniae
tetracycline,Resistant,Laboratory Method,573.13092,Klebsiella pneumoniae KPN1080ec,Broth dilution,CLSI,573,>8,mg/L,Klebsiella pneumoniae
tobramycin,Susceptible,Laboratory Method,573.13092,Klebsiella pneumoniae KPN1080ec,Broth dilution,CLSI,573,<=2,mg/L,Klebsiella pneumoniae
imipenem,Susceptible,Laboratory Method,573.13092,Klebsiella pneumoniae KPN1080ec,Broth dilution,CLSI,573,<=1,mg/L,Klebsiella pneumoniae
ceftriaxone,Resistant,Laboratory Method,573.13092,Klebsiella pneumoniae KPN1080ec,Broth dilution,CLSI,573,>32,mg/L,Klebsiella pneumoniae
meropenem,Susceptible,Laboratory Method,573.13092,Klebsiella pneumoniae KPN1080ec,Broth dilution,CLSI,573,<=1,mg/L,Klebsiella pneumoniae
gentamicin,Resistant,Laboratory Method,573.13092,Klebsiella pneumoniae KPN1080ec,Broth dilution,CLSI,573,>8,mg/L,Klebsiella pneumoniae
trimethoprim/sulfamethoxazole,Resistant,Laboratory Method,573.13092,Klebsiella pneumoniae KPN1080ec,Broth dilution,CLSI,573,>2/38,mg/L,Klebsiella pneumoniae
ceftazidime,Resistant,Laboratory Method,573.13092,Klebsiella pneumoniae KPN1080ec,Broth dilution,CLSI,573,>16,mg/L,Klebsiella pneumoniae
levofloxacin,Resistant,Laboratory Method,573.13092,Klebsiella pneumoniae KPN1080ec,Broth dilution,CLSI,573,>4,mg/L,Klebsiella pneumoniae
piperacillin/tazobactam,Resistant,Laboratory Method,573.13097,Klebsiella pneumoniae KPN1091ec,Broth dilution,CLSI,573,>64/4,mg/L,Klebsiella pneumoniae
tetracycline,Susceptible,Laboratory Method,573.13097,Klebsiella pneumoniae KPN1091ec,Broth dilution,CLSI,573,4,mg/L,Klebsiella pneumoniae
cefepime,Resistant,Laboratory Method,573.13097,Klebsiella pneumoniae KPN1091ec,Broth dilution,CLSI,573,>16,mg/L,Klebsiella pneumoniae
cefuroxime,Resistant,Laboratory Method,573.13097,Klebsiella pneumoniae KPN1091ec,Broth dilution,CLSI,573,>16,mg/L,Klebsiella pneumoniae
tobramycin,Susceptible,Laboratory Method,573.13097,Klebsiella pneumoniae KPN1091ec,Broth dilution,CLSI,573,<=2,mg/L,Klebsiella pneumoniae
trimethoprim/sulfamethoxazole,Resistant,Laboratory Method,573.13097,Klebsiella pneumoniae KPN1091ec,Broth dilution,CLSI,573,>2/38,mg/L,Klebsiella pneumoniae
cefoxitin,Resistant,Laboratory Method,573.13097,Klebsiella pneumoniae KPN1091ec,Broth dilution,CLSI,573,>16,mg/L,Klebsiella pneumoniae
ceftazidime,Resistant,Laboratory Method,573.13097,Klebsiella pneumoniae KPN1091ec,Broth dilution,CLSI,573,>16,mg/L,Klebsiella pneumoniae
ampicillin/sulbactam,Resistant,Laboratory Method,573.13097,Klebsiella pneumoniae KPN1091ec,Broth dilution,CLSI,573,>16/8,mg/L,Klebsiella pneumoniae
ciprofloxacin,Resistant,Laboratory Method,573.13097,Klebsiella pneumoniae KPN1091ec,Broth dilution,CLSI,573,>2,mg/L,Klebsiella pneumoniae
ampicillin,Resistant,Laboratory Method,573.13097,Klebsiella pneumoniae KPN1091ec,Broth dilution,CLSI,573,>16,mg/L,Klebsiella pneumoniae
meropenem,Resistant,Laboratory Method,573.13097,Klebsiella pneumoniae KPN1091ec,Broth dilution,CLSI,573,>8,mg/L,Klebsiella pneumoniae
aztreonam,Resistant,Laboratory Method,573.13097,Klebsiella pneumoniae KPN1091ec,Broth dilution,CLSI,573,>16,mg/L,Klebsiella pneumoniae
ceftriaxone,Resistant,Laboratory Method,573.13097,Klebsiella pneumoniae KPN1091ec,Broth dilution,CLSI,573,>32,mg/L,Klebsiella pneumoniae
cefazolin,Resistant,Laboratory Method,573.13097,Klebsiella pneumoniae KPN1091ec,Broth dilution,CLSI,573,>16,mg/L,Klebsiella pneumoniae
levofloxacin,Resistant,Laboratory Method,573.13097,Klebsiella pneumoniae KPN1091ec,Broth dilution,CLSI,573,>4,mg/L,Klebsiella pneumoniae
gentamicin,Susceptible,Laboratory Method,573.13097,Klebsiella pneumoniae KPN1091ec,Broth dilution,CLSI,573,<=2,mg/L,Klebsiella pneumoniae
nitrofurantoin,Resistant,Laboratory Method,573.13097,Klebsiella pneumoniae KPN1091ec,Broth dilution,CLSI,573,>64,mg/L,Klebsiella pneumoniae
imipenem,Resistant,Laboratory Method,573.13097,Klebsiella pneumoniae KPN1091ec,Broth dilution,CLSI,573,>8,mg/L,Klebsiella pneumoniae
amikacin,Susceptible,Laboratory Method,573.13097,Klebsiella pneumoniae KPN1091ec,Broth dilution,CLSI,573,<=8,mg/L,Klebsiella pneumoniae
gentamicin,Susceptible,Laboratory Method,573.13098,Klebsiella pneumoniae KPN1092ec,Broth dilution,CLSI,573,<=2,mg/L,Klebsiella pneumoniae
cefazolin,Resistant,Laboratory Method,573.13098,Klebsiella pneumoniae KPN1092ec,Broth dilution,CLSI,573,>16,mg/L,Klebsiella pneumoniae
tobramycin,Resistant,Laboratory Method,573.13098,Klebsiella pneumoniae KPN1092ec,Broth dilution,CLSI,573,>8,mg/L,Klebsiella pneumoniae
ampicillin,Resistant,Laboratory Method,573.13098,Klebsiella pneumoniae KPN1092ec,Broth dilution,CLSI,573,>16,mg/L,Klebsiella pneumoniae
meropenem,Susceptible,Laboratory Method,573.13098,Klebsiella pneumoniae KPN1092ec,Broth dilution,CLSI,573,<=1,mg/L,Klebsiella pneumoniae
ceftazidime,Resistant,Laboratory Method,573.13098,Klebsiella pneumoniae KPN1092ec,Broth dilution,CLSI,573,>16,mg/L,Klebsiella pneumoniae
tetracycline,Resistant,Laboratory Method,573.13098,Klebsiella pneumoniae KPN1092ec,Broth dilution,CLSI,573,>8,mg/L,Klebsiella pneumoniae
imipenem,Susceptible,Laboratory Method,573.13098,Klebsiella pneumoniae KPN1092ec,Broth dilution,CLSI,573,<=1,mg/L,Klebsiella pneumoniae
piperacillin/tazobactam,Resistant,Laboratory Method,573.13098,Klebsiella pneumoniae KPN1092ec,Broth dilution,CLSI,573,>64/4,mg/L,Klebsiella pneumoniae
cefepime,Resistant,Laboratory Method,573.13098,Klebsiella pneumoniae KPN1092ec,Broth dilution,CLSI,573,>16,mg/L,Klebsiella pneumoniae
ampicillin/sulbactam,Resistant,Laboratory Method,573.13098,Klebsiella pneumoniae KPN1092ec,Broth dilution,CLSI,573,>16/8,mg/L,Klebsiella pneumoniae
cefoxitin,Resistant,Laboratory Method,573.13098,Klebsiella pneumoniae KPN1092ec,Broth dilution,CLSI,573,>16,mg/L,Klebsiella pneumoniae
aztreonam,Resistant,Laboratory Method,573.13098,Klebsiella pneumoniae KPN1092ec,Broth dilution,CLSI,573,>16,mg/L,Klebsiella pneumoniae
ceftriaxone,Resistant,Laboratory Method,573.13098,Klebsiella pneumoniae KPN1092ec,Broth dilution,CLSI,573,>32,mg/L,Klebsiella pneumoniae
cefuroxime,Resistant,Laboratory Method,573.13098,Klebsiella pneumoniae KPN1092ec,Broth dilution,CLSI,573,>16,mg/L,Klebsiella pneumoniae
nitrofurantoin,Resistant,Laboratory Method,573.13098,Klebsiella pneumoniae KPN1092ec,Broth dilution,CLSI,573,>64,mg/L,Klebsiella pneumoniae
amikacin,Susceptible,Laboratory Method,573.13098,Klebsiella pneumoniae KPN1092ec,Broth dilution,CLSI,573,<=8,mg/L,Klebsiella pneumoniae
ciprofloxacin,Resistant,Laboratory Method,573.13098,Klebsiella pneumoniae KPN1092ec,Broth dilution,CLSI,573,>2,mg/L,Klebsiella pneumoniae
levofloxacin,Resistant,Laboratory Method,573.13098,Klebsiella pneumoniae KPN1092ec,Broth dilution,CLSI,573,>4,mg/L,Klebsiella pneumoniae
trimethoprim/sulfamethoxazole,Resistant,Laboratory Method,573.13098,Klebsiella pneumoniae KPN1092ec,Broth dilution,CLSI,573,>2/38,mg/L,Klebsiella pneumoniae
cefazolin,Resistant,Laboratory Method,573.13107,Klebsiella pneumoniae KPN1103ec,Broth dilution,CLSI,573,>16,mg/L,Klebsiella pneumoniae
imipenem,Susceptible,Laboratory Method,573.13107,Klebsiella pneumoniae KPN1103ec,Broth dilution,CLSI,573,<=1,mg/L,Klebsiella pneumoniae
cefuroxime,Resistant,Laboratory Method,573.13107,Klebsiella pneumoniae KPN1103ec,Broth dilution,CLSI,573,>16,mg/L,Klebsiella pneumoniae
amikacin,Susceptible,Laboratory Method,573.13107,Klebsiella pneumoniae KPN1103ec,Broth dilution,CLSI,573,<=8,mg/L,Klebsiella pneumoniae
ciprofloxacin,Resistant,Laboratory Method,573.13107,Klebsiella pneumoniae KPN1103ec,Broth dilution,CLSI,573,>2,mg/L,Klebsiella pneumoniae
trimethoprim/sulfamethoxazole,Resistant,Laboratory Method,573.13107,Klebsiella pneumoniae KPN1103ec,Broth dilution,CLSI,573,>2/38,mg/L,Klebsiella pneumoniae
gentamicin,Resistant,Laboratory Method,573.13107,Klebsiella pneumoniae KPN1103ec,Broth dilution,CLSI,573,>8,mg/L,Klebsiella pneumoniae
ceftazidime,Resistant,Laboratory Method,573.13107,Klebsiella pneumoniae KPN1103ec,Broth dilution,CLSI,573,>16,mg/L,Klebsiella pneumoniae
ceftriaxone,Resistant,Laboratory Method,573.13107,Klebsiella pneumoniae KPN1103ec,Broth dilution,CLSI,573,>32,mg/L,Klebsiella pneumoniae
meropenem,Susceptible,Laboratory Method,573.13107,Klebsiella pneumoniae KPN1103ec,Broth dilution,CLSI,573,<=1,mg/L,Klebsiella pneumoniae
tobramycin,Resistant,Laboratory Method,573.13107,Klebsiella pneumoniae KPN1103ec,Broth dilution,CLSI,573,>8,mg/L,Klebsiella pneumoniae
cefoxitin,Susceptible,Laboratory Method,573.13107,Klebsiella pneumoniae KPN1103ec,Broth dilution,CLSI,573,<=4,mg/L,Klebsiella pneumoniae
piperacillin/tazobactam,Resistant,Laboratory Method,573.13107,Klebsiella pneumoniae KPN1103ec,Broth dilution,CLSI,573,>64/4,mg/L,Klebsiella pneumoniae
tetracycline,Susceptible,Laboratory Method,573.13107,Klebsiella pneumoniae KPN1103ec,Broth dilution,CLSI,573,4,mg/L,Klebsiella pneumoniae
ampicillin/sulbactam,Resistant,Laboratory Method,573.13107,Klebsiella pneumoniae KPN1103ec,Broth dilution,CLSI,573,>16/8,mg/L,Klebsiella pneumoniae
cefepime,Resistant,Laboratory Method,573.13107,Klebsiella pneumoniae KPN1103ec,Broth dilution,CLSI,573,>16,mg/L,Klebsiella pneumoniae
nitrofurantoin,Resistant,Laboratory Method,573.13107,Klebsiella pneumoniae KPN1103ec,Broth dilution,CLSI,573,>64,mg/L,Klebsiella pneumoniae
levofloxacin,Resistant,Laboratory Method,573.13107,Klebsiella pneumoniae KPN1103ec,Broth dilution,CLSI,573,>4,mg/L,Klebsiella pneumoniae
ampicillin,Resistant,Laboratory Method,573.13107,Klebsiella pneumoniae KPN1103ec,Broth dilution,CLSI,573,>16,mg/L,Klebsiella pneumoniae
aztreonam,Resistant,Laboratory Method,573.13107,Klebsiella pneumoniae KPN1103ec,Broth dilution,CLSI,573,>16,mg/L,Klebsiella pneumoniae
cefepime,Resistant,Laboratory Method,573.13120,Klebsiella pneumoniae KPN1118ec,Broth dilution,CLSI,573,>16,mg/L,Klebsiella pneumoniae
cefazolin,Resistant,Laboratory Method,573.13120,Klebsiella pneumoniae KPN1118ec,Broth dilution,CLSI,573,>16,mg/L,Klebsiella pneumoniae
aztreonam,Resistant,Laboratory Method,573.13120,Klebsiella pneumoniae KPN1118ec,Broth dilution,CLSI,573,>16,mg/L,Klebsiella pneumoniae
tetracycline,Resistant,Laboratory Method,573.13120,Klebsiella pneumoniae KPN1118ec,Broth dilution,CLSI,573,>8,mg/L,Klebsiella pneumoniae
ceftriaxone,Resistant,Laboratory Method,573.13120,Klebsiella pneumoniae KPN1118ec,Broth dilution,CLSI,573,>32,mg/L,Klebsiella pneumoniae
tobramycin,Susceptible,Laboratory Method,573.13120,Klebsiella pneumoniae KPN1118ec,Broth dilution,CLSI,573,<=2,mg/L,Klebsiella pneumoniae
cefoxitin,Resistant,Laboratory Method,573.13120,Klebsiella pneumoniae KPN1118ec,Broth dilution,CLSI,573,>16,mg/L,Klebsiella pneumoniae
gentamicin,Susceptible,Laboratory Method,573.13120,Klebsiella pneumoniae KPN1118ec,Broth dilution,CLSI,573,<=2,mg/L,Klebsiella pneumoniae
levofloxacin,Resistant,Laboratory Method,573.13120,Klebsiella pneumoniae KPN1118ec,Broth dilution,CLSI,573,>4,mg/L,Klebsiella pneumoniae
ciprofloxacin,Resistant,Laboratory Method,573.13120,Klebsiella pneumoniae KPN1118ec,Broth dilution,CLSI,573,>2,mg/L,Klebsiella pneumoniae
piperacillin/tazobactam,Susceptible,Laboratory Method,573.13120,Klebsiella pneumoniae KPN1118ec,Broth dilution,CLSI,573,16/4,mg/L,Klebsiella pneumoniae
ampicillin/sulbactam,Resistant,Laboratory Method,573.13120,Klebsiella pneumoniae KPN1118ec,Broth dilution,CLSI,573,>16/8,mg/L,Klebsiella pneumoniae
imipenem,Susceptible,Laboratory Method,573.13120,Klebsiella pneumoniae KPN1118ec,Broth dilution,CLSI,573,<=1,mg/L,Klebsiella pneumoniae
ampicillin,Resistant,Laboratory Method,573.13120,Klebsiella pneumoniae KPN1118ec,Broth dilution,CLSI,573,>16,mg/L,Klebsiella pneumoniae
meropenem,Susceptible,Laboratory Method,573.13120,Klebsiella pneumoniae KPN1118ec,Broth dilution,CLSI,573,<=1,mg/L,Klebsiella pneumoniae
nitrofurantoin,Resistant,Laboratory Method,573.13120,Klebsiella pneumoniae KPN1118ec,Broth dilution,CLSI,573,>64,mg/L,Klebsiella pneumoniae
cefuroxime,Resistant,Laboratory Method,573.13120,Klebsiella pneumoniae KPN1118ec,Broth dilution,CLSI,573,>16,mg/L,Klebsiella pneumoniae
trimethoprim/sulfamethoxazole,Susceptible,Laboratory Method,573.13120,Klebsiella pneumoniae KPN1118ec,Broth dilution,CLSI,573,<=0.5/9,mg/L,Klebsiella pneumoniae
amikacin,Susceptible,Laboratory Method,573.13120,Klebsiella pneumoniae KPN1118ec,Broth dilution,CLSI,573,<=8,mg/L,Klebsiella pneumoniae
ceftazidime,Resistant,Laboratory Method,573.13120,Klebsiella pneumoniae KPN1118ec,Broth dilution,CLSI,573,>16,mg/L,Klebsiella pneumoniae
gentamicin,Resistant,Laboratory Method,573.13121,Klebsiella pneumoniae KPN1119ec,Broth dilution,CLSI,573,>8,mg/L,Klebsiella pneumoniae
meropenem,Susceptible,Laboratory Method,573.13121,Klebsiella pneumoniae KPN1119ec,Broth dilution,CLSI,573,<=1,mg/L,Klebsiella pneumoniae
ampicillin,Resistant,Laboratory Method,573.13121,Klebsiella pneumoniae KPN1119ec,Broth dilution,CLSI,573,>16,mg/L,Klebsiella pneumoniae
tetracycline,Resistant,Laboratory Method,573.13121,Klebsiella pneumoniae KPN1119ec,Broth dilution,CLSI,573,>8,mg/L,Klebsiella pneumoniae
tobramycin,Susceptible,Laboratory Method,573.13121,Klebsiella pneumoniae KPN1119ec,Broth dilution,CLSI,573,<=2,mg/L,Klebsiella pneumoniae
imipenem,Susceptible,Laboratory Method,573.13121,Klebsiella pneumoniae KPN1119ec,Broth dilution,CLSI,573,<=1,mg/L,Klebsiella pneumoniae
nitrofurantoin,Resistant,Laboratory Method,573.13121,Klebsiella pneumoniae KPN1119ec,Broth dilution,CLSI,573,>64,mg/L,Klebsiella pneumoniae
cefuroxime,Resistant,Laboratory Method,573.13121,Klebsiella pneumoniae KPN1119ec,Broth dilution,CLSI,573,>16,mg/L,Klebsiella pneumoniae
piperacillin/tazobactam,Resistant,Laboratory Method,573.13121,Klebsiella pneumoniae KPN1119ec,Broth dilution,CLSI,573,>64/4,mg/L,Klebsiella pneumoniae
cefepime,Susceptible,Laboratory Method,573.13121,Klebsiella pneumoniae KPN1119ec,Broth dilution,CLSI,573,<=1,mg/L,Klebsiella pneumoniae
trimethoprim/sulfamethoxazole,Resistant,Laboratory Method,573.13121,Klebsiella pneumoniae KPN1119ec,Broth dilution,CLSI,573,>2/38,mg/L,Klebsiella pneumoniae
aztreonam,Resistant,Laboratory Method,573.13121,Klebsiella pneumoniae KPN1119ec,Broth dilution,CLSI,573,16,mg/L,Klebsiella pneumoniae
ampicillin/sulbactam,Resistant,Laboratory Method,573.13121,Klebsiella pneumoniae KPN1119ec,Broth dilution,CLSI,573,>16/8,mg/L,Klebsiella pneumoniae
ceftazidime,Resistant,Laboratory Method,573.13121,Klebsiella pneumoniae KPN1119ec,Broth dilution,CLSI,573,>16,mg/L,Klebsiella pneumoniae
ciprofloxacin,Resistant,Laboratory Method,573.13121,Klebsiella pneumoniae KPN1119ec,Broth dilution,CLSI,573,>2,mg/L,Klebsiella pneumoniae
ceftriaxone,Resistant,Laboratory Method,573.13121,Klebsiella pneumoniae KPN1119ec,Broth dilution,CLSI,573,>32,mg/L,Klebsiella pneumoniae
cefoxitin,Resistant,Laboratory Method,573.13121,Klebsiella pneumoniae KPN1119ec,Broth dilution,CLSI,573,>16,mg/L,Klebsiella pneumoniae
levofloxacin,Resistant,Laboratory Method,573.13121,Klebsiella pneumoniae KPN1119ec,Broth dilution,CLSI,573,>4,mg/L,Klebsiella pneumoniae
cefazolin,Resistant,Laboratory Method,573.13121,Klebsiella pneumoniae KPN1119ec,Broth dilution,CLSI,573,>16,mg/L,Klebsiella pneumoniae
amikacin,Susceptible,Laboratory Method,573.13121,Klebsiella pneumoniae KPN1119ec,Broth dilution,CLSI,573,<=8,mg/L,Klebsiella pneumoniae
chloramphenicol,Susceptible,Laboratory Method,1351.1178,Enterococcus faecalis strain 297EA1,cation-adjusted Mueller-Hinton broth,CLSI,1351,,,Enterococcus faecalis
ciprofloxacin,Susceptible,Laboratory Method,1351.1178,Enterococcus faecalis strain 297EA1,cation-adjusted Mueller-Hinton broth,CLSI,1351,,,Enterococcus faecalis
daptomycin,Susceptible,Laboratory Method,1351.1178,Enterococcus faecalis strain 297EA1,cation-adjusted Mueller-Hinton broth,CLSI,1351,,,Enterococcus faecalis
erythromycin,Susceptible,Laboratory Method,1351.1178,Enterococcus faecalis strain 297EA1,cation-adjusted Mueller-Hinton broth,CLSI,1351,,,Enterococcus faecalis
gentamicin,Susceptible,Laboratory Method,1351.1178,Enterococcus faecalis strain 297EA1,cation-adjusted Mueller-Hinton broth,CLSI,1351,,,Enterococcus faecalis
kanamycin,Susceptible,Laboratory Method,1351.1178,Enterococcus faecalis strain 297EA1,cation-adjusted Mueller-Hinton broth,CLSI,1351,,,Enterococcus faecalis
lincomycin,Resistant,Laboratory Method,1351.1178,Enterococcus faecalis strain 297EA1,cation-adjusted Mueller-Hinton broth,CLSI,1351,,,Enterococcus faecalis
linezolid,Susceptible,Laboratory Method,1351.1178,Enterococcus faecalis strain 297EA1,cation-adjusted Mueller-Hinton broth,CLSI,1351,,,Enterococcus faecalis
penicillin,Susceptible,Laboratory Method,1351.1178,Enterococcus faecalis strain 297EA1,cation-adjusted Mueller-Hinton broth,CLSI,1351,,,Enterococcus faecalis
sulfamethazine,Susceptible,Laboratory Method,1351.1178,Enterococcus faecalis strain 297EA1,cation-adjusted Mueller-Hinton broth,CLSI,1351,,,Enterococcus faecalis
tgecycline,Susceptible,Laboratory Method,1351.1178,Enterococcus faecalis strain 297EA1,cation-adjusted Mueller-Hinton broth,CLSI,1351,,,Enterococcus faecalis
tylosin,Susceptible,Laboratory Method,1351.1178,Enterococcus faecalis strain 297EA1,cation-adjusted Mueller-Hinton broth,CLSI,1351,,,Enterococcus faecalis
vancomycin,Susceptible,Laboratory Method,1351.1178,Enterococcus faecalis strain 297EA1,cation-adjusted Mueller-Hinton broth,CLSI,1351,,,Enterococcus faecalis
virginiamycin,Resistant,Laboratory Method,1351.1178,Enterococcus faecalis strain 297EA1,cation-adjusted Mueller-Hinton broth,CLSI,1351,,,Enterococcus faecalis
chloramphenicol,Susceptible,Laboratory Method,1351.1186,Enterococcus faecalis strain 35EA1,cation-adjusted Mueller-Hinton broth,CLSI,1351,,,Enterococcus faecalis
ciprofloxacin,Susceptible,Laboratory Method,1351.1186,Enterococcus faecalis strain 35EA1,cation-adjusted Mueller-Hinton broth,CLSI,1351,,,Enterococcus faecalis
gentamicin,Susceptible,Laboratory Method,1351.1186,Enterococcus faecalis strain 35EA1,cation-adjusted Mueller-Hinton broth,CLSI,1351,,,Enterococcus faecalis
kanamycin,Susceptible,Laboratory Method,1351.1186,Enterococcus faecalis strain 35EA1,cation-adjusted Mueller-Hinton broth,CLSI,1351,,,Enterococcus faecalis
lincomycin,Resistant,Laboratory Method,1351.1186,Enterococcus faecalis strain 35EA1,cation-adjusted Mueller-Hinton broth,CLSI,1351,,,Enterococcus faecalis
linezolid,Susceptible,Laboratory Method,1351.1186,Enterococcus faecalis strain 35EA1,cation-adjusted Mueller-Hinton broth,CLSI,1351,,,Enterococcus faecalis
penicillin,Susceptible,Laboratory Method,1351.1186,Enterococcus faecalis strain 35EA1,cation-adjusted Mueller-Hinton broth,CLSI,1351,,,Enterococcus faecalis
sulfamethazine,Susceptible,Laboratory Method,1351.1186,Enterococcus faecalis strain 35EA1,cation-adjusted Mueller-Hinton broth,CLSI,1351,,,Enterococcus faecalis
tetracycline,Resistant,Laboratory Method,1351.1186,Enterococcus faecalis strain 35EA1,cation-adjusted Mueller-Hinton broth,CLSI,1351,,,Enterococcus faecalis
tgecycline,Susceptible,Laboratory Method,1351.1186,Enterococcus faecalis strain 35EA1,cation-adjusted Mueller-Hinton broth,CLSI,1351,,,Enterococcus faecalis
tylosin,Resistant,Laboratory Method,1351.1186,Enterococcus faecalis strain 35EA1,cation-adjusted Mueller-Hinton broth,CLSI,1351,,,Enterococcus faecalis
vancomycin,Susceptible,Laboratory Method,1351.1186,Enterococcus faecalis strain 35EA1,cation-adjusted Mueller-Hinton broth,CLSI,1351,,,Enterococcus faecalis
virginiamycin,Resistant,Laboratory Method,1351.1186,Enterococcus faecalis strain 35EA1,cation-adjusted Mueller-Hinton broth,CLSI,1351,,,Enterococcus faecalis
quinupristin/dalfopristin,Resistant,Laboratory Method,1351.11939,Enterococcus faecalis WW_0142J,"2014,2015",clsi,1351,,,Enterococcus faecalis
tigecycline,Susceptible,Laboratory Method,1351.11939,Enterococcus faecalis WW_0142J,Disk diffusion,eucast,1351,,,Enterococcus faecalis
ampicillin,Susceptible,Laboratory Method,1351.11939,Enterococcus faecalis WW_0142J,"2014,2015",clsi,1351,,,Enterococcus faecalis
doxycycline,Resistant,Laboratory Method,1351.11939,Enterococcus faecalis WW_0142J,"2014,2015",clsi,1351,,,Enterococcus faecalis
erythromycin,Resistant,Laboratory Method,1351.11939,Enterococcus faecalis WW_0142J,"2014,2015",clsi,1351,,,Enterococcus faecalis
gentamicin,Resistant,Laboratory Method,1351.11939,Enterococcus faecalis WW_0142J,"2014,2015",clsi,1351,,,Enterococcus faecalis
linezolid,Susceptible,Laboratory Method,1351.11939,Enterococcus faecalis WW_0142J,"2014,2015",clsi,1351,,,Enterococcus faecalis
streptomycin,Susceptible,Laboratory Method,1351.11939,Enterococcus faecalis WW_0142J,"2014,2015",clsi,1351,,,Enterococcus faecalis
teicoplanin,Susceptible,Laboratory Method,1351.11939,Enterococcus faecalis WW_0142J,"2014,2015",clsi,1351,,,Enterococcus faecalis
vancomycin,Susceptible,Laboratory Method,1351.11939,Enterococcus faecalis WW_0142J,"2014,2015",clsi,1351,,,Enterococcus faecalis
quinupristin/dalfopristin,Resistant,Laboratory Method,1351.11940,Enterococcus faecalis WW_0145A,"2014,2015",clsi,1351,,,Enterococcus faecalis
tigecycline,Susceptible,Laboratory Method,1351.11940,Enterococcus faecalis WW_0145A,Disk diffusion,eucast,1351,,,Enterococcus faecalis
ampicillin,Susceptible,Laboratory Method,1351.11940,Enterococcus faecalis WW_0145A,"2014,2015",clsi,1351,,,Enterococcus faecalis
doxycycline,Resistant,Laboratory Method,1351.11940,Enterococcus faecalis WW_0145A,"2014,2015",clsi,1351,,,Enterococcus faecalis
erythromycin,Resistant,Laboratory Method,1351.11940,Enterococcus faecalis WW_0145A,"2014,2015",clsi,1351,,,Enterococcus faecalis
gentamicin,Susceptible,Laboratory Method,1351.11940,Enterococcus faecalis WW_0145A,"2014,2015",clsi,1351,,,Enterococcus faecalis
linezolid,Susceptible,Laboratory Method,1351.11940,Enterococcus faecalis WW_0145A,"2014,2015",clsi,1351,,,Enterococcus faecalis
streptomycin,Susceptible,Laboratory Method,1351.11940,Enterococcus faecalis WW_0145A,"2014,2015",clsi,1351,,,Enterococcus faecalis
teicoplanin,Susceptible,Laboratory Method,1351.11940,Enterococcus faecalis WW_0145A,"2014,2015",clsi,1351,,,Enterococcus faecalis
vancomycin,Susceptible,Laboratory Method,1351.11940,Enterococcus faecalis WW_0145A,"2014,2015",clsi,1351,,,Enterococcus faecalis
quinupristin/dalfopristin,Resistant,Laboratory Method,1351.11943,Enterococcus faecalis WW_0053M,"2014,2015",clsi,1351,,,Enterococcus faecalis
tigecycline,Susceptible,Laboratory Method,1351.11943,Enterococcus faecalis WW_0053M,Disk diffusion,eucast,1351,,,Enterococcus faecalis
ampicillin,Susceptible,Laboratory Method,1351.11943,Enterococcus faecalis WW_0053M,"2014,2015",clsi,1351,,,Enterococcus faecalis
erythromycin,Resistant,Laboratory Method,1351.11943,Enterococcus faecalis WW_0053M,"2014,2015",clsi,1351,,,Enterococcus faecalis
gentamicin,Susceptible,Laboratory Method,1351.11943,Enterococcus faecalis WW_0053M,"2014,2015",clsi,1351,,,Enterococcus faecalis
linezolid,Resistant,Laboratory Method,1351.11943,Enterococcus faecalis WW_0053M,"2014,2015",clsi,1351,,,Enterococcus faecalis
streptomycin,Susceptible,Laboratory Method,1351.11943,Enterococcus faecalis WW_0053M,"2014,2015",clsi,1351,,,Enterococcus faecalis
teicoplanin,Susceptible,Laboratory Method,1351.11943,Enterococcus faecalis WW_0053M,"2014,2015",clsi,1351,,,Enterococcus faecalis
vancomycin,Susceptible,Laboratory Method,1351.11943,Enterococcus faecalis WW_0053M,"2014,2015",clsi,1351,,,Enterococcus faecalis
quinupristin/dalfopristin,Susceptible,Laboratory Method,1351.11944,Enterococcus faecalis WW_0152D,"2014,2015",clsi,1351,,,Enterococcus faecalis
tigecycline,Susceptible,Laboratory Method,1351.11944,Enterococcus faecalis WW_0152D,Disk diffusion,eucast,1351,,,Enterococcus faecalis
ampicillin,Susceptible,Laboratory Method,1351.11944,Enterococcus faecalis WW_0152D,"2014,2015",clsi,1351,,,Enterococcus faecalis
doxycycline,Susceptible,Laboratory Method,1351.11944,Enterococcus faecalis WW_0152D,"2014,2015",clsi,1351,,,Enterococcus faecalis
erythromycin,Susceptible,Laboratory Method,1351.11944,Enterococcus faecalis WW_0152D,"2014,2015",clsi,1351,,,Enterococcus faecalis
gentamicin,Susceptible,Laboratory Method,1351.11944,Enterococcus faecalis WW_0152D,"2014,2015",clsi,1351,,,Enterococcus faecalis
linezolid,Susceptible,Laboratory Method,1351.11944,Enterococcus faecalis WW_0152D,"2014,2015",clsi,1351,,,Enterococcus faecalis
streptomycin,Susceptible,Laboratory Method,1351.11944,Enterococcus faecalis WW_0152D,"2014,2015",clsi,1351,,,Enterococcus faecalis
teicoplanin,Susceptible,Laboratory Method,1351.11944,Enterococcus faecalis WW_0152D,"2014,2015",clsi,1351,,,Enterococcus faecalis
vancomycin,Susceptible,Laboratory Method,1351.11944,Enterococcus faecalis WW_0152D,"2014,2015",clsi,1351,,,Enterococcus faecalis
nitrofurantoin,Susceptible,Laboratory Method,1351.1654,Enterococcus faecalis strain 269,Disk diffusion,CLSI,1351,22,mm,Enterococcus faecalis
rifampin,Resistant,Laboratory Method,1351.1654,Enterococcus faecalis strain 269,Disk diffusion,CLSI,1351,14,mm,Enterococcus faecalis
streptomycin,Susceptible,Laboratory Method,1351.1654,Enterococcus faecalis strain 269,Disk diffusion,CLSI,1351,16,mm,Enterococcus faecalis
chloramphenicol,Susceptible,Laboratory Method,1351.1654,Enterococcus faecalis strain 269,Disk diffusion,CLSI,1351,18,mm,Enterococcus faecalis
tetracycline,Susceptible,Laboratory Method,1351.1654,Enterococcus faecalis strain 269,Disk diffusion,CLSI,1351,26,mm,Enterococcus faecalis
ampicillin,Susceptible,Laboratory Method,1351.1654,Enterococcus faecalis strain 269,Disk diffusion,CLSI,1351,26,mm,Enterococcus faecalis
gentamicin,Resistant,Laboratory Method,1351.1654,Enterococcus faecalis strain 269,Disk diffusion,CLSI,1351,6,mm,Enterococcus faecalis
erythromycin,Resistant,Laboratory Method,1351.1654,Enterococcus faecalis strain 269,Disk diffusion,CLSI,1351,6,mm,Enterococcus faecalis
vancomycin,Susceptible,Laboratory Method,1351.1654,Enterococcus faecalis strain 269,Disk diffusion,CLSI,1351,19,mm,Enterococcus faecalis
levofloxacin,Resistant,Laboratory Method,1351.1654,Enterococcus faecalis strain 269,Disk diffusion,CLSI,1351,6,mm,Enterococcus faecalis
linezolid,Susceptible,Laboratory Method,1351.1654,Enterococcus faecalis strain 269,Disk diffusion,CLSI,1351,26,mm,Enterococcus faecalis
chloramphenicol,Resistant,Laboratory Method,1351.434,Enterococcus faecalis strain ST55:13,Broth dilution,CLSI,1351,==64,mg/L,Enterococcus faecalis
streptomycin,Resistant,Laboratory Method,1351.434,Enterococcus faecalis strain ST55:13,Broth dilution,CLSI,1351,>512,mg/L,Enterococcus faecalis
linezolid,Susceptible,Laboratory Method,1351.434,Enterococcus faecalis strain ST55:13,Broth dilution,CLSI,1351,==2,mg/L,Enterococcus faecalis
vancomycin,Susceptible,Laboratory Method,1351.434,Enterococcus faecalis strain ST55:13,Broth dilution,CLSI,1351,==2,mg/L,Enterococcus faecalis
tetracycline,Resistant,Laboratory Method,1351.434,Enterococcus faecalis strain ST55:13,Broth dilution,CLSI,1351,==128,mg/L,Enterococcus faecalis
ciprofloxacin,Resistant,Laboratory Method,1351.434,Enterococcus faecalis strain ST55:13,Broth dilution,CLSI,1351,>16,mg/L,Enterococcus faecalis
ampicillin,Susceptible,Laboratory Method,1351.434,Enterococcus faecalis strain ST55:13,Broth dilution,CLSI,1351,==2,mg/L,Enterococcus faecalis
erythromycin,Susceptible,Laboratory Method,1351.434,Enterococcus faecalis strain ST55:13,Broth dilution,CLSI,1351,==0.25,mg/L,Enterococcus faecalis
daptomycin,Susceptible,Laboratory Method,1351.434,Enterococcus faecalis strain ST55:13,Broth dilution,CLSI,1351,==1,mg/L,Enterococcus faecalis
neomycin,Resistant,Laboratory Method,1351.434,Enterococcus faecalis strain ST55:13,Broth dilution,CLSI,1351,==128,mg/L,Enterococcus faecalis
linezolid,Susceptible,Laboratory Method,1351.435,Enterococcus faecalis strain ST4:1,Broth dilution,CLSI,1351,==2,mg/L,Enterococcus faecalis
vancomycin,Susceptible,Laboratory Method,1351.435,Enterococcus faecalis strain ST4:1,Broth dilution,CLSI,1351,==1,mg/L,Enterococcus faecalis
chloramphenicol,Resistant,Laboratory Method,1351.435,Enterococcus faecalis strain ST4:1,Broth dilution,CLSI,1351,==64,mg/L,Enterococcus faecalis
daptomycin,Susceptible,Laboratory Method,1351.435,Enterococcus faecalis strain ST4:1,Broth dilution,CLSI,1351,==2,mg/L,Enterococcus faecalis
tetracycline,Resistant,Laboratory Method,1351.435,Enterococcus faecalis strain ST4:1,Broth dilution,CLSI,1351,==128,mg/L,Enterococcus faecalis
streptomycin,Resistant,Laboratory Method,1351.435,Enterococcus faecalis strain ST4:1,Broth dilution,CLSI,1351,>512,mg/L,Enterococcus faecalis
ampicillin,Susceptible,Laboratory Method,1351.435,Enterococcus faecalis strain ST4:1,Broth dilution,CLSI,1351,==2,mg/L,Enterococcus faecalis
amoxicillin/clavulanic acid,Susceptible,Laboratory Method,1351.435,Enterococcus faecalis strain ST4:1,Disk diffusion,CLSI,1351,==25,mm,Enterococcus faecalis
erythromycin,Resistant,Laboratory Method,1351.435,Enterococcus faecalis strain ST4:1,Broth dilution,CLSI,1351,>64,mg/L,Enterococcus faecalis
trimethoprim/sulfamethoxazole,Resistant,Laboratory Method,1351.435,Enterococcus faecalis strain ST4:1,Disk diffusion,CLSI,1351,<6,mm,Enterococcus faecalis
ciprofloxacin,Resistant,Laboratory Method,1351.435,Enterococcus faecalis strain ST4:1,Broth dilution,CLSI,1351,>16,mg/L,Enterococcus faecalis
gentamicin,Resistant,Laboratory Method,1351.435,Enterococcus faecalis strain ST4:1,Broth dilution,CLSI,1351,>512,mg/L,Enterococcus faecalis
neomycin,Resistant,Laboratory Method,1351.435,Enterococcus faecalis strain ST4:1,Broth dilution,CLSI,1351,==128,mg/L,Enterococcus faecalis
daptomycin,Susceptible,Laboratory Method,1351.436,Enterococcus faecalis strain ST4:12,Broth dilution,CLSI,1351,==1,mg/L,Enterococcus faecalis
streptomycin,Resistant,Laboratory Method,1351.436,Enterococcus faecalis strain ST4:12,Broth dilution,CLSI,1351,>512,mg/L,Enterococcus faecalis
tetracycline,Resistant,Laboratory Method,1351.436,Enterococcus faecalis strain ST4:12,Broth dilution,CLSI,1351,==64,mg/L,Enterococcus faecalis
erythromycin,Resistant,Laboratory Method,1351.436,Enterococcus faecalis strain ST4:12,Broth dilution,CLSI,1351,>64,mg/L,Enterococcus faecalis
ampicillin,Susceptible,Laboratory Method,1351.436,Enterococcus faecalis strain ST4:12,Broth dilution,CLSI,1351,==2,mg/L,Enterococcus faecalis
chloramphenicol,Resistant,Laboratory Method,1351.436,Enterococcus faecalis strain ST4:12,Broth dilution,CLSI,1351,==32,mg/L,Enterococcus faecalis
vancomycin,Susceptible,Laboratory Method,1351.436,Enterococcus faecalis strain ST4:12,Broth dilution,CLSI,1351,==2,mg/L,Enterococcus faecalis
linezolid,Susceptible,Laboratory Method,1351.436,Enterococcus faecalis strain ST4:12,Broth dilution,CLSI,1351,==2,mg/L,Enterococcus faecalis
amoxicillin/clavulanic acid,Susceptible,Laboratory Method,1351.436,Enterococcus faecalis strain ST4:12,Disk diffusion,CLSI,1351,==22,mm,Enterococcus faecalis
neomycin,Resistant,Laboratory Method,1351.436,Enterococcus faecalis strain ST4:12,Broth dilution,CLSI,1351,>512,mg/L,Enterococcus faecalis
ciprofloxacin,Resistant,Laboratory Method,1351.436,Enterococcus faecalis strain ST4:12,Broth dilution,CLSI,1351,==1,mg/L,Enterococcus faecalis
clarithromycin,Resistant,Laboratory Method,1496.1001,Peptoclostridium difficile strain VL_0345,,,1496,,,Clostridioides difficile
clindamycin,Susceptible,Laboratory Method,1496.1001,Peptoclostridium difficile strain VL_0345,,,1496,,,Clostridioides difficile
moxifloxacin,Resistant,Laboratory Method,1496.1001,Peptoclostridium difficile strain VL_0345,,,1496,,,Clostridioides difficile
ceftriaxone,Resistant,Laboratory Method,1496.1001,Peptoclostridium difficile strain VL_0345,,,1496,,,Clostridioides difficile
azithromycin,Resistant,Laboratory Method,1496.1001,Peptoclostridium difficile strain VL_0345,,,1496,,,Clostridioides difficile
ceftriaxone,Resistant,Laboratory Method,1496.1002,Peptoclostridium difficile strain VL_0420,,,1496,,,Clostridioides difficile
clindamycin,Susceptible,Laboratory Method,1496.1002,Peptoclostridium difficile strain VL_0420,,,1496,,,Clostridioides difficile
clarithromycin,Resistant,Laboratory Method,1496.1002,Peptoclostridium difficile strain VL_0420,,,1496,,,Clostridioides difficile
moxifloxacin,Resistant,Laboratory Method,1496.1002,Peptoclostridium difficile strain VL_0420,,,1496,,,Clostridioides difficile
azithromycin,Resistant,Laboratory Method,1496.1002,Peptoclostridium difficile strain VL_0420,,,1496,,,Clostridioides difficile
clarithromycin,Resistant,Laboratory Method,1496.1003,Peptoclostridium difficile strain VL_0421,,,1496,,,Clostridioides difficile
clindamycin,Susceptible,Laboratory Method,1496.1003,Peptoclostridium difficile strain VL_0421,,,1496,,,Clostridioides difficile
azithromycin,Resistant,Laboratory Method,1496.1003,Peptoclostridium difficile strain VL_0421,,,1496,,,Clostridioides difficile
moxifloxacin,Resistant,Laboratory Method,1496.1003,Peptoclostridium difficile strain VL_0421,,,1496,,,Clostridioides difficile
ceftriaxone,Resistant,Laboratory Method,1496.1003,Peptoclostridium difficile strain VL_0421,,,1496,,,Clostridioides difficile
azithromycin,Susceptible,Laboratory Method,1496.1007,Peptoclostridium difficile strain VL_0039,,,1496,,,Clostridioides difficile
clindamycin,Susceptible,Laboratory Method,1496.1007,Peptoclostridium difficile strain VL_0039,,,1496,,,Clostridioides difficile
clarithromycin,Susceptible,Laboratory Method,1496.1007,Peptoclostridium difficile strain VL_0039,,,1496,,,Clostridioides difficile
moxifloxacin,Susceptible,Laboratory Method,1496.1007,Peptoclostridium difficile strain VL_0039,,,1496,,,Clostridioides difficile
ceftriaxone,Susceptible,Laboratory Method,1496.1007,Peptoclostridium difficile strain VL_0039,,,1496,,,Clostridioides difficile
moxifloxacin,Resistant,Laboratory Method,1496.1014,Peptoclostridium difficile strain VL_0060,,,1496,,,Clostridioides difficile
clarithromycin,Resistant,Laboratory Method,1496.1014,Peptoclostridium difficile strain VL_0060,,,1496,,,Clostridioides difficile
azithromycin,Resistant,Laboratory Method,1496.1014,Peptoclostridium difficile strain VL_0060,,,1496,,,Clostridioides difficile
clindamycin,Resistant,Laboratory Method,1496.1014,Peptoclostridium difficile strain VL_0060,,,1496,,,Clostridioides difficile
ceftriaxone,Resistant,Laboratory Method,1496.1014,Peptoclostridium difficile strain VL_0060,,,1496,,,Clostridioides difficile
azithromycin,Resistant,Laboratory Method,1496.1015,Peptoclostridium difficile strain VL_0061,,,1496,,,Clostridioides difficile
clarithromycin,Resistant,Laboratory Method,1496.1015,Peptoclostridium difficile strain VL_0061,,,1496,,,Clostridioides difficile
ceftriaxone,Resistant,Laboratory Method,1496.1015,Peptoclostridium difficile strain VL_0061,,,1496,,,Clostridioides difficile
moxifloxacin,Resistant,Laboratory Method,1496.1015,Peptoclostridium difficile strain VL_0061,,,1496,,,Clostridioides difficile
clindamycin,Susceptible,Laboratory Method,1496.1015,Peptoclostridium difficile strain VL_0061,,,1496,,,Clostridioides difficile
clarithromycin,Resistant,Laboratory Method,1496.1020,Peptoclostridium difficile strain VL_0193,,,1496,,,Clostridioides difficile
clindamycin,Susceptible,Laboratory Method,1496.1020,Peptoclostridium difficile strain VL_0193,,,1496,,,Clostridioides difficile
ceftriaxone,Resistant,Laboratory Method,1496.1020,Peptoclostridium difficile strain VL_0193,,,1496,,,Clostridioides difficile
azithromycin,Resistant,Laboratory Method,1496.1020,Peptoclostridium difficile strain VL_0193,,,1496,,,Clostridioides difficile
moxifloxacin,Resistant,Laboratory Method,1496.1020,Peptoclostridium difficile strain VL_0193,,,1496,,,Clostridioides difficile
azithromycin,Resistant,Laboratory Method,1496.1023,Peptoclostridium difficile strain VL_0419,,,1496,,,Clostridioides difficile
clindamycin,Resistant,Laboratory Method,1496.1023,Peptoclostridium difficile strain VL_0419,,,1496,,,Clostridioides difficile
clarithromycin,Resistant,Laboratory Method,1496.1023,Peptoclostridium difficile strain VL_0419,,,1496,,,Clostridioides difficile
ceftriaxone,Resistant,Laboratory Method,1496.1023,Peptoclostridium difficile strain VL_0419,,,1496,,,Clostridioides difficile
moxifloxacin,Susceptible,Laboratory Method,1496.1023,Peptoclostridium difficile strain VL_0419,,,1496,,,Clostridioides difficile
azithromycin,Susceptible,Laboratory Method,1496.1024,Peptoclostridium difficile strain VL_0031,,,1496,,,Clostridioides difficile
moxifloxacin,Susceptible,Laboratory Method,1496.1024,Peptoclostridium difficile strain VL_0031,,,1496,,,Clostridioides difficile
clindamycin,Susceptible,Laboratory Method,1496.1024,Peptoclostridium difficile strain VL_0031,,,1496,,,Clostridioides difficile
ceftriaxone,Susceptible,Laboratory Method,1496.1024,Peptoclostridium difficile strain VL_0031,,,1496,,,Clostridioides difficile
clarithromycin,Susceptible,Laboratory Method,1496.1024,Peptoclostridium difficile strain VL_0031,,,1496,,,Clostridioides difficile
ceftriaxone,Susceptible,Laboratory Method,1496.1025,Peptoclostridium difficile strain VL_0048,,,1496,,,Clostridioides difficile
clindamycin,Susceptible,Laboratory Method,1496.1025,Peptoclostridium difficile strain VL_0048,,,1496,,,Clostridioides difficile
clarithromycin,Susceptible,Laboratory Method,1496.1025,Peptoclostridium difficile strain VL_0048,,,1496,,,Clostridioides difficile
azithromycin,Susceptible,Laboratory Method,1496.1025,Peptoclostridium difficile strain VL_0048,,,1496,,,Clostridioides difficile
moxifloxacin,Susceptible,Laboratory Method,1496.1025,Peptoclostridium difficile strain VL_0048,,,1496,,,Clostridioides difficile
moxifloxacin,Susceptible,Laboratory Method,1496.1028,Peptoclostridium difficile strain VL_0065,,,1496,,,Clostridioides difficile
clarithromycin,Susceptible,Laboratory Method,1496.1028,Peptoclostridium difficile strain VL_0065,,,1496,,,Clostridioides difficile
ceftriaxone,Susceptible,Laboratory Method,1496.1028,Peptoclostridium difficile strain VL_0065,,,1496,,,Clostridioides difficile
clindamycin,Susceptible,Laboratory Method,1496.1028,Peptoclostridium difficile strain VL_0065,,,1496,,,Clostridioides difficile
azithromycin,Susceptible,Laboratory Method,1496.1028,Peptoclostridium difficile strain VL_0065,,,1496,,,Clostridioides difficile
azithromycin,Resistant,Laboratory Method,1496.1029,Peptoclostridium difficile strain VL_0068,,,1496,,,Clostridioides difficile
clarithromycin,Resistant,Laboratory Method,1496.1029,Peptoclostridium difficile strain VL_0068,,,1496,,,Clostridioides difficile
ceftriaxone,Resistant,Laboratory Method,1496.1029,Peptoclostridium difficile strain VL_0068,,,1496,,,Clostridioides difficile
clindamycin,Resistant,Laboratory Method,1496.1029,Peptoclostridium difficile strain VL_0068,,,1496,,,Clostridioides difficile
moxifloxacin,Susceptible,Laboratory Method,1496.1029,Peptoclostridium difficile strain VL_0068,,,1496,,,Clostridioides difficile
azithromycin,Resistant,Laboratory Method,1496.1030,Peptoclostridium difficile strain VL_0069,,,1496,,,Clostridioides difficile
moxifloxacin,Resistant,Laboratory Method,1496.1030,Peptoclostridium difficile strain VL_0069,,,1496,,,Clostridioides difficile
ceftriaxone,Resistant,Laboratory Method,1496.1030,Peptoclostridium difficile strain VL_0069,,,1496,,,Clostridioides difficile
clarithromycin,Resistant,Laboratory Method,1496.1030,Peptoclostridium difficile strain VL_0069,,,1496,,,Clostridioides difficile
clindamycin,Resistant,Laboratory Method,1496.1030,Peptoclostridium difficile strain VL_0069,,,1496,,,Clostridioides difficile
moxifloxacin,Resistant,Laboratory Method,1496.1034,Peptoclostridium difficile strain VL_0081,,,1496,,,Clostridioides difficile
clindamycin,Susceptible,Laboratory Method,1496.1034,Peptoclostridium difficile strain VL_0081,,,1496,,,Clostridioides difficile
clarithromycin,Resistant,Laboratory Method,1496.1034,Peptoclostridium difficile strain VL_0081,,,1496,,,Clostridioides difficile
ceftriaxone,Resistant,Laboratory Method,1496.1034,Peptoclostridium difficile strain VL_0081,,,1496,,,Clostridioides difficile
azithromycin,Resistant,Laboratory Method,1496.1034,Peptoclostridium difficile strain VL_0081,,,1496,,,Clostridioides difficile
moxifloxacin,Resistant,Laboratory Method,1496.1035,Peptoclostridium difficile strain VL_0082,,,1496,,,Clostridioides difficile
azithromycin,Resistant,Laboratory Method,1496.1035,Peptoclostridium difficile strain VL_0082,,,1496,,,Clostridioides difficile
clarithromycin,Resistant,Laboratory Method,1496.1035,Peptoclostridium difficile strain VL_0082,,,1496,,,Clostridioides difficile
ceftriaxone,Resistant,Laboratory Method,1496.1035,Peptoclostridium difficile strain VL_0082,,,1496,,,Clostridioides difficile
clindamycin,Susceptible,Laboratory Method,1496.1035,Peptoclostridium difficile strain VL_0082,,,1496,,,Clostridioides difficile
clindamycin,Susceptible,Laboratory Method,1496.1036,Peptoclostridium difficile strain VL_0083,,,1496,,,Clostridioides difficile
moxifloxacin,Resistant,Laboratory Method,1496.1036,Peptoclostridium difficile strain VL_0083,,,1496,,,Clostridioides difficile
azithromycin,Resistant,Laboratory Method,1496.1036,Peptoclostridium difficile strain VL_0083,,,1496,,,Clostridioides difficile
clarithromycin,Resistant,Laboratory Method,1496.1036,Peptoclostridium difficile strain VL_0083,,,1496,,,Clostridioides difficile
ceftriaxone,Susceptible,Laboratory Method,1496.1036,Peptoclostridium difficile strain VL_0083,,,1496,,,Clostridioides difficile
azithromycin,Resistant,Laboratory Method,1496.1038,Peptoclostridium difficile strain VL_0090,,,1496,,,Clostridioides difficile
clarithromycin,Resistant,Laboratory Method,1496.1038,Peptoclostridium difficile strain VL_0090,,,1496,,,Clostridioides difficile
clindamycin,Susceptible,Laboratory Method,1496.1038,Peptoclostridium difficile strain VL_0090,,,1496,,,Clostridioides difficile
moxifloxacin,Resistant,Laboratory Method,1496.1038,Peptoclostridium difficile strain VL_0090,,,1496,,,Clostridioides difficile
ceftriaxone,Resistant,Laboratory Method,1496.1038,Peptoclostridium difficile strain VL_0090,,,1496,,,Clostridioides difficile
ceftriaxone,Resistant,Laboratory Method,1496.1039,Peptoclostridium difficile strain VL_0092,,,1496,,,Clostridioides difficile
clarithromycin,Resistant,Laboratory Method,1496.1039,Peptoclostridium difficile strain VL_0092,,,1496,,,Clostridioides difficile
clindamycin,Susceptible,Laboratory Method,1496.1039,Peptoclostridium difficile strain VL_0092,,,1496,,,Clostridioides difficile
moxifloxacin,Resistant,Laboratory Method,1496.1039,Peptoclostridium difficile strain VL_0092,,,1496,,,Clostridioides difficile
azithromycin,Resistant,Laboratory Method,1496.1039,Peptoclostridium difficile strain VL_0092,,,1496,,,Clostridioides difficile
moxifloxacin,Susceptible,Laboratory Method,1496.1040,Peptoclostridium difficile strain VL_0095,,,1496,,,Clostridioides difficile
ceftriaxone,Susceptible,Laboratory Method,1496.1040,Peptoclostridium difficile strain VL_0095,,,1496,,,Clostridioides difficile
azithromycin,Susceptible,Laboratory Method,1496.1040,Peptoclostridium difficile strain VL_0095,,,1496,,,Clostridioides difficile
clarithromycin,Susceptible,Laboratory Method,1496.1040,Peptoclostridium difficile strain VL_0095,,,1496,,,Clostridioides difficile
clindamycin,Susceptible,Laboratory Method,1496.1040,Peptoclostridium difficile strain VL_0095,,,1496,,,Clostridioides difficile
ceftriaxone,Resistant,Laboratory Method,1496.1041,Peptoclostridium difficile strain VL_0099,,,1496,,,Clostridioides difficile
clindamycin,Susceptible,Laboratory Method,1496.1041,Peptoclostridium difficile strain VL_0099,,,1496,,,Clostridioides difficile
azithromycin,Resistant,Laboratory Method,1496.1041,Peptoclostridium difficile strain VL_0099,,,1496,,,Clostridioides difficile
clarithromycin,Resistant,Laboratory Method,1496.1041,Peptoclostridium difficile strain VL_0099,,,1496,,,Clostridioides difficile
moxifloxacin,Resistant,Laboratory Method,1496.1041,Peptoclostridium difficile strain VL_0099,,,1496,,,Clostridioides difficile
moxifloxacin,Resistant,Laboratory Method,1496.1043,Peptoclostridium difficile strain VL_0107,,,1496,,,Clostridioides difficile
azithromycin,Resistant,Laboratory Method,1496.1043,Peptoclostridium difficile strain VL_0107,,,1496,,,Clostridioides difficile
clarithromycin,Resistant,Laboratory Method,1496.1043,Peptoclostridium difficile strain VL_0107,,,1496,,,Clostridioides difficile
ceftriaxone,Resistant,Laboratory Method,1496.1043,Peptoclostridium difficile strain VL_0107,,,1496,,,Clostridioides difficile
clindamycin,Susceptible,Laboratory Method,1496.1043,Peptoclostridium difficile strain VL_0107,,,1496,,,Clostridioides difficile
azithromycin,Resistant,Laboratory Method,1496.1046,Peptoclostridium difficile strain VL_0114,,,1496,,,Clostridioides difficile
clarithromycin,Resistant,Laboratory Method,1496.1046,Peptoclostridium difficile strain VL_0114,,,1496,,,Clostridioides difficile
ceftriaxone,Resistant,Laboratory Method,1496.1046,Peptoclostridium difficile strain VL_0114,,,1496,,,Clostridioides difficile
moxifloxacin,Resistant,Laboratory Method,1496.1046,Peptoclostridium difficile strain VL_0114,,,1496,,,Clostridioides difficile
clindamycin,Susceptible,Laboratory Method,1496.1046,Peptoclostridium difficile strain VL_0114,,,1496,,,Clostridioides difficile
moxifloxacin,Resistant,Laboratory Method,1496.1049,Peptoclostridium difficile strain VL_0118,,,1496,,,Clostridioides difficile
clindamycin,Susceptible,Laboratory Method,1496.1049,Peptoclostridium difficile strain VL_0118,,,1496,,,Clostridioides difficile
clarithromycin,Resistant,Laboratory Method,1496.1049,Peptoclostridium difficile strain VL_0118,,,1496,,,Clostridioides difficile
ceftriaxone,Resistant,Laboratory Method,1496.1049,Peptoclostridium difficile strain VL_0118,,,1496,,,Clostridioides difficile
azithromycin,Resistant,Laboratory Method,1496.1049,Peptoclostridium difficile strain VL_0118,,,1496,,,Clostridioides difficile
moxifloxacin,Resistant,Laboratory Method,1496.1050,Peptoclostridium difficile strain VL_0119,,,1496,,,Clostridioides difficile
clindamycin,Susceptible,Laboratory Method,1496.1050,Peptoclostridium difficile strain VL_0119,,,1496,,,Clostridioides difficile
ceftriaxone,Resistant,Laboratory Method,1496.1050,Peptoclostridium difficile strain VL_0119,,,1496,,,Clostridioides difficile
azithromycin,Resistant,Laboratory Method,1496.1050,Peptoclostridium difficile strain VL_0119,,,1496,,,Clostridioides difficile
clarithromycin,Resistant,Laboratory Method,1496.1050,Peptoclostridium difficile strain VL_0119,,,1496,,,Clostridioides difficile
clarithromycin,Resistant,Laboratory Method,1496.1051,Peptoclostridium difficile strain VL_0120,,,1496,,,Clostridioides difficile
moxifloxacin,Resistant,Laboratory Method,1496.1051,Peptoclostridium difficile strain VL_0120,,,1496,,,Clostridioides difficile
clindamycin,Susceptible,Laboratory Method,1496.1051,Peptoclostridium difficile strain VL_0120,,,1496,,,Clostridioides difficile
ceftriaxone,Resistant,Laboratory Method,1496.1051,Peptoclostridium difficile strain VL_0120,,,1496,,,Clostridioides difficile
azithromycin,Resistant,Laboratory Method,1496.1051,Peptoclostridium difficile strain VL_0120,,,1496,,,Clostridioides difficile
azithromycin,Resistant,Laboratory Method,1496.1054,Peptoclostridium difficile strain VL_0142,,,1496,,,Clostridioides difficile
clindamycin,Susceptible,Laboratory Method,1496.1054,Peptoclostridium difficile strain VL_0142,,,1496,,,Clostridioides difficile
clarithromycin,Resistant,Laboratory Method,1496.1054,Peptoclostridium difficile strain VL_0142,,,1496,,,Clostridioides difficile
moxifloxacin,Resistant,Laboratory Method,1496.1054,Peptoclostridium difficile strain VL_0142,,,1496,,,Clostridioides difficile
ceftriaxone,Resistant,Laboratory Method,1496.1054,Peptoclostridium difficile strain VL_0142,,,1496,,,Clostridioides difficile
ceftriaxone,Resistant,Laboratory Method,1496.1056,Peptoclostridium difficile strain VL_0152,,,1496,,,Clostridioides difficile
azithromycin,Susceptible,Laboratory Method,1496.1056,Peptoclostridium difficile strain VL_0152,,,1496,,,Clostridioides difficile
clindamycin,Susceptible,Laboratory Method,1496.1056,Peptoclostridium difficile strain VL_0152,,,1496,,,Clostridioides difficile
moxifloxacin,Susceptible,Laboratory Method,1496.1056,Peptoclostridium difficile strain VL_0152,,,1496,,,Clostridioides difficile
clarithromycin,Susceptible,Laboratory Method,1496.1056,Peptoclostridium difficile strain VL_0152,,,1496,,,Clostridioides difficile
azithromycin,Susceptible,Laboratory Method,1496.1059,Peptoclostridium difficile strain VL_0159,,,1496,,,Clostridioides difficile
clindamycin,Susceptible,Laboratory Method,1496.1059,Peptoclostridium difficile strain VL_0159,,,1496,,,Clostridioides difficile
clarithromycin,Susceptible,Laboratory Method,1496.1059,Peptoclostridium difficile strain VL_0159,,,1496,,,Clostridioides difficile
ceftriaxone,Susceptible,Laboratory Method,1496.1059,Peptoclostridium difficile strain VL_0159,,,1496,,,Clostridioides difficile
moxifloxacin,Resistant,Laboratory Method,1496.1059,Peptoclostridium difficile strain VL_0159,,,1496,,,Clostridioides difficile
clindamycin,Susceptible,Laboratory Method,1496.1060,Peptoclostridium difficile strain VL_0158,,,1496,,,Clostridioides difficile
azithromycin,Resistant,Laboratory Method,1496.1060,Peptoclostridium difficile strain VL_0158,,,1496,,,Clostridioides difficile
moxifloxacin,Resistant,Laboratory Method,1496.1060,Peptoclostridium difficile strain VL_0158,,,1496,,,Clostridioides difficile
ceftriaxone,Resistant,Laboratory Method,1496.1060,Peptoclostridium difficile strain VL_0158,,,1496,,,Clostridioides difficile
clarithromycin,Resistant,Laboratory Method,1496.1060,Peptoclostridium difficile strain VL_0158,,,1496,,,Clostridioides difficile
moxifloxacin,Resistant,Laboratory Method,1496.1063,Peptoclostridium difficile strain VL_0171,,,1496,,,Clostridioides difficile
clarithromycin,Resistant,Laboratory Method,1496.1063,Peptoclostridium difficile strain VL_0171,,,1496,,,Clostridioides difficile
clindamycin,Susceptible,Laboratory Method,1496.1063,Peptoclostridium difficile strain VL_0171,,,1496,,,Clostridioides difficile
azithromycin,Resistant,Laboratory Method,1496.1063,Peptoclostridium difficile strain VL_0171,,,1496,,,Clostridioides difficile
ceftriaxone,Resistant,Laboratory Method,1496.1063,Peptoclostridium difficile strain VL_0171,,,1496,,,Clostridioides difficile
clindamycin,Susceptible,Laboratory Method,1496.1065,Peptoclostridium difficile strain VL_0352,,,1496,,,Clostridioides difficile
ceftriaxone,Susceptible,Laboratory Method,1496.1065,Peptoclostridium difficile strain VL_0352,,,1496,,,Clostridioides difficile
clarithromycin,Susceptible,Laboratory Method,1496.1065,Peptoclostridium difficile strain VL_0352,,,1496,,,Clostridioides difficile
moxifloxacin,Susceptible,Laboratory Method,1496.1065,Peptoclostridium difficile strain VL_0352,,,1496,,,Clostridioides difficile
azithromycin,Susceptible,Laboratory Method,1496.1065,Peptoclostridium difficile strain VL_0352,,,1496,,,Clostridioides difficile
azithromycin,Resistant,Laboratory Method,1496.1066,Peptoclostridium difficile strain VL_0407,,,1496,,,Clostridioides difficile
clarithromycin,Resistant,Laboratory Method,1496.1066,Peptoclostridium difficile strain VL_0407,,,1496,,,Clostridioides difficile
moxifloxacin,Resistant,Laboratory Method,1496.1066,Peptoclostridium difficile strain VL_0407,,,1496,,,Clostridioides difficile
clindamycin,Susceptible,Laboratory Method,1496.1066,Peptoclostridium difficile strain VL_0407,,,1496,,,Clostridioides difficile
ceftriaxone,Resistant,Laboratory Method,1496.1066,Peptoclostridium difficile strain VL_0407,,,1496,,,Clostridioides difficile
clarithromycin,Resistant,Laboratory Method,1496.1067,Peptoclostridium difficile strain VL_0054,,,1496,,,Clostridioides difficile
ceftriaxone,Resistant,Laboratory Method,1496.1067,Peptoclostridium difficile strain VL_0054,,,1496,,,Clostridioides difficile
azithromycin,Resistant,Laboratory Method,1496.1067,Peptoclostridium difficile strain VL_0054,,,1496,,,Clostridioides difficile
clindamycin,Susceptible,Laboratory Method,1496.1067,Peptoclostridium difficile strain VL_0054,,,1496,,,Clostridioides difficile
moxifloxacin,Resistant,Laboratory Method,1496.1067,Peptoclostridium difficile strain VL_0054,,,1496,,,Clostridioides difficile
azithromycin,Susceptible,Laboratory Method,1496.1068,Peptoclostridium difficile strain VL_0059,,,1496,,,Clostridioides difficile
moxifloxacin,Susceptible,Laboratory Method,1496.1068,Peptoclostridium difficile strain VL_0059,,,1496,,,Clostridioides difficile
clindamycin,Susceptible,Laboratory Method,1496.1068,Peptoclostridium difficile strain VL_0059,,,1496,,,Clostridioides difficile
clarithromycin,Susceptible,Laboratory Method,1496.1068,Peptoclostridium difficile strain VL_0059,,,1496,,,Clostridioides difficile
ceftriaxone,Susceptible,Laboratory Method,1496.1068,Peptoclostridium difficile strain VL_0059,,,1496,,,Clostridioides difficile
azithromycin,Resistant,Laboratory Method,1496.1069,Peptoclostridium difficile strain VL_0066,,,1496,,,Clostridioides difficile
clindamycin,Susceptible,Laboratory Method,1496.1069,Peptoclostridium difficile strain VL_0066,,,1496,,,Clostridioides difficile
clarithromycin,Resistant,Laboratory Method,1496.1069,Peptoclostridium difficile strain VL_0066,,,1496,,,Clostridioides difficile
ceftriaxone,Resistant,Laboratory Method,1496.1069,Peptoclostridium difficile strain VL_0066,,,1496,,,Clostridioides difficile
moxifloxacin,Resistant,Laboratory Method,1496.1069,Peptoclostridium difficile strain VL_0066,,,1496,,,Clostridioides difficile
clarithromycin,Resistant,Laboratory Method,1496.1070,Peptoclostridium difficile strain VL_0162,,,1496,,,Clostridioides difficile
clindamycin,Susceptible,Laboratory Method,1496.1070,Peptoclostridium difficile strain VL_0162,,,1496,,,Clostridioides difficile
moxifloxacin,Resistant,Laboratory Method,1496.1070,Peptoclostridium difficile strain VL_0162,,,1496,,,Clostridioides difficile
azithromycin,Resistant,Laboratory Method,1496.1070,Peptoclostridium difficile strain VL_0162,,,1496,,,Clostridioides difficile
ceftriaxone,Resistant,Laboratory Method,1496.1070,Peptoclostridium difficile strain VL_0162,,,1496,,,Clostridioides difficile
azithromycin,Resistant,Laboratory Method,1496.1071,Peptoclostridium difficile strain VL_0222,,,1496,,,Clostridioides difficile
moxifloxacin,Resistant,Laboratory Method,1496.1071,Peptoclostridium difficile strain VL_0222,,,1496,,,Clostridioides difficile
clindamycin,Susceptible,Laboratory Method,1496.1071,Peptoclostridium difficile strain VL_0222,,,1496,,,Clostridioides difficile
ceftriaxone,Resistant,Laboratory Method,1496.1071,Peptoclostridium difficile strain VL_0222,,,1496,,,Clostridioides difficile
clarithromycin,Resistant,Laboratory Method,1496.1071,Peptoclostridium difficile strain VL_0222,,,1496,,,Clostridioides difficile
clarithromycin,Resistant,Laboratory Method,1496.1072,Peptoclostridium difficile strain VL_0240,,,1496,,,Clostridioides difficile
azithromycin,Resistant,Laboratory Method,1496.1072,Peptoclostridium difficile strain VL_0240,,,1496,,,Clostridioides difficile
clindamycin,Susceptible,Laboratory Method,1496.1072,Peptoclostridium difficile strain VL_0240,,,1496,,,Clostridioides difficile
moxifloxacin,Resistant,Laboratory Method,1496.1072,Peptoclostridium difficile strain VL_0240,,,1496,,,Clostridioides difficile
ceftriaxone,Resistant,Laboratory Method,1496.1072,Peptoclostridium difficile strain VL_0240,,,1496,,,Clostridioides difficile
clindamycin,Susceptible,Laboratory Method,1496.1074,Peptoclostridium difficile strain VL_0370,,,1496,,,Clostridioides difficile
moxifloxacin,Resistant,Laboratory Method,1496.1074,Peptoclostridium difficile strain VL_0370,,,1496,,,Clostridioides difficile
azithromycin,Resistant,Laboratory Method,1496.1074,Peptoclostridium difficile strain VL_0370,,,1496,,,Clostridioides difficile
ceftriaxone,Resistant,Laboratory Method,1496.1074,Peptoclostridium difficile strain VL_0370,,,1496,,,Clostridioides difficile
clarithromycin,Resistant,Laboratory Method,1496.1074,Peptoclostridium difficile strain VL_0370,,,1496,,,Clostridioides difficile
moxifloxacin,Resistant,Laboratory Method,1496.1077,Peptoclostridium difficile strain VL_0137,,,1496,,,Clostridioides difficile
clindamycin,Resistant,Laboratory Method,1496.1077,Peptoclostridium difficile strain VL_0137,,,1496,,,Clostridioides difficile
ceftriaxone,Resistant,Laboratory Method,1496.1077,Peptoclostridium difficile strain VL_0137,,,1496,,,Clostridioides difficile
clarithromycin,Resistant,Laboratory Method,1496.1077,Peptoclostridium difficile strain VL_0137,,,1496,,,Clostridioides difficile
azithromycin,Resistant,Laboratory Method,1496.1077,Peptoclostridium difficile strain VL_0137,,,1496,,,Clostridioides difficile
